Dossier;Naam;Voornaam;Geboortedatum;Overlijdensdatum;Polis;Domein - Omschrijving;Polistype - Omschrijving;Product Template Name;Product Template ID;E-mail;Maatschappij;Natuurlijk/Rechtsp - Omschrijving
3/00;Smeets;Luc;22/04/1968;;1065811;Leven en belegging;Individueel Leven Klassiek (Tak 21);Leven en belegging Individueel Leven Klassiek (Tak 21) BALOISE INSURANCE;Leven en belegging Individueel Leven Klassiek (Tak 21) BALOISE INSURANCE;luc.smeets@qollabi.com;BALOISE INSURANCE;Natuurlijk persoon
4/00;Vander Auwera;Maria Simonne;15/07/1936;;1067173;Rechtsbijstand;Algemene rechtsbijstand (multi objecttype);Rechtsbijstand Algemene rechtsbijstand (multi objecttype) DAS;Rechtsbijstand Algemene rechtsbijstand (multi objecttype) DAS;mariasimonne.vanderauwera@qollabi.com;DAS;Natuurlijk persoon
4/00;Vander Auwera;Maria Simonne;15/07/1936;;1744888;Brand eenvoudige risico's;Brand ER - woonhuizen;Brand eenvoudige risico's Brand ER - woonhuizen AG INSURANCE;Brand eenvoudige risico's Brand ER - woonhuizen AG INSURANCE;mariasimonne.vanderauwera@qollabi.com;AG INSURANCE;Natuurlijk persoon
4/00;Vander Auwera;Maria Simonne;15/07/1936;;F1002404;BA particulieren;BA Privéleven;BA particulieren BA Privéleven AG INSURANCE;BA particulieren BA Privéleven AG INSURANCE;mariasimonne.vanderauwera@qollabi.com;AG INSURANCE;Natuurlijk persoon
4/00;Vander Auwera;Maria Simonne;15/07/1936;;SCA007125268;Auto;Toerisme en Zaken, gemengd gebruik;Auto Toerisme en Zaken, gemengd gebruik ALLIANZ;Auto Toerisme en Zaken, gemengd gebruik ALLIANZ;mariasimonne.vanderauwera@qollabi.com;ALLIANZ;Natuurlijk persoon
8/00;Jacobs;Luc;09/09/1963;;808060;Rechtsbijstand;Algemene rechtsbijstand (multi objecttype);Rechtsbijstand Algemene rechtsbijstand (multi objecttype) DAS;Rechtsbijstand Algemene rechtsbijstand (multi objecttype) DAS;luc.jacobs@qollabi.com;DAS;Natuurlijk persoon
8/00;Jacobs;Luc;09/09/1963;;602484245;Auto;Toerisme en Zaken, gemengd gebruik;Auto Toerisme en Zaken, gemengd gebruik AXA;Auto Toerisme en Zaken, gemengd gebruik AXA;luc.jacobs@qollabi.com;AXA;Natuurlijk persoon
8/00;Jacobs;Luc;09/09/1963;;7J71247;BA particulieren;BA Privéleven;BA particulieren BA Privéleven BALOISE INSURANCE;BA particulieren BA Privéleven BALOISE INSURANCE;luc.jacobs@qollabi.com;BALOISE INSURANCE;Natuurlijk persoon
8/00;Jacobs;Luc;09/09/1963;;802129932;Brand eenvoudige risico's;Brand ER - woonhuizen;Brand eenvoudige risico's Brand ER - woonhuizen AXA;Brand eenvoudige risico's Brand ER - woonhuizen AXA;luc.jacobs@qollabi.com;AXA;Natuurlijk persoon
9/00;Vander Auwera;Jozefina;24/08/1947;;982818;Rechtsbijstand;Algemene rechtsbijstand (multi objecttype);Rechtsbijstand Algemene rechtsbijstand (multi objecttype) DAS;Rechtsbijstand Algemene rechtsbijstand (multi objecttype) DAS;jozefina.vanderauwera@qollabi.com;DAS;Natuurlijk persoon
9/00;Vander Auwera;Jozefina;24/08/1947;;220809031;Individueel;Hospitalisatie;Individueel Hospitalisatie DKV Belgium;Individueel Hospitalisatie DKV Belgium;jozefina.vanderauwera@qollabi.com;DKV Belgium;Natuurlijk persoon
9/00;Vander Auwera;Jozefina;24/08/1947;;502082083;BA particulieren;BA Privéleven;BA particulieren BA Privéleven AXA;BA particulieren BA Privéleven AXA;jozefina.vanderauwera@qollabi.com;AXA;Natuurlijk persoon
9/00;Vander Auwera;Jozefina;24/08/1947;;624309649;Auto;Toerisme en Zaken, gemengd gebruik;Auto Toerisme en Zaken, gemengd gebruik AXA;Auto Toerisme en Zaken, gemengd gebruik AXA;jozefina.vanderauwera@qollabi.com;AXA;Natuurlijk persoon
9/00;Vander Auwera;Jozefina;24/08/1947;;802180554;Brand eenvoudige risico's;Brand ER - woonhuizen;Brand eenvoudige risico's Brand ER - woonhuizen AXA;Brand eenvoudige risico's Brand ER - woonhuizen AXA;jozefina.vanderauwera@qollabi.com;AXA;Natuurlijk persoon
10/00;Aerts;Axel;29/05/1973;;004585279D;Leven en belegging;Individueel Leven Klassiek (Tak 21);Leven en belegging Individueel Leven Klassiek (Tak 21) NN INSURANCE BELGIUM;Leven en belegging Individueel Leven Klassiek (Tak 21) NN INSURANCE BELGIUM;;NN INSURANCE BELGIUM;Natuurlijk persoon
10/00;Aerts;Axel;29/05/1973;;3743974;Brand eenvoudige risico's;Brand ER - woonhuizen;Brand eenvoudige risico's Brand ER - woonhuizen BALOISE INSURANCE;Brand eenvoudige risico's Brand ER - woonhuizen BALOISE INSURANCE;;BALOISE INSURANCE;Natuurlijk persoon
10/00;Aerts;Axel;29/05/1973;;NCN400204934;BA particulieren;BA Privéleven;BA particulieren BA Privéleven ALLIANZ;BA particulieren BA Privéleven ALLIANZ;;ALLIANZ;Natuurlijk persoon
10/01;Smeets;Els;29/03/1974;;1032542;Rechtsbijstand;Algemene rechtsbijstand (multi objecttype);Rechtsbijstand Algemene rechtsbijstand (multi objecttype) DAS;Rechtsbijstand Algemene rechtsbijstand (multi objecttype) DAS;els.smeets@qollabi.com;DAS;Natuurlijk persoon
10/01;Smeets;Els;29/03/1974;;3959014;Brand eenvoudige risico's;Brand ER - woonhuizen;Brand eenvoudige risico's Brand ER - woonhuizen BALOISE INSURANCE;Brand eenvoudige risico's Brand ER - woonhuizen BALOISE INSURANCE;els.smeets@qollabi.com;BALOISE INSURANCE;Natuurlijk persoon
10/01;Smeets;Els;29/03/1974;;5127818;Leven en belegging;Individueel Leven Klassiek (Tak 21);Leven en belegging Individueel Leven Klassiek (Tak 21) Cardif;Leven en belegging Individueel Leven Klassiek (Tak 21) Cardif;els.smeets@qollabi.com;Cardif;Natuurlijk persoon
10/01;Smeets;Els;29/03/1974;;5U56532;Auto;Toerisme en Zaken, gemengd gebruik;Auto Toerisme en Zaken, gemengd gebruik BALOISE INSURANCE;Auto Toerisme en Zaken, gemengd gebruik BALOISE INSURANCE;els.smeets@qollabi.com;BALOISE INSURANCE;Natuurlijk persoon
10/01;Smeets;Els;29/03/1974;;7261924;BA particulieren;BA Privéleven;BA particulieren BA Privéleven BALOISE INSURANCE;BA particulieren BA Privéleven BALOISE INSURANCE;els.smeets@qollabi.com;BALOISE INSURANCE;Natuurlijk persoon
14/00;Thijs;Stefan;12/05/1967;;1195362;Rechtsbijstand;Algemene rechtsbijstand (multi objecttype);Rechtsbijstand Algemene rechtsbijstand (multi objecttype) DAS;Rechtsbijstand Algemene rechtsbijstand (multi objecttype) DAS;stefan.thijs@qollabi.com;DAS;Natuurlijk persoon
14/00;Thijs;Stefan;12/05/1967;;5H79194;Auto;Toerisme en Zaken, gemengd gebruik;Auto Toerisme en Zaken, gemengd gebruik BALOISE INSURANCE;Auto Toerisme en Zaken, gemengd gebruik BALOISE INSURANCE;stefan.thijs@qollabi.com;BALOISE INSURANCE;Natuurlijk persoon
14/00;Thijs;Stefan;12/05/1967;;7088031;Individueel;Verkeer & Inzittenden;Individueel Verkeer & Inzittenden BALOISE INSURANCE;Individueel Verkeer & Inzittenden BALOISE INSURANCE;stefan.thijs@qollabi.com;BALOISE INSURANCE;Natuurlijk persoon
18/00;Renard;Filip;21/03/1962;;3D68965;Brand eenvoudige risico's;Brand ER - woonhuizen;Brand eenvoudige risico's Brand ER - woonhuizen BALOISE INSURANCE;Brand eenvoudige risico's Brand ER - woonhuizen BALOISE INSURANCE;filip.renard@qollabi.com;BALOISE INSURANCE;Natuurlijk persoon
18/00;Renard;Filip;21/03/1962;;64240963;BA particulieren;BA Privéleven;BA particulieren BA Privéleven AG INSURANCE;BA particulieren BA Privéleven AG INSURANCE;filip.renard@qollabi.com;AG INSURANCE;Natuurlijk persoon
18/00;Renard;Filip;21/03/1962;;64240987;Arbeidsongevallen en collectieve verzekeringen;AO huispersoneel;Arbeidsongevallen en collectieve verzekeringen AO huispersoneel AG INSURANCE;Arbeidsongevallen en collectieve verzekeringen AO huispersoneel AG INSURANCE;filip.renard@qollabi.com;AG INSURANCE;Natuurlijk persoon
18/00;Renard;Filip;21/03/1962;;7335687;Reis;Reisverzekeringen;Reis Reisverzekeringen ASSUDIS;Reis Reisverzekeringen ASSUDIS;filip.renard@qollabi.com;ASSUDIS;Natuurlijk persoon
18/02;Beta Partners;;;;1018341;Rechtsbijstand;Algemene rechtsbijstand (multi objecttype);Rechtsbijstand Algemene rechtsbijstand (multi objecttype) DAS;Rechtsbijstand Algemene rechtsbijstand (multi objecttype) DAS;filip.renard@qollabi.com;DAS;Rechtspersoon
18/02;Beta Partners;;;;208602271;Individueel;Hospitalisatie;Individueel Hospitalisatie DKV Belgium;Individueel Hospitalisatie DKV Belgium;filip.renard@qollabi.com;DKV Belgium;Rechtspersoon
18/02;Beta Partners;;;;27710669;Transport & marine;Verhuizingen;Transport & marine Verhuizingen BALOISE(ex-Fidea);Transport & marine Verhuizingen BALOISE(ex-Fidea);filip.renard@qollabi.com;BALOISE(ex-Fidea);Rechtspersoon
18/02;Beta Partners;;;;35594;Leven en belegging;Leven Collectief (Tak 21);Leven en belegging Leven Collectief (Tak 21) NN INSURANCE BELGIUM;Leven en belegging Leven Collectief (Tak 21) NN INSURANCE BELGIUM;filip.renard@qollabi.com;NN INSURANCE BELGIUM;Rechtspersoon
18/02;Beta Partners;;;;5848285;Auto;Toerisme en Zaken, gemengd gebruik;Auto Toerisme en Zaken, gemengd gebruik BALOISE INSURANCE;Auto Toerisme en Zaken, gemengd gebruik BALOISE INSURANCE;filip.renard@qollabi.com;BALOISE INSURANCE;Rechtspersoon
18/02;Beta Partners;;;;602503366;Auto;Vrachtwagens,V.E.R.(Vervoer Eigen Rek.);Auto Vrachtwagens,V.E.R.(Vervoer Eigen Rek.) AXA;Auto Vrachtwagens,V.E.R.(Vervoer Eigen Rek.) AXA;filip.renard@qollabi.com;AXA;Rechtspersoon
18/02;Beta Partners;;;;623666284;Auto;Toerisme en Zaken, gemengd gebruik;Auto Toerisme en Zaken, gemengd gebruik AXA;Auto Toerisme en Zaken, gemengd gebruik AXA;filip.renard@qollabi.com;AXA;Rechtspersoon
18/02;Beta Partners;;;;68000012386;Bijstand;Bijstand (CBFA 18);Bijstand Bijstand (CBFA 18) ALLIANZ  PARTNERS;Bijstand Bijstand (CBFA 18) ALLIANZ  PARTNERS;filip.renard@qollabi.com;ALLIANZ  PARTNERS;Rechtspersoon
18/02;Beta Partners;;;;705037104;Multi-takken;Multi-tak (Handel, kleine nijverheid, Manuele Beroepen);Multi-takken Multi-tak (Handel, kleine nijverheid, Manuele Beroepen) AXA;Multi-takken Multi-tak (Handel, kleine nijverheid, Manuele Beroepen) AXA;filip.renard@qollabi.com;AXA;Rechtspersoon
18/02;Beta Partners;;;;816657323;Brand eenvoudige risico's;Brand ER - woonhuizen;Brand eenvoudige risico's Brand ER - woonhuizen AXA;Brand eenvoudige risico's Brand ER - woonhuizen AXA;filip.renard@qollabi.com;AXA;Rechtspersoon
18/02;Beta Partners;;;;BCUD10905801;Leven en belegging;Individueel Leven i.v.m. Beleggingsfondsen (Tak 23);Leven en belegging Individueel Leven i.v.m. Beleggingsfondsen (Tak 23) ALLIANZ;Leven en belegging Individueel Leven i.v.m. Beleggingsfondsen (Tak 23) ALLIANZ;filip.renard@qollabi.com;ALLIANZ;Rechtspersoon
18/03;Helix Services;;;;2217941;Rechtsbijstand;Algemene rechtsbijstand (multi objecttype);Rechtsbijstand Algemene rechtsbijstand (multi objecttype) DAS;Rechtsbijstand Algemene rechtsbijstand (multi objecttype) DAS;filip.renard@qollabi.com;DAS;Rechtspersoon
18/03;Helix Services;;;;49411672;Brand eenvoudige risico's;Brand ER - woonhuizen;Brand eenvoudige risico's Brand ER - woonhuizen AG INSURANCE;Brand eenvoudige risico's Brand ER - woonhuizen AG INSURANCE;filip.renard@qollabi.com;AG INSURANCE;Rechtspersoon
18/03;Helix Services;;;;5W15429;Auto;Toerisme en Zaken, gemengd gebruik;Auto Toerisme en Zaken, gemengd gebruik BALOISE INSURANCE;Auto Toerisme en Zaken, gemengd gebruik BALOISE INSURANCE;filip.renard@qollabi.com;BALOISE INSURANCE;Rechtspersoon
18/03;Helix Services;;;;730599731;Multi-takken;Multi-tak (Handel, kleine nijverheid, Manuele Beroepen);Multi-takken Multi-tak (Handel, kleine nijverheid, Manuele Beroepen) AXA;Multi-takken Multi-tak (Handel, kleine nijverheid, Manuele Beroepen) AXA;filip.renard@qollabi.com;AXA;Rechtspersoon
18/03;Helix Services;;;;7L79560;Individueel;Verkeer & Inzittenden;Individueel Verkeer & Inzittenden BALOISE INSURANCE;Individueel Verkeer & Inzittenden BALOISE INSURANCE;filip.renard@qollabi.com;BALOISE INSURANCE;Rechtspersoon
25/00;De Wolf;Rudy;28/09/1959;;827970;Rechtsbijstand;Algemene rechtsbijstand (multi objecttype);Rechtsbijstand Algemene rechtsbijstand (multi objecttype) DAS;Rechtsbijstand Algemene rechtsbijstand (multi objecttype) DAS;rudy.dewolf@qollabi.com;DAS;Natuurlijk persoon
25/00;De Wolf;Rudy;28/09/1959;;207864501;Individueel;Hospitalisatie;Individueel Hospitalisatie DKV Belgium;Individueel Hospitalisatie DKV Belgium;rudy.dewolf@qollabi.com;DKV Belgium;Natuurlijk persoon
25/00;De Wolf;Rudy;28/09/1959;;2795084;Brand eenvoudige risico's;Brand ER - woonhuizen;Brand eenvoudige risico's Brand ER - woonhuizen BALOISE INSURANCE;Brand eenvoudige risico's Brand ER - woonhuizen BALOISE INSURANCE;rudy.dewolf@qollabi.com;BALOISE INSURANCE;Natuurlijk persoon
25/00;De Wolf;Rudy;28/09/1959;;7841137;BA particulieren;BA Privéleven;BA particulieren BA Privéleven BALOISE INSURANCE;BA particulieren BA Privéleven BALOISE INSURANCE;rudy.dewolf@qollabi.com;BALOISE INSURANCE;Natuurlijk persoon
25/00;De Wolf;Rudy;28/09/1959;;7M68787;Individueel;Verkeer & Inzittenden;Individueel Verkeer & Inzittenden BALOISE INSURANCE;Individueel Verkeer & Inzittenden BALOISE INSURANCE;rudy.dewolf@qollabi.com;BALOISE INSURANCE;Natuurlijk persoon
25/00;De Wolf;Rudy;28/09/1959;;8088278;Auto;Toerisme en Zaken, gemengd gebruik;Auto Toerisme en Zaken, gemengd gebruik BALOISE INSURANCE;Auto Toerisme en Zaken, gemengd gebruik BALOISE INSURANCE;rudy.dewolf@qollabi.com;BALOISE INSURANCE;Natuurlijk persoon
25/00;De Wolf;Rudy;28/09/1959;;8088312;Auto;Toerisme en Zaken, gemengd gebruik;Auto Toerisme en Zaken, gemengd gebruik BALOISE INSURANCE;Auto Toerisme en Zaken, gemengd gebruik BALOISE INSURANCE;rudy.dewolf@qollabi.com;BALOISE INSURANCE;Natuurlijk persoon
26/00;Lenaerts;Henri;02/08/1938;;1089290;Rechtsbijstand;Algemene rechtsbijstand (multi objecttype);Rechtsbijstand Algemene rechtsbijstand (multi objecttype) DAS;Rechtsbijstand Algemene rechtsbijstand (multi objecttype) DAS;henri.lenaerts@qollabi.com;DAS;Natuurlijk persoon
26/00;Lenaerts;Henri;02/08/1938;;2665567;Brand eenvoudige risico's;Brand ER - woonhuizen;Brand eenvoudige risico's Brand ER - woonhuizen BALOISE INSURANCE;Brand eenvoudige risico's Brand ER - woonhuizen BALOISE INSURANCE;henri.lenaerts@qollabi.com;BALOISE INSURANCE;Natuurlijk persoon
26/00;Lenaerts;Henri;02/08/1938;;5342731;Auto;Toerisme en Zaken, gemengd gebruik;Auto Toerisme en Zaken, gemengd gebruik BALOISE INSURANCE;Auto Toerisme en Zaken, gemengd gebruik BALOISE INSURANCE;henri.lenaerts@qollabi.com;BALOISE INSURANCE;Natuurlijk persoon
26/00;Lenaerts;Henri;02/08/1938;;7768141;Individueel;Verkeer & Inzittenden;Individueel Verkeer & Inzittenden BALOISE INSURANCE;Individueel Verkeer & Inzittenden BALOISE INSURANCE;henri.lenaerts@qollabi.com;BALOISE INSURANCE;Natuurlijk persoon
26/00;Lenaerts;Henri;02/08/1938;;7768869;BA particulieren;BA Privéleven;BA particulieren BA Privéleven BALOISE INSURANCE;BA particulieren BA Privéleven BALOISE INSURANCE;henri.lenaerts@qollabi.com;BALOISE INSURANCE;Natuurlijk persoon
27/00;Gillis;Nathalie;11/01/1979;;996542;Rechtsbijstand;Algemene rechtsbijstand (multi objecttype);Rechtsbijstand Algemene rechtsbijstand (multi objecttype) DAS;Rechtsbijstand Algemene rechtsbijstand (multi objecttype) DAS;nathalie.gillis@qollabi.com;DAS;Natuurlijk persoon
27/00;Gillis;Nathalie;11/01/1979;;11307176;Leven en belegging;Individueel Leven met vrije stortingen (Tak21-Universal Life;Leven en belegging Individueel Leven met vrije stortingen (Tak21-Universal Life AG INSURANCE;Leven en belegging Individueel Leven met vrije stortingen (Tak21-Universal Life AG INSURANCE;nathalie.gillis@qollabi.com;AG INSURANCE;Natuurlijk persoon
27/00;Gillis;Nathalie;11/01/1979;;11316714;Leven en belegging;Individueel Leven met vrije stortingen (Tak21-Universal Life;Leven en belegging Individueel Leven met vrije stortingen (Tak21-Universal Life AG INSURANCE;Leven en belegging Individueel Leven met vrije stortingen (Tak21-Universal Life AG INSURANCE;nathalie.gillis@qollabi.com;AG INSURANCE;Natuurlijk persoon
27/00;Gillis;Nathalie;11/01/1979;;71068944;Leven en belegging;Individueel Leven Klassiek (Tak 21);Leven en belegging Individueel Leven Klassiek (Tak 21) AG INSURANCE;Leven en belegging Individueel Leven Klassiek (Tak 21) AG INSURANCE;nathalie.gillis@qollabi.com;AG INSURANCE;Natuurlijk persoon
27/00;Gillis;Nathalie;11/01/1979;;7992990;BA particulieren;BA Privéleven;BA particulieren BA Privéleven BALOISE INSURANCE;BA particulieren BA Privéleven BALOISE INSURANCE;nathalie.gillis@qollabi.com;BALOISE INSURANCE;Natuurlijk persoon
27/01;De Cock;Didier;18/11/1987;;11831374;Leven en belegging;Individueel Leven met vrije stortingen (Tak21-Universal Life;Leven en belegging Individueel Leven met vrije stortingen (Tak21-Universal Life AG INSURANCE;Leven en belegging Individueel Leven met vrije stortingen (Tak21-Universal Life AG INSURANCE;nathalie.gillis@qollabi.com;AG INSURANCE;Natuurlijk persoon
27/01;De Cock;Didier;18/11/1987;;51995741;Brand eenvoudige risico's;Brand ER - woonhuizen;Brand eenvoudige risico's Brand ER - woonhuizen AG INSURANCE;Brand eenvoudige risico's Brand ER - woonhuizen AG INSURANCE;nathalie.gillis@qollabi.com;AG INSURANCE;Natuurlijk persoon
27/02;Omega Invest;;;;3639850026;Leven en belegging;Individueel Leven Klassiek (Tak 21);Leven en belegging Individueel Leven Klassiek (Tak 21) AG INSURANCE;Leven en belegging Individueel Leven Klassiek (Tak 21) AG INSURANCE;omegainvest@qollabi.com;AG INSURANCE;Rechtspersoon
27/02;Omega Invest;;;;3780351694;Leven en belegging;Individueel Leven Klassiek (Tak 21);Leven en belegging Individueel Leven Klassiek (Tak 21) AG INSURANCE;Leven en belegging Individueel Leven Klassiek (Tak 21) AG INSURANCE;omegainvest@qollabi.com;AG INSURANCE;Rechtspersoon
27/02;Omega Invest;;;;3780432328;Leven en belegging;Individueel Leven Klassiek (Tak 21);Leven en belegging Individueel Leven Klassiek (Tak 21) AG INSURANCE;Leven en belegging Individueel Leven Klassiek (Tak 21) AG INSURANCE;omegainvest@qollabi.com;AG INSURANCE;Rechtspersoon
27/02;Omega Invest;;;;11317038;Leven en belegging;Individueel Leven met vrije stortingen (Tak21-Universal Life;Leven en belegging Individueel Leven met vrije stortingen (Tak21-Universal Life AG INSURANCE;Leven en belegging Individueel Leven met vrije stortingen (Tak21-Universal Life AG INSURANCE;omegainvest@qollabi.com;AG INSURANCE;Rechtspersoon
27/02;Omega Invest;;;;1275262;Individueel;Gewaarborgd inkomen;Individueel Gewaarborgd inkomen AG INSURANCE;Individueel Gewaarborgd inkomen AG INSURANCE;omegainvest@qollabi.com;AG INSURANCE;Rechtspersoon
27/02;Omega Invest;;;;2506-048248;Leven en belegging;Individueel Leven Klassiek (Tak 21);Leven en belegging Individueel Leven Klassiek (Tak 21) NN INSURANCE BELGIUM;Leven en belegging Individueel Leven Klassiek (Tak 21) NN INSURANCE BELGIUM;omegainvest@qollabi.com;NN INSURANCE BELGIUM;Rechtspersoon
27/02;Omega Invest;;;;8376275;Individueel;Hospitalisatie;Individueel Hospitalisatie AG INSURANCE;Individueel Hospitalisatie AG INSURANCE;omegainvest@qollabi.com;AG INSURANCE;Rechtspersoon
27/03;Quantum Consulting;;;;3639839215;Leven en belegging;Individueel Leven Klassiek (Tak 21);Leven en belegging Individueel Leven Klassiek (Tak 21) AG INSURANCE;Leven en belegging Individueel Leven Klassiek (Tak 21) AG INSURANCE;quantumconsulting@qollabi.com;AG INSURANCE;Rechtspersoon
27/03;Quantum Consulting;;;;3780357152;Leven en belegging;Individueel Leven Klassiek (Tak 21);Leven en belegging Individueel Leven Klassiek (Tak 21) AG INSURANCE;Leven en belegging Individueel Leven Klassiek (Tak 21) AG INSURANCE;quantumconsulting@qollabi.com;AG INSURANCE;Rechtspersoon
27/03;Quantum Consulting;;;;3784032139;Leven en belegging;Individueel Leven Klassiek (Tak 21);Leven en belegging Individueel Leven Klassiek (Tak 21) AG INSURANCE;Leven en belegging Individueel Leven Klassiek (Tak 21) AG INSURANCE;quantumconsulting@qollabi.com;AG INSURANCE;Rechtspersoon
27/03;Quantum Consulting;;;;11371699;Leven en belegging;Individueel Leven met vrije stortingen (Tak21-Universal Life;Leven en belegging Individueel Leven met vrije stortingen (Tak21-Universal Life AG INSURANCE;Leven en belegging Individueel Leven met vrije stortingen (Tak21-Universal Life AG INSURANCE;quantumconsulting@qollabi.com;AG INSURANCE;Rechtspersoon
27/03;Quantum Consulting;;;;1815310;Rechtsbijstand;Algemene rechtsbijstand (multi objecttype);Rechtsbijstand Algemene rechtsbijstand (multi objecttype) DAS;Rechtsbijstand Algemene rechtsbijstand (multi objecttype) DAS;quantumconsulting@qollabi.com;DAS;Rechtspersoon
27/03;Quantum Consulting;;;;2061897;Brand eenvoudige risico's;Brand ER - handelshuizen;Brand eenvoudige risico's Brand ER - handelshuizen BALOISE INSURANCE;Brand eenvoudige risico's Brand ER - handelshuizen BALOISE INSURANCE;quantumconsulting@qollabi.com;BALOISE INSURANCE;Rechtspersoon
27/03;Quantum Consulting;;;;2066446;Brand eenvoudige risico's;Bedrijfsschade;Brand eenvoudige risico's Bedrijfsschade BALOISE INSURANCE;Brand eenvoudige risico's Bedrijfsschade BALOISE INSURANCE;quantumconsulting@qollabi.com;BALOISE INSURANCE;Rechtspersoon
27/03;Quantum Consulting;;;;2506-049456;Leven en belegging;Individueel Leven Klassiek (Tak 21);Leven en belegging Individueel Leven Klassiek (Tak 21) NN INSURANCE BELGIUM;Leven en belegging Individueel Leven Klassiek (Tak 21) NN INSURANCE BELGIUM;quantumconsulting@qollabi.com;NN INSURANCE BELGIUM;Rechtspersoon
27/03;Quantum Consulting;;;;3055841;Brand eenvoudige risico's;Brand ER - handelshuizen;Brand eenvoudige risico's Brand ER - handelshuizen BALOISE INSURANCE;Brand eenvoudige risico's Brand ER - handelshuizen BALOISE INSURANCE;quantumconsulting@qollabi.com;BALOISE INSURANCE;Rechtspersoon
27/03;Quantum Consulting;;;;3065138;Brand eenvoudige risico's;Brand ER - handelshuizen;Brand eenvoudige risico's Brand ER - handelshuizen BALOISE INSURANCE;Brand eenvoudige risico's Brand ER - handelshuizen BALOISE INSURANCE;quantumconsulting@qollabi.com;BALOISE INSURANCE;Rechtspersoon
27/03;Quantum Consulting;;;;3163558303;Leven en belegging;Leven Collectief (Tak 21);Leven en belegging Leven Collectief (Tak 21) BNP PARIBAS;Leven en belegging Leven Collectief (Tak 21) BNP PARIBAS;quantumconsulting@qollabi.com;BNP PARIBAS;Rechtspersoon
27/03;Quantum Consulting;;;;346400681;Individueel;Hospitalisatie;Individueel Hospitalisatie DKV Belgium;Individueel Hospitalisatie DKV Belgium;quantumconsulting@qollabi.com;DKV Belgium;Rechtspersoon
27/03;Quantum Consulting;;;;3640014;Brand eenvoudige risico's;Brand ER - handelshuizen;Brand eenvoudige risico's Brand ER - handelshuizen BALOISE INSURANCE;Brand eenvoudige risico's Brand ER - handelshuizen BALOISE INSURANCE;quantumconsulting@qollabi.com;BALOISE INSURANCE;Rechtspersoon
27/03;Quantum Consulting;;;;4042600;Diversen;Alle Risico's Electronica;Diversen Alle Risico's Electronica BALOISE INSURANCE;Diversen Alle Risico's Electronica BALOISE INSURANCE;quantumconsulting@qollabi.com;BALOISE INSURANCE;Rechtspersoon
27/03;Quantum Consulting;;;;5Q79567;Auto;Toerisme en Zaken, gemengd gebruik;Auto Toerisme en Zaken, gemengd gebruik BALOISE INSURANCE;Auto Toerisme en Zaken, gemengd gebruik BALOISE INSURANCE;quantumconsulting@qollabi.com;BALOISE INSURANCE;Rechtspersoon
27/03;Quantum Consulting;;;;5U90024;Auto;Lichte Vrachtwagens;Auto Lichte Vrachtwagens BALOISE INSURANCE;Auto Lichte Vrachtwagens BALOISE INSURANCE;quantumconsulting@qollabi.com;BALOISE INSURANCE;Rechtspersoon
27/03;Quantum Consulting;;;;7A91614;BA andere dan particulieren;BA Onderneming;BA andere dan particulieren BA Onderneming BALOISE INSURANCE;BA andere dan particulieren BA Onderneming BALOISE INSURANCE;quantumconsulting@qollabi.com;BALOISE INSURANCE;Rechtspersoon
27/03;Quantum Consulting;;;;7L38461;Individueel;Verkeer & Inzittenden;Individueel Verkeer & Inzittenden BALOISE INSURANCE;Individueel Verkeer & Inzittenden BALOISE INSURANCE;quantumconsulting@qollabi.com;BALOISE INSURANCE;Rechtspersoon
27/03;Quantum Consulting;;;;9743482;Arbeidsongevallen en collectieve verzekeringen;Arbeidsongevallen (Wet);Arbeidsongevallen en collectieve verzekeringen Arbeidsongevallen (Wet) BALOISE INSURANCE;Arbeidsongevallen en collectieve verzekeringen Arbeidsongevallen (Wet) BALOISE INSURANCE;quantumconsulting@qollabi.com;BALOISE INSURANCE;Rechtspersoon
28/00;Van Acker;Matthias;26/08/1986;;182207982610;Leven en belegging;Individueel Leven met vrije stortingen (Tak21-Universal Life;Leven en belegging Individueel Leven met vrije stortingen (Tak21-Universal Life AG INSURANCE;Leven en belegging Individueel Leven met vrije stortingen (Tak21-Universal Life AG INSURANCE;matthias.vanacker@qollabi.com;AG INSURANCE;Natuurlijk persoon
28/00;Van Acker;Matthias;26/08/1986;;182255102883;Leven en belegging;Individueel Leven met vrije stortingen (Tak21-Universal Life;Leven en belegging Individueel Leven met vrije stortingen (Tak21-Universal Life AG INSURANCE;Leven en belegging Individueel Leven met vrije stortingen (Tak21-Universal Life AG INSURANCE;matthias.vanacker@qollabi.com;AG INSURANCE;Natuurlijk persoon
28/00;Van Acker;Matthias;26/08/1986;;212315422;Brand eenvoudige risico's;Brand ER - woonhuizen;Brand eenvoudige risico's Brand ER - woonhuizen VIVIUM;Brand eenvoudige risico's Brand ER - woonhuizen VIVIUM;matthias.vanacker@qollabi.com;VIVIUM;Natuurlijk persoon
28/00;Van Acker;Matthias;26/08/1986;;5503082829;Leven en belegging;Individueel Leven (Meerdere Takken);Leven en belegging Individueel Leven (Meerdere Takken) VIVIUM;Leven en belegging Individueel Leven (Meerdere Takken) VIVIUM;matthias.vanacker@qollabi.com;VIVIUM;Natuurlijk persoon
28/00;Van Acker;Matthias;26/08/1986;;5503082834;Leven en belegging;Individueel Leven (Meerdere Takken);Leven en belegging Individueel Leven (Meerdere Takken) VIVIUM;Leven en belegging Individueel Leven (Meerdere Takken) VIVIUM;matthias.vanacker@qollabi.com;VIVIUM;Natuurlijk persoon
28/00;Van Acker;Matthias;26/08/1986;;5503082860;Leven en belegging;Individueel Leven (Meerdere Takken);Leven en belegging Individueel Leven (Meerdere Takken) VIVIUM;Leven en belegging Individueel Leven (Meerdere Takken) VIVIUM;matthias.vanacker@qollabi.com;VIVIUM;Natuurlijk persoon
28/01;De Smedt;Elien;13/01/1989;;5503082864;Leven en belegging;Individueel Leven (Meerdere Takken);Leven en belegging Individueel Leven (Meerdere Takken) VIVIUM;Leven en belegging Individueel Leven (Meerdere Takken) VIVIUM;elien.desmedt@qollabi.com;VIVIUM;Natuurlijk persoon
28/01;De Smedt;Elien;13/01/1989;;5503082869;Leven en belegging;Individueel Leven Klassiek (Tak 21);Leven en belegging Individueel Leven Klassiek (Tak 21) VIVIUM;Leven en belegging Individueel Leven Klassiek (Tak 21) VIVIUM;elien.desmedt@qollabi.com;VIVIUM;Natuurlijk persoon
28/02;Peak Group;;;;182207982711;Leven en belegging;Individueel Leven met vrije stortingen (Tak21-Universal Life;Leven en belegging Individueel Leven met vrije stortingen (Tak21-Universal Life AG INSURANCE;Leven en belegging Individueel Leven met vrije stortingen (Tak21-Universal Life AG INSURANCE;matthias.vanacker@qollabi.com;AG INSURANCE;Rechtspersoon
28/02;Peak Group;;;;182255102984;Leven en belegging;Individueel Leven met vrije stortingen (Tak21-Universal Life;Leven en belegging Individueel Leven met vrije stortingen (Tak21-Universal Life AG INSURANCE;Leven en belegging Individueel Leven met vrije stortingen (Tak21-Universal Life AG INSURANCE;matthias.vanacker@qollabi.com;AG INSURANCE;Rechtspersoon
28/02;Peak Group;;;;5503083086;Leven en belegging;Individueel Leven Klassiek (Tak 21);Leven en belegging Individueel Leven Klassiek (Tak 21) VIVIUM;Leven en belegging Individueel Leven Klassiek (Tak 21) VIVIUM;matthias.vanacker@qollabi.com;VIVIUM;Rechtspersoon
28/02;Peak Group;;;;730520342;BA andere dan particulieren;BA Onderneming;BA andere dan particulieren BA Onderneming AXA;BA andere dan particulieren BA Onderneming AXA;matthias.vanacker@qollabi.com;AXA;Rechtspersoon
29/00;Helix Consulting;;;;00A2939;BA andere dan particulieren;BA Beroep (Intellectuele, Vrije, Commerciële);BA andere dan particulieren BA Beroep (Intellectuele, Vrije, Commerciële) PROTECT NV;BA andere dan particulieren BA Beroep (Intellectuele, Vrije, Commerciële) PROTECT NV;helixconsulting@qollabi.com;PROTECT NV;Rechtspersoon
29/00;Helix Consulting;;;;1280775;Rechtsbijstand;Rechtsbijstand Privéleven (eventueel met Auto);Rechtsbijstand Rechtsbijstand Privéleven (eventueel met Auto) DAS;Rechtsbijstand Rechtsbijstand Privéleven (eventueel met Auto) DAS;helixconsulting@qollabi.com;DAS;Rechtspersoon
31/01;Aerts;Christiane;26/10/1944;;2926766;Brand eenvoudige risico's;Brand ER - handelshuizen;Brand eenvoudige risico's Brand ER - handelshuizen BALOISE INSURANCE;Brand eenvoudige risico's Brand ER - handelshuizen BALOISE INSURANCE;;BALOISE INSURANCE;Natuurlijk persoon
34/00;Willems;Luc;28/06/1959;;1352113;Rechtsbijstand;Algemene rechtsbijstand (multi objecttype);Rechtsbijstand Algemene rechtsbijstand (multi objecttype) DAS;Rechtsbijstand Algemene rechtsbijstand (multi objecttype) DAS;luc.willems@qollabi.com;DAS;Natuurlijk persoon
34/00;Willems;Luc;28/06/1959;;28518329;Auto;Toerisme en Zaken, gemengd gebruik;Auto Toerisme en Zaken, gemengd gebruik AG INSURANCE;Auto Toerisme en Zaken, gemengd gebruik AG INSURANCE;luc.willems@qollabi.com;AG INSURANCE;Natuurlijk persoon
34/00;Willems;Luc;28/06/1959;;3E55774;Brand eenvoudige risico's;Brand ER - woonhuizen;Brand eenvoudige risico's Brand ER - woonhuizen BALOISE INSURANCE;Brand eenvoudige risico's Brand ER - woonhuizen BALOISE INSURANCE;luc.willems@qollabi.com;BALOISE INSURANCE;Natuurlijk persoon
34/00;Willems;Luc;28/06/1959;;64046283;BA particulieren;BA Privéleven;BA particulieren BA Privéleven AG INSURANCE;BA particulieren BA Privéleven AG INSURANCE;luc.willems@qollabi.com;AG INSURANCE;Natuurlijk persoon
35/01;Wouters;Beatrijs;05/12/1940;;64024436;Arbeidsongevallen en collectieve verzekeringen;AO huispersoneel;Arbeidsongevallen en collectieve verzekeringen AO huispersoneel AG INSURANCE;Arbeidsongevallen en collectieve verzekeringen AO huispersoneel AG INSURANCE;beatrijs.wouters@qollabi.com;AG INSURANCE;Natuurlijk persoon
35/01;Wouters;Beatrijs;05/12/1940;;7F47228;BA particulieren;BA Privéleven;BA particulieren BA Privéleven BALOISE INSURANCE;BA particulieren BA Privéleven BALOISE INSURANCE;beatrijs.wouters@qollabi.com;BALOISE INSURANCE;Natuurlijk persoon
35/01;Wouters;Beatrijs;05/12/1940;;802194686;Brand eenvoudige risico's;Brand ER - woonhuizen;Brand eenvoudige risico's Brand ER - woonhuizen AXA;Brand eenvoudige risico's Brand ER - woonhuizen AXA;beatrijs.wouters@qollabi.com;AXA;Natuurlijk persoon
37/00;Gillis;Jan;08/12/1968;;1116152;Rechtsbijstand;Algemene rechtsbijstand (multi objecttype);Rechtsbijstand Algemene rechtsbijstand (multi objecttype) DAS;Rechtsbijstand Algemene rechtsbijstand (multi objecttype) DAS;jan.gillis@qollabi.com;DAS;Natuurlijk persoon
37/01;Renard;Conny;05/05/1965;;64228106;BA particulieren;BA Privéleven;BA particulieren BA Privéleven AG INSURANCE;BA particulieren BA Privéleven AG INSURANCE;conny.renard@qollabi.com;AG INSURANCE;Natuurlijk persoon
37/01;Renard;Conny;05/05/1965;;68000033725;Reis;Reisverzekeringen;Reis Reisverzekeringen ALLIANZ  PARTNERS;Reis Reisverzekeringen ALLIANZ  PARTNERS;conny.renard@qollabi.com;ALLIANZ  PARTNERS;Natuurlijk persoon
37/02;Sigma Consulting;;;;2112968;Rechtsbijstand;Algemene rechtsbijstand (multi objecttype);Rechtsbijstand Algemene rechtsbijstand (multi objecttype) DAS;Rechtsbijstand Algemene rechtsbijstand (multi objecttype) DAS;sigmaconsulting@qollabi.com;DAS;Rechtspersoon
37/02;Sigma Consulting;;;;7I69498;Individueel;Verkeer & Inzittenden;Individueel Verkeer & Inzittenden BALOISE INSURANCE;Individueel Verkeer & Inzittenden BALOISE INSURANCE;sigmaconsulting@qollabi.com;BALOISE INSURANCE;Rechtspersoon
37/02;Sigma Consulting;;;;NCN101111602;Auto;Toerisme en Zaken, gemengd gebruik;Auto Toerisme en Zaken, gemengd gebruik ALLIANZ;Auto Toerisme en Zaken, gemengd gebruik ALLIANZ;sigmaconsulting@qollabi.com;ALLIANZ;Rechtspersoon
39/01;Claeys;Olivia;02/07/1956;;28353244;Auto;Toerisme en Zaken, gemengd gebruik;Auto Toerisme en Zaken, gemengd gebruik AG INSURANCE;Auto Toerisme en Zaken, gemengd gebruik AG INSURANCE;patrick.devos@qollabi.com;AG INSURANCE;Natuurlijk persoon
42/02;Atlas Services;;;;3765216;Brand eenvoudige risico's;Brand ER - woonhuizen;Brand eenvoudige risico's Brand ER - woonhuizen BALOISE INSURANCE;Brand eenvoudige risico's Brand ER - woonhuizen BALOISE INSURANCE;atlasservices@qollabi.com;BALOISE INSURANCE;Rechtspersoon
44/00;Martens;Rosette;26/07/1938;;829871;Rechtsbijstand;Rechtsbijstand Privéleven (eventueel met Auto);Rechtsbijstand Rechtsbijstand Privéleven (eventueel met Auto) DAS;Rechtsbijstand Rechtsbijstand Privéleven (eventueel met Auto) DAS;;DAS;Natuurlijk persoon
44/00;Martens;Rosette;26/07/1938;;1920266;Brand eenvoudige risico's;Brand ER - woonhuizen;Brand eenvoudige risico's Brand ER - woonhuizen AG INSURANCE;Brand eenvoudige risico's Brand ER - woonhuizen AG INSURANCE;;AG INSURANCE;Natuurlijk persoon
44/00;Martens;Rosette;26/07/1938;;26678296;Auto;Toerisme en Zaken, gemengd gebruik;Auto Toerisme en Zaken, gemengd gebruik AG INSURANCE;Auto Toerisme en Zaken, gemengd gebruik AG INSURANCE;;AG INSURANCE;Natuurlijk persoon
44/00;Martens;Rosette;26/07/1938;;7979977;BA particulieren;BA Privéleven;BA particulieren BA Privéleven BALOISE INSURANCE;BA particulieren BA Privéleven BALOISE INSURANCE;;BALOISE INSURANCE;Natuurlijk persoon
44/00;Martens;Rosette;26/07/1938;;ACA001516433;Individueel;Verkeer & Inzittenden;Individueel Verkeer & Inzittenden ALLIANZ;Individueel Verkeer & Inzittenden ALLIANZ;;ALLIANZ;Natuurlijk persoon
47/00;Wouters;Caspar;20/05/1936;;111458313;Leven en belegging;Individueel Leven Klassiek (Tak 21);Leven en belegging Individueel Leven Klassiek (Tak 21) AXA;Leven en belegging Individueel Leven Klassiek (Tak 21) AXA;caspar.wouters@qollabi.com;AXA;Natuurlijk persoon
50/00;Janssen;Paulus;27/04/1935;;621494153;Auto;Toerisme en Zaken, gemengd gebruik;Auto Toerisme en Zaken, gemengd gebruik AXA;Auto Toerisme en Zaken, gemengd gebruik AXA;paulus.janssen@qollabi.com;AXA;Natuurlijk persoon
50/00;Janssen;Paulus;27/04/1935;;64505216;Arbeidsongevallen en collectieve verzekeringen;AO huispersoneel;Arbeidsongevallen en collectieve verzekeringen AO huispersoneel AG INSURANCE;Arbeidsongevallen en collectieve verzekeringen AO huispersoneel AG INSURANCE;paulus.janssen@qollabi.com;AG INSURANCE;Natuurlijk persoon
50/00;Janssen;Paulus;27/04/1935;;7254784;Individueel;Verkeer & Inzittenden;Individueel Verkeer & Inzittenden BALOISE INSURANCE;Individueel Verkeer & Inzittenden BALOISE INSURANCE;paulus.janssen@qollabi.com;BALOISE INSURANCE;Natuurlijk persoon
50/00;Janssen;Paulus;27/04/1935;;802208071;Multi-takken;Gegroepeerde gezinspolissen Brand + andere (BA Gezin, ...);Multi-takken Gegroepeerde gezinspolissen Brand + andere (BA Gezin, ...) AXA;Multi-takken Gegroepeerde gezinspolissen Brand + andere (BA Gezin, ...) AXA;paulus.janssen@qollabi.com;AXA;Natuurlijk persoon
50/00;Janssen;Paulus;27/04/1935;;814893;Rechtsbijstand;Algemene rechtsbijstand (multi objecttype);Rechtsbijstand Algemene rechtsbijstand (multi objecttype) DAS;Rechtsbijstand Algemene rechtsbijstand (multi objecttype) DAS;paulus.janssen@qollabi.com;DAS;Natuurlijk persoon
51/01;Timmermans;Irène;17/04/1951;;1063759;Rechtsbijstand;Algemene rechtsbijstand (multi objecttype);Rechtsbijstand Algemene rechtsbijstand (multi objecttype) DAS;Rechtsbijstand Algemene rechtsbijstand (multi objecttype) DAS;irne.timmermans@qollabi.com;DAS;Natuurlijk persoon
51/01;Timmermans;Irène;17/04/1951;;502156006;BA particulieren;BA Privéleven;BA particulieren BA Privéleven AXA;BA particulieren BA Privéleven AXA;irne.timmermans@qollabi.com;AXA;Natuurlijk persoon
51/01;Timmermans;Irène;17/04/1951;;602520298;Individueel;Verkeer & Inzittenden;Individueel Verkeer & Inzittenden AXA;Individueel Verkeer & Inzittenden AXA;irne.timmermans@qollabi.com;AXA;Natuurlijk persoon
51/01;Timmermans;Irène;17/04/1951;;622000304;Auto;Toerisme en Zaken, gemengd gebruik;Auto Toerisme en Zaken, gemengd gebruik AXA;Auto Toerisme en Zaken, gemengd gebruik AXA;irne.timmermans@qollabi.com;AXA;Natuurlijk persoon
51/01;Timmermans;Irène;17/04/1951;;816432210;Brand eenvoudige risico's;Brand ER - woonhuizen;Brand eenvoudige risico's Brand ER - woonhuizen AXA;Brand eenvoudige risico's Brand ER - woonhuizen AXA;irne.timmermans@qollabi.com;AXA;Natuurlijk persoon
51/01;Timmermans;Irène;17/04/1951;;816432212;Brand eenvoudige risico's;Brand ER - woonhuizen;Brand eenvoudige risico's Brand ER - woonhuizen AXA;Brand eenvoudige risico's Brand ER - woonhuizen AXA;irne.timmermans@qollabi.com;AXA;Natuurlijk persoon
51/01;Timmermans;Irène;17/04/1951;;816432252;Brand eenvoudige risico's;Brand ER - woonhuizen;Brand eenvoudige risico's Brand ER - woonhuizen AXA;Brand eenvoudige risico's Brand ER - woonhuizen AXA;irne.timmermans@qollabi.com;AXA;Natuurlijk persoon
55/00;Renard;Olivier;19/01/1959;;2771723;Brand eenvoudige risico's;Brand ER - woonhuizen;Brand eenvoudige risico's Brand ER - woonhuizen BALOISE INSURANCE;Brand eenvoudige risico's Brand ER - woonhuizen BALOISE INSURANCE;olivier.renard@qollabi.com;BALOISE INSURANCE;Natuurlijk persoon
55/00;Renard;Olivier;19/01/1959;;2793467;Brand eenvoudige risico's;Brand ER - woonhuizen;Brand eenvoudige risico's Brand ER - woonhuizen BALOISE INSURANCE;Brand eenvoudige risico's Brand ER - woonhuizen BALOISE INSURANCE;olivier.renard@qollabi.com;BALOISE INSURANCE;Natuurlijk persoon
55/00;Renard;Olivier;19/01/1959;;2925857;Brand eenvoudige risico's;Brand ER - woonhuizen;Brand eenvoudige risico's Brand ER - woonhuizen BALOISE INSURANCE;Brand eenvoudige risico's Brand ER - woonhuizen BALOISE INSURANCE;olivier.renard@qollabi.com;BALOISE INSURANCE;Natuurlijk persoon
55/00;Renard;Olivier;19/01/1959;;515790562;BA particulieren;BA Privéleven;BA particulieren BA Privéleven AXA;BA particulieren BA Privéleven AXA;olivier.renard@qollabi.com;AXA;Natuurlijk persoon
55/04;Vortex Systems;;;;1294565;Rechtsbijstand;Algemene rechtsbijstand (multi objecttype);Rechtsbijstand Algemene rechtsbijstand (multi objecttype) DAS;Rechtsbijstand Algemene rechtsbijstand (multi objecttype) DAS;olivier.renard@qollabi.com;DAS;Rechtspersoon
55/04;Vortex Systems;;;;5L49602;Auto;Toerisme en Zaken, gemengd gebruik;Auto Toerisme en Zaken, gemengd gebruik BALOISE INSURANCE;Auto Toerisme en Zaken, gemengd gebruik BALOISE INSURANCE;olivier.renard@qollabi.com;BALOISE INSURANCE;Rechtspersoon
55/04;Vortex Systems;;;;5P40133;Auto;Lichte Vrachtwagens;Auto Lichte Vrachtwagens BALOISE INSURANCE;Auto Lichte Vrachtwagens BALOISE INSURANCE;olivier.renard@qollabi.com;BALOISE INSURANCE;Rechtspersoon
55/04;Vortex Systems;;;;5W56465;Auto;Toerisme en Zaken, gemengd gebruik;Auto Toerisme en Zaken, gemengd gebruik BALOISE INSURANCE;Auto Toerisme en Zaken, gemengd gebruik BALOISE INSURANCE;olivier.renard@qollabi.com;BALOISE INSURANCE;Rechtspersoon
55/04;Vortex Systems;;;;7941115;BA andere dan particulieren;BA Beroep (Intellectuele, Vrije, Commerciële);BA andere dan particulieren BA Beroep (Intellectuele, Vrije, Commerciële) BALOISE INSURANCE;BA andere dan particulieren BA Beroep (Intellectuele, Vrije, Commerciële) BALOISE INSURANCE;olivier.renard@qollabi.com;BALOISE INSURANCE;Rechtspersoon
55/04;Vortex Systems;;;;QBE1036LJN87;Diversen;Reisverzekeringen;Diversen Reisverzekeringen ALLIANZ  PARTNERS;Diversen Reisverzekeringen ALLIANZ  PARTNERS;olivier.renard@qollabi.com;ALLIANZ  PARTNERS;Rechtspersoon
55/05;Peak Consulting;;;;1356424;Rechtsbijstand;Algemene rechtsbijstand (multi objecttype);Rechtsbijstand Algemene rechtsbijstand (multi objecttype) DAS;Rechtsbijstand Algemene rechtsbijstand (multi objecttype) DAS;olivier.renard@qollabi.com;DAS;Rechtspersoon
55/05;Peak Consulting;;;;314006861;Individueel;Hospitalisatie;Individueel Hospitalisatie DKV Belgium;Individueel Hospitalisatie DKV Belgium;olivier.renard@qollabi.com;DKV Belgium;Rechtspersoon
55/05;Peak Consulting;;;;36741624;Auto;Toerisme en Zaken, gemengd gebruik;Auto Toerisme en Zaken, gemengd gebruik AG INSURANCE;Auto Toerisme en Zaken, gemengd gebruik AG INSURANCE;olivier.renard@qollabi.com;AG INSURANCE;Rechtspersoon
55/05;Peak Consulting;;;;8278023;Individueel;Hospitalisatie;Individueel Hospitalisatie AG INSURANCE;Individueel Hospitalisatie AG INSURANCE;olivier.renard@qollabi.com;AG INSURANCE;Rechtspersoon
59/00;De Cock;Christiaan;18/12/1953;;618607013;Auto;Toerisme en Zaken, gemengd gebruik;Auto Toerisme en Zaken, gemengd gebruik AXA;Auto Toerisme en Zaken, gemengd gebruik AXA;christiaan.decock@qollabi.com;AXA;Natuurlijk persoon
59/01;Vandenberghe;Martha;18/12/1955;;812629;Rechtsbijstand;Algemene rechtsbijstand (multi objecttype);Rechtsbijstand Algemene rechtsbijstand (multi objecttype) DAS;Rechtsbijstand Algemene rechtsbijstand (multi objecttype) DAS;christiaan.decock@qollabi.com;DAS;Natuurlijk persoon
59/01;Vandenberghe;Martha;18/12/1955;;502080207;BA particulieren;BA Privéleven;BA particulieren BA Privéleven AXA;BA particulieren BA Privéleven AXA;christiaan.decock@qollabi.com;AXA;Natuurlijk persoon
60/00;Vandenberghe;Emile;26/09/1941;;2183748;Rechtsbijstand;Algemene rechtsbijstand (multi objecttype);Rechtsbijstand Algemene rechtsbijstand (multi objecttype) DAS;Rechtsbijstand Algemene rechtsbijstand (multi objecttype) DAS;emile.vandenberghe@qollabi.com;DAS;Natuurlijk persoon
60/00;Vandenberghe;Emile;26/09/1941;;295633141;Individueel;Hospitalisatie;Individueel Hospitalisatie DKV Belgium;Individueel Hospitalisatie DKV Belgium;emile.vandenberghe@qollabi.com;DKV Belgium;Natuurlijk persoon
60/00;Vandenberghe;Emile;26/09/1941;;624541993;Auto;Toerisme en Zaken, gemengd gebruik;Auto Toerisme en Zaken, gemengd gebruik AXA;Auto Toerisme en Zaken, gemengd gebruik AXA;emile.vandenberghe@qollabi.com;AXA;Natuurlijk persoon
60/00;Vandenberghe;Emile;26/09/1941;;7C30314;BA particulieren;BA Privéleven;BA particulieren BA Privéleven BALOISE INSURANCE;BA particulieren BA Privéleven BALOISE INSURANCE;emile.vandenberghe@qollabi.com;BALOISE INSURANCE;Natuurlijk persoon
60/00;Vandenberghe;Emile;26/09/1941;;802161151;Brand eenvoudige risico's;Brand ER - woonhuizen;Brand eenvoudige risico's Brand ER - woonhuizen AXA;Brand eenvoudige risico's Brand ER - woonhuizen AXA;emile.vandenberghe@qollabi.com;AXA;Natuurlijk persoon
61/01;Moons;Veronique;20/10/1969;;1206935;Rechtsbijstand;Algemene rechtsbijstand (multi objecttype);Rechtsbijstand Algemene rechtsbijstand (multi objecttype) DAS;Rechtsbijstand Algemene rechtsbijstand (multi objecttype) DAS;patrick.peters@qollabi.com;DAS;Natuurlijk persoon
61/01;Moons;Veronique;20/10/1969;;623216491;Auto;Toerisme en Zaken, gemengd gebruik;Auto Toerisme en Zaken, gemengd gebruik AXA;Auto Toerisme en Zaken, gemengd gebruik AXA;patrick.peters@qollabi.com;AXA;Natuurlijk persoon
61/01;Moons;Veronique;20/10/1969;;7243569908;Bijstand;Bijstand (CBFA 18);Bijstand Bijstand (CBFA 18) EUROP ASSISTANCE BELGIUM;Bijstand Bijstand (CBFA 18) EUROP ASSISTANCE BELGIUM;patrick.peters@qollabi.com;EUROP ASSISTANCE BELGIUM;Natuurlijk persoon
61/01;Moons;Veronique;20/10/1969;;7955656;BA particulieren;BA Privéleven;BA particulieren BA Privéleven BALOISE INSURANCE;BA particulieren BA Privéleven BALOISE INSURANCE;patrick.peters@qollabi.com;BALOISE INSURANCE;Natuurlijk persoon
61/01;Moons;Veronique;20/10/1969;;811978922;Brand eenvoudige risico's;Brand ER - woonhuizen;Brand eenvoudige risico's Brand ER - woonhuizen AXA;Brand eenvoudige risico's Brand ER - woonhuizen AXA;patrick.peters@qollabi.com;AXA;Natuurlijk persoon
61/01;Moons;Veronique;20/10/1969;;NCN101098330;Auto;Toerisme en Zaken, gemengd gebruik;Auto Toerisme en Zaken, gemengd gebruik ALLIANZ;Auto Toerisme en Zaken, gemengd gebruik ALLIANZ;patrick.peters@qollabi.com;ALLIANZ;Natuurlijk persoon
64/00;Kerkhofs;Eddy;30/10/1955;;1025373;Rechtsbijstand;Algemene rechtsbijstand (multi objecttype);Rechtsbijstand Algemene rechtsbijstand (multi objecttype) DAS;Rechtsbijstand Algemene rechtsbijstand (multi objecttype) DAS;;DAS;Natuurlijk persoon
64/00;Kerkhofs;Eddy;30/10/1955;;5247711;Auto;Toerisme en Zaken, gemengd gebruik;Auto Toerisme en Zaken, gemengd gebruik BALOISE INSURANCE;Auto Toerisme en Zaken, gemengd gebruik BALOISE INSURANCE;;BALOISE INSURANCE;Natuurlijk persoon
65/00;Lemmens;Frederic;28/10/1957;;946709;Rechtsbijstand;Algemene rechtsbijstand (multi objecttype);Rechtsbijstand Algemene rechtsbijstand (multi objecttype) DAS;Rechtsbijstand Algemene rechtsbijstand (multi objecttype) DAS;frederic.lemmens@qollabi.com;DAS;Natuurlijk persoon
65/00;Lemmens;Frederic;28/10/1957;;2544352;Brand eenvoudige risico's;Brand ER - woonhuizen;Brand eenvoudige risico's Brand ER - woonhuizen BALOISE INSURANCE;Brand eenvoudige risico's Brand ER - woonhuizen BALOISE INSURANCE;frederic.lemmens@qollabi.com;BALOISE INSURANCE;Natuurlijk persoon
65/00;Lemmens;Frederic;28/10/1957;;617599148;Individueel;Verkeer & Inzittenden;Individueel Verkeer & Inzittenden AXA;Individueel Verkeer & Inzittenden AXA;frederic.lemmens@qollabi.com;AXA;Natuurlijk persoon
65/00;Lemmens;Frederic;28/10/1957;;64195966;BA particulieren;BA Privéleven;BA particulieren BA Privéleven AG INSURANCE;BA particulieren BA Privéleven AG INSURANCE;frederic.lemmens@qollabi.com;AG INSURANCE;Natuurlijk persoon
65/00;Lemmens;Frederic;28/10/1957;;678064328;Auto;Toerisme en Zaken, gemengd gebruik;Auto Toerisme en Zaken, gemengd gebruik AXA;Auto Toerisme en Zaken, gemengd gebruik AXA;frederic.lemmens@qollabi.com;AXA;Natuurlijk persoon
65/00;Lemmens;Frederic;28/10/1957;;7.167.695;Leven en belegging;Individueel Leven Klassiek (Tak 21);Leven en belegging Individueel Leven Klassiek (Tak 21) AFER EUROPE;Leven en belegging Individueel Leven Klassiek (Tak 21) AFER EUROPE;frederic.lemmens@qollabi.com;AFER EUROPE;Natuurlijk persoon
65/00;Lemmens;Frederic;28/10/1957;;BFUD14151600;Leven en belegging;Individueel Leven met vrije stortingen (Tak21-Universal Life;Leven en belegging Individueel Leven met vrije stortingen (Tak21-Universal Life ALLIANZ;Leven en belegging Individueel Leven met vrije stortingen (Tak21-Universal Life ALLIANZ;frederic.lemmens@qollabi.com;ALLIANZ;Natuurlijk persoon
65/01;Schepers;Gerda;22/05/1959;;8311701;Auto;Toerisme en Zaken, gemengd gebruik;Auto Toerisme en Zaken, gemengd gebruik BALOISE INSURANCE;Auto Toerisme en Zaken, gemengd gebruik BALOISE INSURANCE;;BALOISE INSURANCE;Natuurlijk persoon
65/02;Devos;;;;BCBL02768950;Leven en belegging;Individueel Leven i.v.m. Beleggingsfondsen (Tak 23);Leven en belegging Individueel Leven i.v.m. Beleggingsfondsen (Tak 23) ALLIANZ;Leven en belegging Individueel Leven i.v.m. Beleggingsfondsen (Tak 23) ALLIANZ;frederic.lemmens@qollabi.com;ALLIANZ;Groepering van natuurlijke en/of rechtspersonen
65/02;Devos;;;;BCID00044401;Leven en belegging;Bancaire beleggingsproducten;Leven en belegging Bancaire beleggingsproducten ALLIANZ;Leven en belegging Bancaire beleggingsproducten ALLIANZ;frederic.lemmens@qollabi.com;ALLIANZ;Groepering van natuurlijke en/of rechtspersonen
66/00;Vander Auwera;Michel;10/07/1956;;12280217;Leven en belegging;Individueel Leven met vrije stortingen (Tak21-Universal Life;Leven en belegging Individueel Leven met vrije stortingen (Tak21-Universal Life AG INSURANCE;Leven en belegging Individueel Leven met vrije stortingen (Tak21-Universal Life AG INSURANCE;michel.vanderauwera@qollabi.com;AG INSURANCE;Natuurlijk persoon
66/00;Vander Auwera;Michel;10/07/1956;;1545935;Leven en belegging;Individueel Leven (Meerdere Takken);Leven en belegging Individueel Leven (Meerdere Takken) BALOISE INSURANCE;Leven en belegging Individueel Leven (Meerdere Takken) BALOISE INSURANCE;michel.vanderauwera@qollabi.com;BALOISE INSURANCE;Natuurlijk persoon
66/00;Vander Auwera;Michel;10/07/1956;;1A32234;Leven en belegging;Individueel Leven (Meerdere Takken);Leven en belegging Individueel Leven (Meerdere Takken) BALOISE INSURANCE;Leven en belegging Individueel Leven (Meerdere Takken) BALOISE INSURANCE;michel.vanderauwera@qollabi.com;BALOISE INSURANCE;Natuurlijk persoon
66/00;Vander Auwera;Michel;10/07/1956;;1B68348;Leven en belegging;Individueel Leven (Meerdere Takken);Leven en belegging Individueel Leven (Meerdere Takken) BALOISE INSURANCE;Leven en belegging Individueel Leven (Meerdere Takken) BALOISE INSURANCE;michel.vanderauwera@qollabi.com;BALOISE INSURANCE;Natuurlijk persoon
66/00;Vander Auwera;Michel;10/07/1956;;2683995;Brand eenvoudige risico's;Brand ER - woonhuizen;Brand eenvoudige risico's Brand ER - woonhuizen BALOISE INSURANCE;Brand eenvoudige risico's Brand ER - woonhuizen BALOISE INSURANCE;michel.vanderauwera@qollabi.com;BALOISE INSURANCE;Natuurlijk persoon
66/00;Vander Auwera;Michel;10/07/1956;;7804221;BA particulieren;BA Privéleven;BA particulieren BA Privéleven BALOISE INSURANCE;BA particulieren BA Privéleven BALOISE INSURANCE;michel.vanderauwera@qollabi.com;BALOISE INSURANCE;Natuurlijk persoon
66/01;Bogaert;Anna;29/07/1957;;12280219;Leven en belegging;Individueel Leven met vrije stortingen (Tak21-Universal Life;Leven en belegging Individueel Leven met vrije stortingen (Tak21-Universal Life AG INSURANCE;Leven en belegging Individueel Leven met vrije stortingen (Tak21-Universal Life AG INSURANCE;michel.vanderauwera@qollabi.com;AG INSURANCE;Natuurlijk persoon
66/01;Bogaert;Anna;29/07/1957;;ZCBL02794969;Leven en belegging;Individueel Leven i.v.m. Beleggingsfondsen (Tak 23);Leven en belegging Individueel Leven i.v.m. Beleggingsfondsen (Tak 23) ALLIANZ;Leven en belegging Individueel Leven i.v.m. Beleggingsfondsen (Tak 23) ALLIANZ;michel.vanderauwera@qollabi.com;ALLIANZ;Natuurlijk persoon
66/02;Vortex Holding;;;;1030152;Rechtsbijstand;Algemene rechtsbijstand (multi objecttype);Rechtsbijstand Algemene rechtsbijstand (multi objecttype) DAS;Rechtsbijstand Algemene rechtsbijstand (multi objecttype) DAS;vortexholding@qollabi.com;DAS;Rechtspersoon
66/02;Vortex Holding;;;;118932;Leven en belegging;Leven Groep loontrekkenden;Leven en belegging Leven Groep loontrekkenden AG INSURANCE;Leven en belegging Leven Groep loontrekkenden AG INSURANCE;vortexholding@qollabi.com;AG INSURANCE;Rechtspersoon
66/02;Vortex Holding;;;;5I75832;Auto;Toerisme en Zaken, gemengd gebruik;Auto Toerisme en Zaken, gemengd gebruik BALOISE INSURANCE;Auto Toerisme en Zaken, gemengd gebruik BALOISE INSURANCE;vortexholding@qollabi.com;BALOISE INSURANCE;Rechtspersoon
66/02;Vortex Holding;;;;68000007830;Diversen;Reisverzekeringen;Diversen Reisverzekeringen ALLIANZ  PARTNERS;Diversen Reisverzekeringen ALLIANZ  PARTNERS;vortexholding@qollabi.com;ALLIANZ  PARTNERS;Rechtspersoon
66/02;Vortex Holding;;;;9942554;Arbeidsongevallen en collectieve verzekeringen;Arbeidsongevallen (Wet);Arbeidsongevallen en collectieve verzekeringen Arbeidsongevallen (Wet) BALOISE INSURANCE;Arbeidsongevallen en collectieve verzekeringen Arbeidsongevallen (Wet) BALOISE INSURANCE;vortexholding@qollabi.com;BALOISE INSURANCE;Rechtspersoon
66/03;Quantum Partners;;;;1A68648;Leven en belegging;Individueel Leven met vrije stortingen (Tak21-Universal Life;Leven en belegging Individueel Leven met vrije stortingen (Tak21-Universal Life BALOISE INSURANCE;Leven en belegging Individueel Leven met vrije stortingen (Tak21-Universal Life BALOISE INSURANCE;quantumpartners@qollabi.com;BALOISE INSURANCE;Rechtspersoon
66/03;Quantum Partners;;;;1C48588;Leven en belegging;Individueel Leven met vrije stortingen (Tak21-Universal Life;Leven en belegging Individueel Leven met vrije stortingen (Tak21-Universal Life BALOISE INSURANCE;Leven en belegging Individueel Leven met vrije stortingen (Tak21-Universal Life BALOISE INSURANCE;quantumpartners@qollabi.com;BALOISE INSURANCE;Rechtspersoon
66/03;Quantum Partners;;;;2205453;Rechtsbijstand;Algemene rechtsbijstand (multi objecttype);Rechtsbijstand Algemene rechtsbijstand (multi objecttype) DAS;Rechtsbijstand Algemene rechtsbijstand (multi objecttype) DAS;quantumpartners@qollabi.com;DAS;Rechtspersoon
66/03;Quantum Partners;;;;351928991;Individueel;Familiale Hospitalisatie;Individueel Familiale Hospitalisatie DKV Belgium;Individueel Familiale Hospitalisatie DKV Belgium;quantumpartners@qollabi.com;DKV Belgium;Rechtspersoon
66/03;Quantum Partners;;;;4028390;Diversen;Alle Risico's Electronica;Diversen Alle Risico's Electronica BALOISE INSURANCE;Diversen Alle Risico's Electronica BALOISE INSURANCE;quantumpartners@qollabi.com;BALOISE INSURANCE;Rechtspersoon
66/03;Quantum Partners;;;;5U76130;Auto;Toerisme en Zaken, gemengd gebruik;Auto Toerisme en Zaken, gemengd gebruik BALOISE INSURANCE;Auto Toerisme en Zaken, gemengd gebruik BALOISE INSURANCE;quantumpartners@qollabi.com;BALOISE INSURANCE;Rechtspersoon
66/03;Quantum Partners;;;;623783620;Auto;Toerisme en Zaken, gemengd gebruik;Auto Toerisme en Zaken, gemengd gebruik AXA;Auto Toerisme en Zaken, gemengd gebruik AXA;quantumpartners@qollabi.com;AXA;Rechtspersoon
66/03;Quantum Partners;;;;7I44488;Individueel;Verkeer & Inzittenden;Individueel Verkeer & Inzittenden BALOISE INSURANCE;Individueel Verkeer & Inzittenden BALOISE INSURANCE;quantumpartners@qollabi.com;BALOISE INSURANCE;Rechtspersoon
66/03;Quantum Partners;;;;BPI1080212;BA andere dan particulieren;BA Beroep (Intellectuele, Vrije, Commerciële);BA andere dan particulieren BA Beroep (Intellectuele, Vrije, Commerciële) HISCOX NV;BA andere dan particulieren BA Beroep (Intellectuele, Vrije, Commerciële) HISCOX NV;quantumpartners@qollabi.com;HISCOX NV;Rechtspersoon
66/03;Quantum Partners;;;;QBE40N6EQOE8;Multi-takken;Multi-tak (Particulieren);Multi-takken Multi-tak (Particulieren) ALLIANZ  PARTNERS;Multi-takken Multi-tak (Particulieren) ALLIANZ  PARTNERS;quantumpartners@qollabi.com;ALLIANZ  PARTNERS;Rechtspersoon
66/04;Vertex Partners;;;;2106067;Rechtsbijstand;Algemene rechtsbijstand (multi objecttype);Rechtsbijstand Algemene rechtsbijstand (multi objecttype) DAS;Rechtsbijstand Algemene rechtsbijstand (multi objecttype) DAS;michel.vanderauwera@qollabi.com;DAS;Rechtspersoon
66/04;Vertex Partners;;;;5Q41382;Auto;Toerisme en Zaken, gemengd gebruik;Auto Toerisme en Zaken, gemengd gebruik BALOISE INSURANCE;Auto Toerisme en Zaken, gemengd gebruik BALOISE INSURANCE;michel.vanderauwera@qollabi.com;BALOISE INSURANCE;Rechtspersoon
66/04;Vertex Partners;;;;5T77479;Auto;Toerisme en Zaken, gemengd gebruik;Auto Toerisme en Zaken, gemengd gebruik BALOISE INSURANCE;Auto Toerisme en Zaken, gemengd gebruik BALOISE INSURANCE;michel.vanderauwera@qollabi.com;BALOISE INSURANCE;Rechtspersoon
66/04;Vertex Partners;;;;68000022705;Bijstand;Bijstand (CBFA 18);Bijstand Bijstand (CBFA 18) ALLIANZ  PARTNERS;Bijstand Bijstand (CBFA 18) ALLIANZ  PARTNERS;michel.vanderauwera@qollabi.com;ALLIANZ  PARTNERS;Rechtspersoon
66/04;Vertex Partners;;;;719496;Individueel;Hospitalisatie;Individueel Hospitalisatie BALOISE INSURANCE;Individueel Hospitalisatie BALOISE INSURANCE;michel.vanderauwera@qollabi.com;BALOISE INSURANCE;Rechtspersoon
66/04;Vertex Partners;;;;7B75488;BA andere dan particulieren;BA Onderneming;BA andere dan particulieren BA Onderneming BALOISE INSURANCE;BA andere dan particulieren BA Onderneming BALOISE INSURANCE;michel.vanderauwera@qollabi.com;BALOISE INSURANCE;Rechtspersoon
67/00;Desmet;Filip;06/05/1967;;1252199;Individueel;Hospitalisatie;Individueel Hospitalisatie AG INSURANCE;Individueel Hospitalisatie AG INSURANCE;filip.desmet@qollabi.com;AG INSURANCE;Natuurlijk persoon
67/00;Desmet;Filip;06/05/1967;;64215770;BA particulieren;BA Privéleven;BA particulieren BA Privéleven AG INSURANCE;BA particulieren BA Privéleven AG INSURANCE;filip.desmet@qollabi.com;AG INSURANCE;Natuurlijk persoon
67/02;Apex Services;;;;2000616;Brand eenvoudige risico's;Brand ER - handelshuizen;Brand eenvoudige risico's Brand ER - handelshuizen BALOISE INSURANCE;Brand eenvoudige risico's Brand ER - handelshuizen BALOISE INSURANCE;filip.desmet@qollabi.com;BALOISE INSURANCE;Rechtspersoon
67/02;Apex Services;;;;2697143;Brand eenvoudige risico's;Brand ER - woonhuizen;Brand eenvoudige risico's Brand ER - woonhuizen BALOISE INSURANCE;Brand eenvoudige risico's Brand ER - woonhuizen BALOISE INSURANCE;filip.desmet@qollabi.com;BALOISE INSURANCE;Rechtspersoon
67/02;Apex Services;;;;3052879;Brand eenvoudige risico's;Brand ER - handelshuizen;Brand eenvoudige risico's Brand ER - handelshuizen BALOISE INSURANCE;Brand eenvoudige risico's Brand ER - handelshuizen BALOISE INSURANCE;filip.desmet@qollabi.com;BALOISE INSURANCE;Rechtspersoon
67/02;Apex Services;;;;8B50199;Auto;Werktuigen en Tractoren;Auto Werktuigen en Tractoren BALOISE INSURANCE;Auto Werktuigen en Tractoren BALOISE INSURANCE;filip.desmet@qollabi.com;BALOISE INSURANCE;Rechtspersoon
67/02;Apex Services;;;;9751580;Arbeidsongevallen en collectieve verzekeringen;Arbeidsongevallen (Wet);Arbeidsongevallen en collectieve verzekeringen Arbeidsongevallen (Wet) BALOISE INSURANCE;Arbeidsongevallen en collectieve verzekeringen Arbeidsongevallen (Wet) BALOISE INSURANCE;filip.desmet@qollabi.com;BALOISE INSURANCE;Rechtspersoon
69/00;Nijs;Steven;27/11/1957;;515908561;BA particulieren;BA Privéleven;BA particulieren BA Privéleven AXA;BA particulieren BA Privéleven AXA;steven.nijs@qollabi.com;AXA;Natuurlijk persoon
72/00;Stevens;Marc;30/07/1962;;HP-9000321;Leven en belegging;Individueel Leven Klassiek (Tak 21);Leven en belegging Individueel Leven Klassiek (Tak 21) BALOISE(ex-Fidea);Leven en belegging Individueel Leven Klassiek (Tak 21) BALOISE(ex-Fidea);marc.stevens@qollabi.com;BALOISE(ex-Fidea);Natuurlijk persoon
72/03;Apex Tech;;;;10126112;Leven en belegging;Groep Zelfstandigen;Leven en belegging Groep Zelfstandigen AG INSURANCE;Leven en belegging Groep Zelfstandigen AG INSURANCE;apextech@qollabi.com;AG INSURANCE;Rechtspersoon
72/03;Apex Tech;;;;34036785;Leven en belegging;Groep Zelfstandigen;Leven en belegging Groep Zelfstandigen AG INSURANCE;Leven en belegging Groep Zelfstandigen AG INSURANCE;apextech@qollabi.com;AG INSURANCE;Rechtspersoon
74/00;Kerkhofs;Karel;17/05/1947;;DPL020019231;Leven en belegging;Andere Verrichtingen Leven (Takken 22, 24-29);Leven en belegging Andere Verrichtingen Leven (Takken 22, 24-29) Credimo;Leven en belegging Andere Verrichtingen Leven (Takken 22, 24-29) Credimo;;Credimo;Natuurlijk persoon
74/01;Verhoeven;Jacqueline;30/10/1944;;1C34968;Leven en belegging;Bancaire beleggingsproducten;Leven en belegging Bancaire beleggingsproducten BALOISE INSURANCE;Leven en belegging Bancaire beleggingsproducten BALOISE INSURANCE;;BALOISE INSURANCE;Natuurlijk persoon
74/01;Verhoeven;Jacqueline;30/10/1944;;204299411;Individueel;Hospitalisatie;Individueel Hospitalisatie DKV Belgium;Individueel Hospitalisatie DKV Belgium;;DKV Belgium;Natuurlijk persoon
74/01;Verhoeven;Jacqueline;30/10/1944;;310929491;Individueel;Hospitalisatie;Individueel Hospitalisatie DKV Belgium;Individueel Hospitalisatie DKV Belgium;;DKV Belgium;Natuurlijk persoon
75/01;Van den Berg;Margareta;31/03/1970;;877875;Rechtsbijstand;Algemene rechtsbijstand (multi objecttype);Rechtsbijstand Algemene rechtsbijstand (multi objecttype) DAS;Rechtsbijstand Algemene rechtsbijstand (multi objecttype) DAS;margareta.vandenberg@qollabi.com;DAS;Natuurlijk persoon
75/01;Van den Berg;Margareta;31/03/1970;;26727803;Auto;Toerisme en Zaken, gemengd gebruik;Auto Toerisme en Zaken, gemengd gebruik AG INSURANCE;Auto Toerisme en Zaken, gemengd gebruik AG INSURANCE;margareta.vandenberg@qollabi.com;AG INSURANCE;Natuurlijk persoon
75/01;Van den Berg;Margareta;31/03/1970;;7I19297;BA particulieren;BA Privéleven;BA particulieren BA Privéleven BALOISE INSURANCE;BA particulieren BA Privéleven BALOISE INSURANCE;margareta.vandenberg@qollabi.com;BALOISE INSURANCE;Natuurlijk persoon
79/00;Van den Berg;Carl;10/09/1968;;1721867;Rechtsbijstand;Algemene rechtsbijstand (multi objecttype);Rechtsbijstand Algemene rechtsbijstand (multi objecttype) DAS;Rechtsbijstand Algemene rechtsbijstand (multi objecttype) DAS;carl.vandenberg@qollabi.com;DAS;Natuurlijk persoon
79/00;Van den Berg;Carl;10/09/1968;;3721454;Brand eenvoudige risico's;Brand ER - woonhuizen;Brand eenvoudige risico's Brand ER - woonhuizen BALOISE INSURANCE;Brand eenvoudige risico's Brand ER - woonhuizen BALOISE INSURANCE;carl.vandenberg@qollabi.com;BALOISE INSURANCE;Natuurlijk persoon
79/00;Van den Berg;Carl;10/09/1968;;622470290;Auto;Toerisme en Zaken, gemengd gebruik;Auto Toerisme en Zaken, gemengd gebruik AXA;Auto Toerisme en Zaken, gemengd gebruik AXA;carl.vandenberg@qollabi.com;AXA;Natuurlijk persoon
79/00;Van den Berg;Carl;10/09/1968;;622873289;Auto;Toerisme en Zaken, gemengd gebruik;Auto Toerisme en Zaken, gemengd gebruik AXA;Auto Toerisme en Zaken, gemengd gebruik AXA;carl.vandenberg@qollabi.com;AXA;Natuurlijk persoon
79/00;Van den Berg;Carl;10/09/1968;;623223650;Auto;Toerisme en Zaken, gemengd gebruik;Auto Toerisme en Zaken, gemengd gebruik AXA;Auto Toerisme en Zaken, gemengd gebruik AXA;carl.vandenberg@qollabi.com;AXA;Natuurlijk persoon
79/00;Van den Berg;Carl;10/09/1968;;624611603;Auto;Toerisme en Zaken, gemengd gebruik;Auto Toerisme en Zaken, gemengd gebruik AXA;Auto Toerisme en Zaken, gemengd gebruik AXA;carl.vandenberg@qollabi.com;AXA;Natuurlijk persoon
79/00;Van den Berg;Carl;10/09/1968;;7957452;BA particulieren;BA Privéleven;BA particulieren BA Privéleven BALOISE INSURANCE;BA particulieren BA Privéleven BALOISE INSURANCE;carl.vandenberg@qollabi.com;BALOISE INSURANCE;Natuurlijk persoon
79/00;Van den Berg;Carl;10/09/1968;;802204017;Brand eenvoudige risico's;Brand ER - woonhuizen;Brand eenvoudige risico's Brand ER - woonhuizen AXA;Brand eenvoudige risico's Brand ER - woonhuizen AXA;carl.vandenberg@qollabi.com;AXA;Natuurlijk persoon
81/00;Thijs;Stefan;27/05/1970;;1001052;Rechtsbijstand;Algemene rechtsbijstand (multi objecttype);Rechtsbijstand Algemene rechtsbijstand (multi objecttype) DAS;Rechtsbijstand Algemene rechtsbijstand (multi objecttype) DAS;stefan.thijs2@qollabi.com;DAS;Natuurlijk persoon
81/00;Thijs;Stefan;27/05/1970;;33013265;Auto;Toerisme en Zaken, gemengd gebruik;Auto Toerisme en Zaken, gemengd gebruik AG INSURANCE;Auto Toerisme en Zaken, gemengd gebruik AG INSURANCE;stefan.thijs2@qollabi.com;AG INSURANCE;Natuurlijk persoon
81/00;Thijs;Stefan;27/05/1970;;622531467;Auto;Bijzondere voertuigen;Auto Bijzondere voertuigen AXA;Auto Bijzondere voertuigen AXA;stefan.thijs2@qollabi.com;AXA;Natuurlijk persoon
81/00;Thijs;Stefan;27/05/1970;;814111052;Brand eenvoudige risico's;Brand ER - woonhuizen;Brand eenvoudige risico's Brand ER - woonhuizen AXA;Brand eenvoudige risico's Brand ER - woonhuizen AXA;stefan.thijs2@qollabi.com;AXA;Natuurlijk persoon
81/00;Thijs;Stefan;27/05/1970;;NCN400065656;BA particulieren;BA Privéleven;BA particulieren BA Privéleven ALLIANZ;BA particulieren BA Privéleven ALLIANZ;stefan.thijs2@qollabi.com;ALLIANZ;Natuurlijk persoon
81/00;Thijs;Stefan;27/05/1970;;SCA009082490;Brand eenvoudige risico's;Brand ER - woonhuizen;Brand eenvoudige risico's Brand ER - woonhuizen ALLIANZ;Brand eenvoudige risico's Brand ER - woonhuizen ALLIANZ;stefan.thijs2@qollabi.com;ALLIANZ;Natuurlijk persoon
81/01;Desmet;Liesbet;18/05/1964;;1924177;Rechtsbijstand;Algemene rechtsbijstand (multi objecttype);Rechtsbijstand Algemene rechtsbijstand (multi objecttype) DAS;Rechtsbijstand Algemene rechtsbijstand (multi objecttype) DAS;liesbet.desmet@qollabi.com;DAS;Natuurlijk persoon
81/01;Desmet;Liesbet;18/05/1964;;5B09283;Auto;Toerisme en Zaken, gemengd gebruik;Auto Toerisme en Zaken, gemengd gebruik BALOISE INSURANCE;Auto Toerisme en Zaken, gemengd gebruik BALOISE INSURANCE;liesbet.desmet@qollabi.com;BALOISE INSURANCE;Natuurlijk persoon
81/01;Desmet;Liesbet;18/05/1964;;5L65694;Auto;Toerisme en Zaken, gemengd gebruik;Auto Toerisme en Zaken, gemengd gebruik BALOISE INSURANCE;Auto Toerisme en Zaken, gemengd gebruik BALOISE INSURANCE;liesbet.desmet@qollabi.com;BALOISE INSURANCE;Natuurlijk persoon
81/01;Desmet;Liesbet;18/05/1964;;7H79853;Individueel;Verkeer & Inzittenden;Individueel Verkeer & Inzittenden BALOISE INSURANCE;Individueel Verkeer & Inzittenden BALOISE INSURANCE;liesbet.desmet@qollabi.com;BALOISE INSURANCE;Natuurlijk persoon
82/00;Verhoeven;Kris;14/04/1978;;1307730;Rechtsbijstand;Algemene rechtsbijstand (multi objecttype);Rechtsbijstand Algemene rechtsbijstand (multi objecttype) DAS;Rechtsbijstand Algemene rechtsbijstand (multi objecttype) DAS;kris.verhoeven@qollabi.com;DAS;Natuurlijk persoon
82/00;Verhoeven;Kris;14/04/1978;;3000266798;Multi-takken;Multi-tak (Particulieren);Multi-takken Multi-tak (Particulieren) EUROP ASSISTANCE BELGIUM;Multi-takken Multi-tak (Particulieren) EUROP ASSISTANCE BELGIUM;kris.verhoeven@qollabi.com;EUROP ASSISTANCE BELGIUM;Natuurlijk persoon
82/00;Verhoeven;Kris;14/04/1978;;3B06312;Brand eenvoudige risico's;Brand ER - woonhuizen;Brand eenvoudige risico's Brand ER - woonhuizen BALOISE INSURANCE;Brand eenvoudige risico's Brand ER - woonhuizen BALOISE INSURANCE;kris.verhoeven@qollabi.com;BALOISE INSURANCE;Natuurlijk persoon
82/00;Verhoeven;Kris;14/04/1978;;622182653;Auto;Motorfietsen;Auto Motorfietsen AXA;Auto Motorfietsen AXA;kris.verhoeven@qollabi.com;AXA;Natuurlijk persoon
82/00;Verhoeven;Kris;14/04/1978;;64525575;BA particulieren;BA Privéleven;BA particulieren BA Privéleven AG INSURANCE;BA particulieren BA Privéleven AG INSURANCE;kris.verhoeven@qollabi.com;AG INSURANCE;Natuurlijk persoon
82/00;Verhoeven;Kris;14/04/1978;;8963145;Auto;Toerisme en Zaken, gemengd gebruik;Auto Toerisme en Zaken, gemengd gebruik BALOISE INSURANCE;Auto Toerisme en Zaken, gemengd gebruik BALOISE INSURANCE;kris.verhoeven@qollabi.com;BALOISE INSURANCE;Natuurlijk persoon
82/00;Verhoeven;Kris;14/04/1978;;BFUD11500800;Leven en belegging;Individueel Leven met vrije stortingen (Tak21-Universal Life;Leven en belegging Individueel Leven met vrije stortingen (Tak21-Universal Life ALLIANZ;Leven en belegging Individueel Leven met vrije stortingen (Tak21-Universal Life ALLIANZ;kris.verhoeven@qollabi.com;ALLIANZ;Natuurlijk persoon
82/01;Fierens;Jessy;21/05/1983;;310174911;Individueel;Hospitalisatie;Individueel Hospitalisatie DKV Belgium;Individueel Hospitalisatie DKV Belgium;kris.verhoeven@qollabi.com;DKV Belgium;Natuurlijk persoon
82/01;Fierens;Jessy;21/05/1983;;356114441;Individueel;Hospitalisatie;Individueel Hospitalisatie DKV Belgium;Individueel Hospitalisatie DKV Belgium;kris.verhoeven@qollabi.com;DKV Belgium;Natuurlijk persoon
85/00;Desmet;Luc;06/09/1955;;624715515;Auto;Toerisme en Zaken, gemengd gebruik;Auto Toerisme en Zaken, gemengd gebruik AXA;Auto Toerisme en Zaken, gemengd gebruik AXA;luc.desmet@qollabi.com;AXA;Natuurlijk persoon
85/00;Desmet;Luc;06/09/1955;;624741959;Auto;Lichte Vrachtwagens;Auto Lichte Vrachtwagens AXA;Auto Lichte Vrachtwagens AXA;luc.desmet@qollabi.com;AXA;Natuurlijk persoon
85/01;Eeckhout;Brigitte;14/04/1958;;1568313;Rechtsbijstand;Algemene rechtsbijstand (multi objecttype);Rechtsbijstand Algemene rechtsbijstand (multi objecttype) DAS;Rechtsbijstand Algemene rechtsbijstand (multi objecttype) DAS;luc.desmet@qollabi.com;DAS;Natuurlijk persoon
85/01;Eeckhout;Brigitte;14/04/1958;;622014915;Auto;Toerisme en Zaken, gemengd gebruik;Auto Toerisme en Zaken, gemengd gebruik AXA;Auto Toerisme en Zaken, gemengd gebruik AXA;luc.desmet@qollabi.com;AXA;Natuurlijk persoon
88/00;Vandenberghe;Pascal;25/02/1967;;1349282;Rechtsbijstand;Algemene rechtsbijstand (multi objecttype);Rechtsbijstand Algemene rechtsbijstand (multi objecttype) DAS;Rechtsbijstand Algemene rechtsbijstand (multi objecttype) DAS;pascal.vandenberghe@qollabi.com;DAS;Natuurlijk persoon
88/00;Vandenberghe;Pascal;25/02/1967;;5L12855;Auto;Toerisme en Zaken, gemengd gebruik;Auto Toerisme en Zaken, gemengd gebruik BALOISE INSURANCE;Auto Toerisme en Zaken, gemengd gebruik BALOISE INSURANCE;pascal.vandenberghe@qollabi.com;BALOISE INSURANCE;Natuurlijk persoon
88/00;Vandenberghe;Pascal;25/02/1967;;5N36115;Auto;Motorfietsen;Auto Motorfietsen BALOISE INSURANCE;Auto Motorfietsen BALOISE INSURANCE;pascal.vandenberghe@qollabi.com;BALOISE INSURANCE;Natuurlijk persoon
88/00;Vandenberghe;Pascal;25/02/1967;;811858690;Multi-takken;Gegroepeerde gezinspolissen Brand + andere (BA Gezin, ...);Multi-takken Gegroepeerde gezinspolissen Brand + andere (BA Gezin, ...) AXA;Multi-takken Gegroepeerde gezinspolissen Brand + andere (BA Gezin, ...) AXA;pascal.vandenberghe@qollabi.com;AXA;Natuurlijk persoon
89/00;De Clercq;Remi;29/05/1946;;1745846;Rechtsbijstand;Algemene rechtsbijstand (multi objecttype);Rechtsbijstand Algemene rechtsbijstand (multi objecttype) DAS;Rechtsbijstand Algemene rechtsbijstand (multi objecttype) DAS;remi.declercq@qollabi.com;DAS;Natuurlijk persoon
89/00;De Clercq;Remi;29/05/1946;;37033481;BA particulieren;BA Privéleven;BA particulieren BA Privéleven AG INSURANCE;BA particulieren BA Privéleven AG INSURANCE;remi.declercq@qollabi.com;AG INSURANCE;Natuurlijk persoon
89/00;De Clercq;Remi;29/05/1946;;44004741;Brand eenvoudige risico's;Brand ER - woonhuizen;Brand eenvoudige risico's Brand ER - woonhuizen AG INSURANCE;Brand eenvoudige risico's Brand ER - woonhuizen AG INSURANCE;remi.declercq@qollabi.com;AG INSURANCE;Natuurlijk persoon
89/00;De Clercq;Remi;29/05/1946;;5D92280;Auto;Toerisme en Zaken, gemengd gebruik;Auto Toerisme en Zaken, gemengd gebruik BALOISE INSURANCE;Auto Toerisme en Zaken, gemengd gebruik BALOISE INSURANCE;remi.declercq@qollabi.com;BALOISE INSURANCE;Natuurlijk persoon
89/00;De Clercq;Remi;29/05/1946;;6091099;Auto;Werktuigen en Tractoren;Auto Werktuigen en Tractoren AG INSURANCE;Auto Werktuigen en Tractoren AG INSURANCE;remi.declercq@qollabi.com;AG INSURANCE;Natuurlijk persoon
89/00;De Clercq;Remi;29/05/1946;;7M93376;Individueel;Verkeer & Inzittenden;Individueel Verkeer & Inzittenden BALOISE INSURANCE;Individueel Verkeer & Inzittenden BALOISE INSURANCE;remi.declercq@qollabi.com;BALOISE INSURANCE;Natuurlijk persoon
89/00;De Clercq;Remi;29/05/1946;;AE07099898;Leven en belegging;Individueel Leven Klassiek (Tak 21);Leven en belegging Individueel Leven Klassiek (Tak 21) AFER EUROPE;Leven en belegging Individueel Leven Klassiek (Tak 21) AFER EUROPE;remi.declercq@qollabi.com;AFER EUROPE;Natuurlijk persoon
89/00;De Clercq;Remi;29/05/1946;;SCA009046980;Brand eenvoudige risico's;Brand ER - handelshuizen;Brand eenvoudige risico's Brand ER - handelshuizen ALLIANZ;Brand eenvoudige risico's Brand ER - handelshuizen ALLIANZ;remi.declercq@qollabi.com;ALLIANZ;Natuurlijk persoon
89/01;Leysen;Josephina;21/03/1946;;I190008717;Leven en belegging;Individueel Leven Klassiek (Tak 21);Leven en belegging Individueel Leven Klassiek (Tak 21) AFER EUROPE;Leven en belegging Individueel Leven Klassiek (Tak 21) AFER EUROPE;;AFER EUROPE;Natuurlijk persoon
91/00;Lemmens;Claire;06/09/1965;;518315716;BA particulieren;BA Privéleven;BA particulieren BA Privéleven AXA;BA particulieren BA Privéleven AXA;claire.lemmens@qollabi.com;AXA;Natuurlijk persoon
92/00;Peeters;Diederik;06/08/1964;;1001246;Rechtsbijstand;Algemene rechtsbijstand (multi objecttype);Rechtsbijstand Algemene rechtsbijstand (multi objecttype) DAS;Rechtsbijstand Algemene rechtsbijstand (multi objecttype) DAS;diederik.peeters@qollabi.com;DAS;Natuurlijk persoon
92/00;Peeters;Diederik;06/08/1964;;120686702;Leven en belegging;Individueel Leven i.v.m. Beleggingsfondsen (Tak 23);Leven en belegging Individueel Leven i.v.m. Beleggingsfondsen (Tak 23) NN INSURANCE BELGIUM;Leven en belegging Individueel Leven i.v.m. Beleggingsfondsen (Tak 23) NN INSURANCE BELGIUM;diederik.peeters@qollabi.com;NN INSURANCE BELGIUM;Natuurlijk persoon
92/00;Peeters;Diederik;06/08/1964;;12481286;Leven en belegging;Individueel Leven i.v.m. Beleggingsfondsen (Tak 23);Leven en belegging Individueel Leven i.v.m. Beleggingsfondsen (Tak 23) AG INSURANCE;Leven en belegging Individueel Leven i.v.m. Beleggingsfondsen (Tak 23) AG INSURANCE;diederik.peeters@qollabi.com;AG INSURANCE;Natuurlijk persoon
92/00;Peeters;Diederik;06/08/1964;;3531238;Brand eenvoudige risico's;Brand ER - woonhuizen;Brand eenvoudige risico's Brand ER - woonhuizen BALOISE INSURANCE;Brand eenvoudige risico's Brand ER - woonhuizen BALOISE INSURANCE;diederik.peeters@qollabi.com;BALOISE INSURANCE;Natuurlijk persoon
92/00;Peeters;Diederik;06/08/1964;;5502060926;Leven en belegging;Individueel Leven met vrije stortingen (Tak21-Universal Life;Leven en belegging Individueel Leven met vrije stortingen (Tak21-Universal Life VIVIUM;Leven en belegging Individueel Leven met vrije stortingen (Tak21-Universal Life VIVIUM;diederik.peeters@qollabi.com;VIVIUM;Natuurlijk persoon
92/00;Peeters;Diederik;06/08/1964;;5A69174;Auto;Toerisme en Zaken, gemengd gebruik;Auto Toerisme en Zaken, gemengd gebruik BALOISE INSURANCE;Auto Toerisme en Zaken, gemengd gebruik BALOISE INSURANCE;diederik.peeters@qollabi.com;BALOISE INSURANCE;Natuurlijk persoon
92/00;Peeters;Diederik;06/08/1964;;5W67934;Auto;Toerisme en Zaken, gemengd gebruik;Auto Toerisme en Zaken, gemengd gebruik BALOISE INSURANCE;Auto Toerisme en Zaken, gemengd gebruik BALOISE INSURANCE;diederik.peeters@qollabi.com;BALOISE INSURANCE;Natuurlijk persoon
92/00;Peeters;Diederik;06/08/1964;;7M34061;BA particulieren;BA Privéleven;BA particulieren BA Privéleven BALOISE INSURANCE;BA particulieren BA Privéleven BALOISE INSURANCE;diederik.peeters@qollabi.com;BALOISE INSURANCE;Natuurlijk persoon
92/00;Peeters;Diederik;06/08/1964;;7M34153;Individueel;Verkeer & Inzittenden;Individueel Verkeer & Inzittenden BALOISE INSURANCE;Individueel Verkeer & Inzittenden BALOISE INSURANCE;diederik.peeters@qollabi.com;BALOISE INSURANCE;Natuurlijk persoon
92/00;Peeters;Diederik;06/08/1964;;8756904;Individueel;Hospitalisatie;Individueel Hospitalisatie AG INSURANCE;Individueel Hospitalisatie AG INSURANCE;diederik.peeters@qollabi.com;AG INSURANCE;Natuurlijk persoon
92/00;Peeters;Diederik;06/08/1964;;AE16194425;Leven en belegging;Individueel Leven Klassiek (Tak 21);Leven en belegging Individueel Leven Klassiek (Tak 21) AFER EUROPE;Leven en belegging Individueel Leven Klassiek (Tak 21) AFER EUROPE;diederik.peeters@qollabi.com;AFER EUROPE;Natuurlijk persoon
92/02;Sels;Matthias;24/03/1999;;120498403;Leven en belegging;Individueel Leven i.v.m. Beleggingsfondsen (Tak 23);Leven en belegging Individueel Leven i.v.m. Beleggingsfondsen (Tak 23) NN INSURANCE BELGIUM;Leven en belegging Individueel Leven i.v.m. Beleggingsfondsen (Tak 23) NN INSURANCE BELGIUM;matthias.sels@qollabi.com;NN INSURANCE BELGIUM;Natuurlijk persoon
92/02;Sels;Matthias;24/03/1999;;2166207;Rechtsbijstand;Algemene rechtsbijstand (multi objecttype);Rechtsbijstand Algemene rechtsbijstand (multi objecttype) DAS;Rechtsbijstand Algemene rechtsbijstand (multi objecttype) DAS;matthias.sels@qollabi.com;DAS;Natuurlijk persoon
92/02;Sels;Matthias;24/03/1999;;5502060923;Leven en belegging;Individueel Leven met vrije stortingen (Tak21-Universal Life;Leven en belegging Individueel Leven met vrije stortingen (Tak21-Universal Life VIVIUM;Leven en belegging Individueel Leven met vrije stortingen (Tak21-Universal Life VIVIUM;matthias.sels@qollabi.com;VIVIUM;Natuurlijk persoon
92/02;Sels;Matthias;24/03/1999;;5503044612;Leven en belegging;Individueel Leven i.v.m. Beleggingsfondsen (Tak 23);Leven en belegging Individueel Leven i.v.m. Beleggingsfondsen (Tak 23) VIVIUM;Leven en belegging Individueel Leven i.v.m. Beleggingsfondsen (Tak 23) VIVIUM;matthias.sels@qollabi.com;VIVIUM;Natuurlijk persoon
92/02;Sels;Matthias;24/03/1999;;5J07002;Auto;Toerisme en Zaken, gemengd gebruik;Auto Toerisme en Zaken, gemengd gebruik BALOISE INSURANCE;Auto Toerisme en Zaken, gemengd gebruik BALOISE INSURANCE;matthias.sels@qollabi.com;BALOISE INSURANCE;Natuurlijk persoon
92/02;Sels;Matthias;24/03/1999;;7L28232;Individueel;Verkeer & Inzittenden;Individueel Verkeer & Inzittenden BALOISE INSURANCE;Individueel Verkeer & Inzittenden BALOISE INSURANCE;matthias.sels@qollabi.com;BALOISE INSURANCE;Natuurlijk persoon
92/02;Sels;Matthias;24/03/1999;;BCID00207801;Leven en belegging;Individueel Leven Klassiek (Tak 21);Leven en belegging Individueel Leven Klassiek (Tak 21) ALLIANZ;Leven en belegging Individueel Leven Klassiek (Tak 21) ALLIANZ;matthias.sels@qollabi.com;ALLIANZ;Natuurlijk persoon
92/02;Sels;Matthias;24/03/1999;;I190000665;Leven en belegging;Individueel Leven Klassiek (Tak 21);Leven en belegging Individueel Leven Klassiek (Tak 21) AFER EUROPE;Leven en belegging Individueel Leven Klassiek (Tak 21) AFER EUROPE;matthias.sels@qollabi.com;AFER EUROPE;Natuurlijk persoon
101/00;Wouters;Roland;19/04/1962;;1029496;Rechtsbijstand;Algemene rechtsbijstand (multi objecttype);Rechtsbijstand Algemene rechtsbijstand (multi objecttype) DAS;Rechtsbijstand Algemene rechtsbijstand (multi objecttype) DAS;roland.wouters@qollabi.com;DAS;Natuurlijk persoon
101/00;Wouters;Roland;19/04/1962;;208039081;Individueel;Hospitalisatie;Individueel Hospitalisatie DKV Belgium;Individueel Hospitalisatie DKV Belgium;roland.wouters@qollabi.com;DKV Belgium;Natuurlijk persoon
101/00;Wouters;Roland;19/04/1962;;38000077965;Multi-takken;Multi-tak (Particulieren);Multi-takken Multi-tak (Particulieren) ALLIANZ  PARTNERS;Multi-takken Multi-tak (Particulieren) ALLIANZ  PARTNERS;roland.wouters@qollabi.com;ALLIANZ  PARTNERS;Natuurlijk persoon
101/00;Wouters;Roland;19/04/1962;;7109416;Individueel;Verkeer & Inzittenden;Individueel Verkeer & Inzittenden BALOISE INSURANCE;Individueel Verkeer & Inzittenden BALOISE INSURANCE;roland.wouters@qollabi.com;BALOISE INSURANCE;Natuurlijk persoon
101/00;Wouters;Roland;19/04/1962;;7884782;BA particulieren;BA Privéleven;BA particulieren BA Privéleven BALOISE INSURANCE;BA particulieren BA Privéleven BALOISE INSURANCE;roland.wouters@qollabi.com;BALOISE INSURANCE;Natuurlijk persoon
101/00;Wouters;Roland;19/04/1962;;8B73833;Auto;Toerisme en Zaken, gemengd gebruik;Auto Toerisme en Zaken, gemengd gebruik BALOISE INSURANCE;Auto Toerisme en Zaken, gemengd gebruik BALOISE INSURANCE;roland.wouters@qollabi.com;BALOISE INSURANCE;Natuurlijk persoon
101/02;Apex Holding;;;;00A2346;BA andere dan particulieren;BA Beroep (Intellectuele, Vrije, Commerciële);BA andere dan particulieren BA Beroep (Intellectuele, Vrije, Commerciële) PROTECT NV;BA andere dan particulieren BA Beroep (Intellectuele, Vrije, Commerciële) PROTECT NV;roland.wouters@qollabi.com;PROTECT NV;Rechtspersoon
101/02;Apex Holding;;;;1686997;Rechtsbijstand;Algemene rechtsbijstand (multi objecttype);Rechtsbijstand Algemene rechtsbijstand (multi objecttype) DAS;Rechtsbijstand Algemene rechtsbijstand (multi objecttype) DAS;roland.wouters@qollabi.com;DAS;Rechtspersoon
101/02;Apex Holding;;;;3780507;Brand eenvoudige risico's;Brand ER - woonhuizen;Brand eenvoudige risico's Brand ER - woonhuizen BALOISE INSURANCE;Brand eenvoudige risico's Brand ER - woonhuizen BALOISE INSURANCE;roland.wouters@qollabi.com;BALOISE INSURANCE;Rechtspersoon
101/02;Apex Holding;;;;5V01760;Auto;Toerisme en Zaken, gemengd gebruik;Auto Toerisme en Zaken, gemengd gebruik BALOISE INSURANCE;Auto Toerisme en Zaken, gemengd gebruik BALOISE INSURANCE;roland.wouters@qollabi.com;BALOISE INSURANCE;Rechtspersoon
101/02;Apex Holding;;;;9724648;Arbeidsongevallen en collectieve verzekeringen;Arbeidsongevallen (Wet);Arbeidsongevallen en collectieve verzekeringen Arbeidsongevallen (Wet) BALOISE INSURANCE;Arbeidsongevallen en collectieve verzekeringen Arbeidsongevallen (Wet) BALOISE INSURANCE;roland.wouters@qollabi.com;BALOISE INSURANCE;Rechtspersoon
101/02;Apex Holding;;;;CS00466276;Auto;Bromfietsen;Auto Bromfietsen BALOISE(ex-Fidea);Auto Bromfietsen BALOISE(ex-Fidea);roland.wouters@qollabi.com;BALOISE(ex-Fidea);Rechtspersoon
102/01;Desmet;Sofie;13/12/1978;;1256043;Individueel;Hospitalisatie;Individueel Hospitalisatie AG INSURANCE;Individueel Hospitalisatie AG INSURANCE;sofie.desmet@qollabi.com;AG INSURANCE;Natuurlijk persoon
104/00;Peters;Patrick;29/04/1960;;888086;Rechtsbijstand;Algemene rechtsbijstand (multi objecttype);Rechtsbijstand Algemene rechtsbijstand (multi objecttype) DAS;Rechtsbijstand Algemene rechtsbijstand (multi objecttype) DAS;patrick.peters2@qollabi.com;DAS;Natuurlijk persoon
104/00;Peters;Patrick;29/04/1960;;1247237;Individueel;Hospitalisatie;Individueel Hospitalisatie AG INSURANCE;Individueel Hospitalisatie AG INSURANCE;patrick.peters2@qollabi.com;AG INSURANCE;Natuurlijk persoon
104/00;Peters;Patrick;29/04/1960;;2227773;Brand eenvoudige risico's;Brand ER - woonhuizen;Brand eenvoudige risico's Brand ER - woonhuizen BALOISE INSURANCE;Brand eenvoudige risico's Brand ER - woonhuizen BALOISE INSURANCE;patrick.peters2@qollabi.com;BALOISE INSURANCE;Natuurlijk persoon
104/00;Peters;Patrick;29/04/1960;;2227774;Brand eenvoudige risico's;Brand ER - woonhuizen;Brand eenvoudige risico's Brand ER - woonhuizen BALOISE INSURANCE;Brand eenvoudige risico's Brand ER - woonhuizen BALOISE INSURANCE;patrick.peters2@qollabi.com;BALOISE INSURANCE;Natuurlijk persoon
104/00;Peters;Patrick;29/04/1960;;2672561;Brand eenvoudige risico's;Brand ER - woonhuizen;Brand eenvoudige risico's Brand ER - woonhuizen BALOISE INSURANCE;Brand eenvoudige risico's Brand ER - woonhuizen BALOISE INSURANCE;patrick.peters2@qollabi.com;BALOISE INSURANCE;Natuurlijk persoon
104/00;Peters;Patrick;29/04/1960;;7950409;BA particulieren;BA Privéleven;BA particulieren BA Privéleven BALOISE INSURANCE;BA particulieren BA Privéleven BALOISE INSURANCE;patrick.peters2@qollabi.com;BALOISE INSURANCE;Natuurlijk persoon
104/02;Renard;Kim;22/02/1990;;8390469;Individueel;Hospitalisatie;Individueel Hospitalisatie AG INSURANCE;Individueel Hospitalisatie AG INSURANCE;kim.renard@qollabi.com;AG INSURANCE;Natuurlijk persoon
105/00;Pauwels;Dominique;21/02/1972;;1170039;Rechtsbijstand;Algemene rechtsbijstand (multi objecttype);Rechtsbijstand Algemene rechtsbijstand (multi objecttype) DAS;Rechtsbijstand Algemene rechtsbijstand (multi objecttype) DAS;dominique.pauwels@qollabi.com;DAS;Natuurlijk persoon
105/00;Pauwels;Dominique;21/02/1972;;2000546;Brand eenvoudige risico's;Brand ER - handelshuizen;Brand eenvoudige risico's Brand ER - handelshuizen BALOISE INSURANCE;Brand eenvoudige risico's Brand ER - handelshuizen BALOISE INSURANCE;dominique.pauwels@qollabi.com;BALOISE INSURANCE;Natuurlijk persoon
105/00;Pauwels;Dominique;21/02/1972;;5704830;Auto;Bromfietsen;Auto Bromfietsen BALOISE INSURANCE;Auto Bromfietsen BALOISE INSURANCE;dominique.pauwels@qollabi.com;BALOISE INSURANCE;Natuurlijk persoon
105/00;Pauwels;Dominique;21/02/1972;;66215516;Individueel;Persoonlijke Ongevallen algemeen;Individueel Persoonlijke Ongevallen algemeen AG INSURANCE;Individueel Persoonlijke Ongevallen algemeen AG INSURANCE;dominique.pauwels@qollabi.com;AG INSURANCE;Natuurlijk persoon
105/00;Pauwels;Dominique;21/02/1972;;816230592;Brand eenvoudige risico's;Brand ER - woonhuizen;Brand eenvoudige risico's Brand ER - woonhuizen AXA;Brand eenvoudige risico's Brand ER - woonhuizen AXA;dominique.pauwels@qollabi.com;AXA;Natuurlijk persoon
105/01;Renard;Kurt;02/01/1970;;5J77399;Auto;Toerisme en Zaken, gemengd gebruik;Auto Toerisme en Zaken, gemengd gebruik BALOISE INSURANCE;Auto Toerisme en Zaken, gemengd gebruik BALOISE INSURANCE;kurt.renard@qollabi.com;BALOISE INSURANCE;Natuurlijk persoon
105/01;Renard;Kurt;02/01/1970;;65029927;Arbeidsongevallen en collectieve verzekeringen;AO huispersoneel;Arbeidsongevallen en collectieve verzekeringen AO huispersoneel AG INSURANCE;Arbeidsongevallen en collectieve verzekeringen AO huispersoneel AG INSURANCE;kurt.renard@qollabi.com;AG INSURANCE;Natuurlijk persoon
105/01;Renard;Kurt;02/01/1970;;7H19470;BA particulieren;BA Privéleven;BA particulieren BA Privéleven BALOISE INSURANCE;BA particulieren BA Privéleven BALOISE INSURANCE;kurt.renard@qollabi.com;BALOISE INSURANCE;Natuurlijk persoon
107/00;Van Dyck;Andre;03/04/1933;;1310016;Rechtsbijstand;Algemene rechtsbijstand (multi objecttype);Rechtsbijstand Algemene rechtsbijstand (multi objecttype) DAS;Rechtsbijstand Algemene rechtsbijstand (multi objecttype) DAS;;DAS;Natuurlijk persoon
107/00;Van Dyck;Andre;03/04/1933;;43862714;Brand eenvoudige risico's;Brand ER - woonhuizen;Brand eenvoudige risico's Brand ER - woonhuizen AG INSURANCE;Brand eenvoudige risico's Brand ER - woonhuizen AG INSURANCE;;AG INSURANCE;Natuurlijk persoon
107/00;Van Dyck;Andre;03/04/1933;;602283733;Auto;Toerisme en Zaken, gemengd gebruik;Auto Toerisme en Zaken, gemengd gebruik AXA;Auto Toerisme en Zaken, gemengd gebruik AXA;;AXA;Natuurlijk persoon
107/00;Van Dyck;Andre;03/04/1933;;7861819;BA particulieren;BA Privéleven;BA particulieren BA Privéleven BALOISE INSURANCE;BA particulieren BA Privéleven BALOISE INSURANCE;;BALOISE INSURANCE;Natuurlijk persoon
108/00;De Smedt;Hugette;30/03/1944;;914117;Rechtsbijstand;Algemene rechtsbijstand (multi objecttype);Rechtsbijstand Algemene rechtsbijstand (multi objecttype) DAS;Rechtsbijstand Algemene rechtsbijstand (multi objecttype) DAS;hugette.desmedt@qollabi.com;DAS;Natuurlijk persoon
108/00;De Smedt;Hugette;30/03/1944;;48924595;Brand eenvoudige risico's;Brand ER - woonhuizen;Brand eenvoudige risico's Brand ER - woonhuizen AG INSURANCE;Brand eenvoudige risico's Brand ER - woonhuizen AG INSURANCE;hugette.desmedt@qollabi.com;AG INSURANCE;Natuurlijk persoon
108/00;De Smedt;Hugette;30/03/1944;;60323221;BA particulieren;BA Privéleven;BA particulieren BA Privéleven AG INSURANCE;BA particulieren BA Privéleven AG INSURANCE;hugette.desmedt@qollabi.com;AG INSURANCE;Natuurlijk persoon
111/00;Peeraer;Robert;15/03/1957;;2520422;Brand eenvoudige risico's;Brand ER - woonhuizen;Brand eenvoudige risico's Brand ER - woonhuizen BALOISE INSURANCE;Brand eenvoudige risico's Brand ER - woonhuizen BALOISE INSURANCE;robert.peeraer@qollabi.com;BALOISE INSURANCE;Natuurlijk persoon
111/00;Peeraer;Robert;15/03/1957;;7102063;BA particulieren;BA Privéleven;BA particulieren BA Privéleven BALOISE INSURANCE;BA particulieren BA Privéleven BALOISE INSURANCE;robert.peeraer@qollabi.com;BALOISE INSURANCE;Natuurlijk persoon
111/00;Peeraer;Robert;15/03/1957;;NCN200386738;Brand eenvoudige risico's;Brand ER - woonhuizen;Brand eenvoudige risico's Brand ER - woonhuizen ALLIANZ;Brand eenvoudige risico's Brand ER - woonhuizen ALLIANZ;robert.peeraer@qollabi.com;ALLIANZ;Natuurlijk persoon
112/00;Leclercq;Mariette;21/09/1929;;46516706;Brand eenvoudige risico's;Brand ER - woonhuizen;Brand eenvoudige risico's Brand ER - woonhuizen AG INSURANCE;Brand eenvoudige risico's Brand ER - woonhuizen AG INSURANCE;;AG INSURANCE;Natuurlijk persoon
113/00;Wouters;Ronald;22/11/1959;;12442482;Leven en belegging;Individueel Leven met vrije stortingen (Tak21-Universal Life;Leven en belegging Individueel Leven met vrije stortingen (Tak21-Universal Life AG INSURANCE;Leven en belegging Individueel Leven met vrije stortingen (Tak21-Universal Life AG INSURANCE;ronald.wouters@qollabi.com;AG INSURANCE;Natuurlijk persoon
120/00;Hendrickx;Willy;25/06/1942;;2537314;Brand eenvoudige risico's;Brand ER - woonhuizen;Brand eenvoudige risico's Brand ER - woonhuizen BALOISE INSURANCE;Brand eenvoudige risico's Brand ER - woonhuizen BALOISE INSURANCE;willy.hendrickx@qollabi.com;BALOISE INSURANCE;Natuurlijk persoon
120/00;Hendrickx;Willy;25/06/1942;;44012080;Brand eenvoudige risico's;Brand ER - woonhuizen;Brand eenvoudige risico's Brand ER - woonhuizen AG INSURANCE;Brand eenvoudige risico's Brand ER - woonhuizen AG INSURANCE;willy.hendrickx@qollabi.com;AG INSURANCE;Natuurlijk persoon
120/00;Hendrickx;Willy;25/06/1942;;602495631;Auto;Toerisme en Zaken, gemengd gebruik;Auto Toerisme en Zaken, gemengd gebruik AXA;Auto Toerisme en Zaken, gemengd gebruik AXA;willy.hendrickx@qollabi.com;AXA;Natuurlijk persoon
120/00;Hendrickx;Willy;25/06/1942;;ACA001432191;BA particulieren;BA Privéleven;BA particulieren BA Privéleven ALLIANZ;BA particulieren BA Privéleven ALLIANZ;willy.hendrickx@qollabi.com;ALLIANZ;Natuurlijk persoon
120/00;Hendrickx;Willy;25/06/1942;;ACA001565937;Individueel;Verkeer & Inzittenden;Individueel Verkeer & Inzittenden ALLIANZ;Individueel Verkeer & Inzittenden ALLIANZ;willy.hendrickx@qollabi.com;ALLIANZ;Natuurlijk persoon
120/01;Renard;Mariette;;;1943929;Brand eenvoudige risico's;Brand ER - woonhuizen;Brand eenvoudige risico's Brand ER - woonhuizen AG INSURANCE;Brand eenvoudige risico's Brand ER - woonhuizen AG INSURANCE;;AG INSURANCE;Natuurlijk persoon
123/00;Sels;Guy;10/05/1953;;974694;Rechtsbijstand;Algemene rechtsbijstand (multi objecttype);Rechtsbijstand Algemene rechtsbijstand (multi objecttype) DAS;Rechtsbijstand Algemene rechtsbijstand (multi objecttype) DAS;guy.sels@qollabi.com;DAS;Natuurlijk persoon
123/00;Sels;Guy;10/05/1953;;217525761;Individueel;Hospitalisatie;Individueel Hospitalisatie DKV Belgium;Individueel Hospitalisatie DKV Belgium;guy.sels@qollabi.com;DKV Belgium;Natuurlijk persoon
123/00;Sels;Guy;10/05/1953;;46756351;Brand eenvoudige risico's;Brand ER - woonhuizen;Brand eenvoudige risico's Brand ER - woonhuizen AG INSURANCE;Brand eenvoudige risico's Brand ER - woonhuizen AG INSURANCE;guy.sels@qollabi.com;AG INSURANCE;Natuurlijk persoon
123/00;Sels;Guy;10/05/1953;;602430964;Auto;Toerisme en Zaken, gemengd gebruik;Auto Toerisme en Zaken, gemengd gebruik AXA;Auto Toerisme en Zaken, gemengd gebruik AXA;guy.sels@qollabi.com;AXA;Natuurlijk persoon
123/00;Sels;Guy;10/05/1953;;7259715;Individueel;Verkeer & Inzittenden;Individueel Verkeer & Inzittenden BALOISE INSURANCE;Individueel Verkeer & Inzittenden BALOISE INSURANCE;guy.sels@qollabi.com;BALOISE INSURANCE;Natuurlijk persoon
123/01;Van Hoeck;Vera;15/07/1954;;5212439;Auto;Toerisme en Zaken, gemengd gebruik;Auto Toerisme en Zaken, gemengd gebruik BALOISE INSURANCE;Auto Toerisme en Zaken, gemengd gebruik BALOISE INSURANCE;guy.sels@qollabi.com;BALOISE INSURANCE;Natuurlijk persoon
124/00;Thijs;Jozef;14/06/1951;;814746;Rechtsbijstand;Algemene rechtsbijstand (multi objecttype);Rechtsbijstand Algemene rechtsbijstand (multi objecttype) DAS;Rechtsbijstand Algemene rechtsbijstand (multi objecttype) DAS;jozef.thijs@qollabi.com;DAS;Natuurlijk persoon
124/00;Thijs;Jozef;14/06/1951;;2376310;Brand eenvoudige risico's;Brand ER - woonhuizen;Brand eenvoudige risico's Brand ER - woonhuizen BALOISE INSURANCE;Brand eenvoudige risico's Brand ER - woonhuizen BALOISE INSURANCE;jozef.thijs@qollabi.com;BALOISE INSURANCE;Natuurlijk persoon
124/00;Thijs;Jozef;14/06/1951;;46956108;Brand eenvoudige risico's;Brand ER - woonhuizen;Brand eenvoudige risico's Brand ER - woonhuizen AG INSURANCE;Brand eenvoudige risico's Brand ER - woonhuizen AG INSURANCE;jozef.thijs@qollabi.com;AG INSURANCE;Natuurlijk persoon
124/00;Thijs;Jozef;14/06/1951;;622721895;Auto;Toerisme en Zaken, gemengd gebruik;Auto Toerisme en Zaken, gemengd gebruik AXA;Auto Toerisme en Zaken, gemengd gebruik AXA;jozef.thijs@qollabi.com;AXA;Natuurlijk persoon
124/00;Thijs;Jozef;14/06/1951;;7790837;BA particulieren;BA Privéleven;BA particulieren BA Privéleven BALOISE INSURANCE;BA particulieren BA Privéleven BALOISE INSURANCE;jozef.thijs@qollabi.com;BALOISE INSURANCE;Natuurlijk persoon
125/01;Moons;Angele;19/06/1948;;48834218;Brand eenvoudige risico's;Brand ER - woonhuizen;Brand eenvoudige risico's Brand ER - woonhuizen AG INSURANCE;Brand eenvoudige risico's Brand ER - woonhuizen AG INSURANCE;;AG INSURANCE;Natuurlijk persoon
127/01;Devos;Marijke;16/03/1959;;A101087;Leven en belegging;Individueel Leven Klassiek (Tak 21);Leven en belegging Individueel Leven Klassiek (Tak 21) BALOISE(ex-Fidea);Leven en belegging Individueel Leven Klassiek (Tak 21) BALOISE(ex-Fidea);;BALOISE(ex-Fidea);Natuurlijk persoon
128/01;Mertens;Marie;23/10/1940;;802186637;Brand eenvoudige risico's;Brand ER - woonhuizen;Brand eenvoudige risico's Brand ER - woonhuizen AXA;Brand eenvoudige risico's Brand ER - woonhuizen AXA;;AXA;Natuurlijk persoon
131/00;Devos;Robert;13/05/1948;13/07/2025;44160168;Brand eenvoudige risico's;Brand ER - handelshuizen;Brand eenvoudige risico's Brand ER - handelshuizen AG INSURANCE;Brand eenvoudige risico's Brand ER - handelshuizen AG INSURANCE;dominique.pauwels@qollabi.com;AG INSURANCE;Natuurlijk persoon
135/00;Leclercq;Christian;11/08/1953;;1120541;Rechtsbijstand;Algemene rechtsbijstand (multi objecttype);Rechtsbijstand Algemene rechtsbijstand (multi objecttype) DAS;Rechtsbijstand Algemene rechtsbijstand (multi objecttype) DAS;christian.leclercq@qollabi.com;DAS;Natuurlijk persoon
135/00;Leclercq;Christian;11/08/1953;;3D79135;Brand eenvoudige risico's;Brand ER - woonhuizen;Brand eenvoudige risico's Brand ER - woonhuizen BALOISE INSURANCE;Brand eenvoudige risico's Brand ER - woonhuizen BALOISE INSURANCE;christian.leclercq@qollabi.com;BALOISE INSURANCE;Natuurlijk persoon
135/00;Leclercq;Christian;11/08/1953;;602530334;Auto;Toerisme en Zaken, gemengd gebruik;Auto Toerisme en Zaken, gemengd gebruik AXA;Auto Toerisme en Zaken, gemengd gebruik AXA;christian.leclercq@qollabi.com;AXA;Natuurlijk persoon
135/00;Leclercq;Christian;11/08/1953;;64260060;BA particulieren;BA Privéleven;BA particulieren BA Privéleven AG INSURANCE;BA particulieren BA Privéleven AG INSURANCE;christian.leclercq@qollabi.com;AG INSURANCE;Natuurlijk persoon
136/01;Van Hoeck;Angele;03/01/1939;;811213;Rechtsbijstand;Rechtsbijstand Privéleven (eventueel met Auto);Rechtsbijstand Rechtsbijstand Privéleven (eventueel met Auto) DAS;Rechtsbijstand Rechtsbijstand Privéleven (eventueel met Auto) DAS;angele.vanhoeck@qollabi.com;DAS;Natuurlijk persoon
136/01;Van Hoeck;Angele;03/01/1939;;10215526;Leven en belegging;Individueel Leven met vrije stortingen (Tak21-Universal Life;Leven en belegging Individueel Leven met vrije stortingen (Tak21-Universal Life AG INSURANCE;Leven en belegging Individueel Leven met vrije stortingen (Tak21-Universal Life AG INSURANCE;angele.vanhoeck@qollabi.com;AG INSURANCE;Natuurlijk persoon
136/01;Van Hoeck;Angele;03/01/1939;;43848788;Brand eenvoudige risico's;Brand ER - woonhuizen;Brand eenvoudige risico's Brand ER - woonhuizen AG INSURANCE;Brand eenvoudige risico's Brand ER - woonhuizen AG INSURANCE;angele.vanhoeck@qollabi.com;AG INSURANCE;Natuurlijk persoon
136/01;Van Hoeck;Angele;03/01/1939;;621838303;Auto;Toerisme en Zaken, gemengd gebruik;Auto Toerisme en Zaken, gemengd gebruik AXA;Auto Toerisme en Zaken, gemengd gebruik AXA;angele.vanhoeck@qollabi.com;AXA;Natuurlijk persoon
136/01;Van Hoeck;Angele;03/01/1939;;ACA001363976;BA particulieren;BA Privéleven;BA particulieren BA Privéleven ALLIANZ;BA particulieren BA Privéleven ALLIANZ;angele.vanhoeck@qollabi.com;ALLIANZ;Natuurlijk persoon
137/00;Desmet;Mark;20/03/1969;;1118430;Rechtsbijstand;Algemene rechtsbijstand (multi objecttype);Rechtsbijstand Algemene rechtsbijstand (multi objecttype) DAS;Rechtsbijstand Algemene rechtsbijstand (multi objecttype) DAS;mark.desmet@qollabi.com;DAS;Natuurlijk persoon
137/00;Desmet;Mark;20/03/1969;;3547997;Brand eenvoudige risico's;Brand ER - woonhuizen;Brand eenvoudige risico's Brand ER - woonhuizen BALOISE INSURANCE;Brand eenvoudige risico's Brand ER - woonhuizen BALOISE INSURANCE;mark.desmet@qollabi.com;BALOISE INSURANCE;Natuurlijk persoon
137/00;Desmet;Mark;20/03/1969;;5B15927;Auto;Toerisme en Zaken, gemengd gebruik;Auto Toerisme en Zaken, gemengd gebruik BALOISE INSURANCE;Auto Toerisme en Zaken, gemengd gebruik BALOISE INSURANCE;mark.desmet@qollabi.com;BALOISE INSURANCE;Natuurlijk persoon
137/00;Desmet;Mark;20/03/1969;;7F01057;BA particulieren;BA Privéleven;BA particulieren BA Privéleven BALOISE INSURANCE;BA particulieren BA Privéleven BALOISE INSURANCE;mark.desmet@qollabi.com;BALOISE INSURANCE;Natuurlijk persoon
137/00;Desmet;Mark;20/03/1969;;7M54363;Individueel;Verkeer & Inzittenden;Individueel Verkeer & Inzittenden BALOISE INSURANCE;Individueel Verkeer & Inzittenden BALOISE INSURANCE;mark.desmet@qollabi.com;BALOISE INSURANCE;Natuurlijk persoon
137/01;Hendrickx;Mila;22/07/1970;;5K32863;Auto;Toerisme en Zaken, gemengd gebruik;Auto Toerisme en Zaken, gemengd gebruik BALOISE INSURANCE;Auto Toerisme en Zaken, gemengd gebruik BALOISE INSURANCE;mark.desmet@qollabi.com;BALOISE INSURANCE;Natuurlijk persoon
138/01;Martens;Annick;30/04/1969;;3568847;Rechtsbijstand;Rechtsbijstand Privéleven (eventueel met Auto);Rechtsbijstand Rechtsbijstand Privéleven (eventueel met Auto) EUROMEX;Rechtsbijstand Rechtsbijstand Privéleven (eventueel met Auto) EUROMEX;annick.martens@qollabi.com;EUROMEX;Natuurlijk persoon
138/01;Martens;Annick;30/04/1969;;624106344;Auto;Toerisme en Zaken, gemengd gebruik;Auto Toerisme en Zaken, gemengd gebruik AXA;Auto Toerisme en Zaken, gemengd gebruik AXA;annick.martens@qollabi.com;AXA;Natuurlijk persoon
138/01;Martens;Annick;30/04/1969;;817080581;Multi-takken;Gegroepeerde gezinspolissen Brand + andere (BA Gezin, ...);Multi-takken Gegroepeerde gezinspolissen Brand + andere (BA Gezin, ...) AXA;Multi-takken Gegroepeerde gezinspolissen Brand + andere (BA Gezin, ...) AXA;annick.martens@qollabi.com;AXA;Natuurlijk persoon
138/01;Martens;Annick;30/04/1969;;8692408;Individueel;Hospitalisatie;Individueel Hospitalisatie AG INSURANCE;Individueel Hospitalisatie AG INSURANCE;annick.martens@qollabi.com;AG INSURANCE;Natuurlijk persoon
141/00;Coppens;Guy;21/06/1971;;CIC1288001;Leven en belegging;Individueel Leven Klassiek (Tak 21);Leven en belegging Individueel Leven Klassiek (Tak 21) BALOISE(ex-Fidea);Leven en belegging Individueel Leven Klassiek (Tak 21) BALOISE(ex-Fidea);;BALOISE(ex-Fidea);Natuurlijk persoon
141/01;Stevens;Christel;09/07/1972;;CIC1288000;Leven en belegging;Individueel Leven Klassiek (Tak 21);Leven en belegging Individueel Leven Klassiek (Tak 21) BALOISE(ex-Fidea);Leven en belegging Individueel Leven Klassiek (Tak 21) BALOISE(ex-Fidea);;BALOISE(ex-Fidea);Natuurlijk persoon
143/00;Michiels;Anne;17/12/1963;;982285;Rechtsbijstand;Algemene rechtsbijstand (multi objecttype);Rechtsbijstand Algemene rechtsbijstand (multi objecttype) DAS;Rechtsbijstand Algemene rechtsbijstand (multi objecttype) DAS;anne.michiels@qollabi.com;DAS;Natuurlijk persoon
143/00;Michiels;Anne;17/12/1963;;600491436;Auto;Toerisme en Zaken, gemengd gebruik;Auto Toerisme en Zaken, gemengd gebruik AXA;Auto Toerisme en Zaken, gemengd gebruik AXA;anne.michiels@qollabi.com;AXA;Natuurlijk persoon
145/00;Willems;Andre;23/10/1946;;46577464;Brand eenvoudige risico's;Brand ER - woonhuizen;Brand eenvoudige risico's Brand ER - woonhuizen AG INSURANCE;Brand eenvoudige risico's Brand ER - woonhuizen AG INSURANCE;;AG INSURANCE;Natuurlijk persoon
149/01;Verhoeven;Simonne;;;2248286;Brand eenvoudige risico's;Brand ER - woonhuizen;Brand eenvoudige risico's Brand ER - woonhuizen BALOISE INSURANCE;Brand eenvoudige risico's Brand ER - woonhuizen BALOISE INSURANCE;;BALOISE INSURANCE;Natuurlijk persoon
155/01;Renard;Cindy;06/06/1977;;2211684;Rechtsbijstand;Algemene rechtsbijstand (multi objecttype);Rechtsbijstand Algemene rechtsbijstand (multi objecttype) DAS;Rechtsbijstand Algemene rechtsbijstand (multi objecttype) DAS;cindy.renard@qollabi.com;DAS;Natuurlijk persoon
155/01;Renard;Cindy;06/06/1977;;5V91531;Auto;Toerisme en Zaken, gemengd gebruik;Auto Toerisme en Zaken, gemengd gebruik BALOISE INSURANCE;Auto Toerisme en Zaken, gemengd gebruik BALOISE INSURANCE;cindy.renard@qollabi.com;BALOISE INSURANCE;Natuurlijk persoon
157/00;Diels;Ben;09/04/1984;;330037664;Leven en belegging;Groep Zelfstandigen;Leven en belegging Groep Zelfstandigen Ergo Life;Leven en belegging Groep Zelfstandigen Ergo Life;ben.diels@qollabi.com;Ergo Life;Natuurlijk persoon
160/00;Raes;Juul;06/02/1936;;44070395;Brand eenvoudige risico's;Brand ER - woonhuizen;Brand eenvoudige risico's Brand ER - woonhuizen AG INSURANCE;Brand eenvoudige risico's Brand ER - woonhuizen AG INSURANCE;;AG INSURANCE;Natuurlijk persoon
160/00;Raes;Juul;06/02/1936;;7L19528;BA particulieren;BA Privéleven;BA particulieren BA Privéleven BALOISE INSURANCE;BA particulieren BA Privéleven BALOISE INSURANCE;;BALOISE INSURANCE;Natuurlijk persoon
163/00;Diels;Luk;08/04/1968;;1363919;Rechtsbijstand;Algemene rechtsbijstand (multi objecttype);Rechtsbijstand Algemene rechtsbijstand (multi objecttype) DAS;Rechtsbijstand Algemene rechtsbijstand (multi objecttype) DAS;luk.diels@qollabi.com;DAS;Natuurlijk persoon
163/00;Diels;Luk;08/04/1968;;3967965;Brand eenvoudige risico's;Brand ER - woonhuizen;Brand eenvoudige risico's Brand ER - woonhuizen BALOISE INSURANCE;Brand eenvoudige risico's Brand ER - woonhuizen BALOISE INSURANCE;luk.diels@qollabi.com;BALOISE INSURANCE;Natuurlijk persoon
163/00;Diels;Luk;08/04/1968;;5T80770;Auto;Toerisme en Zaken, gemengd gebruik;Auto Toerisme en Zaken, gemengd gebruik BALOISE INSURANCE;Auto Toerisme en Zaken, gemengd gebruik BALOISE INSURANCE;luk.diels@qollabi.com;BALOISE INSURANCE;Natuurlijk persoon
163/00;Diels;Luk;08/04/1968;;624239791;Auto;Bromfietsen;Auto Bromfietsen AXA;Auto Bromfietsen AXA;luk.diels@qollabi.com;AXA;Natuurlijk persoon
163/00;Diels;Luk;08/04/1968;;624362035;Auto;Bromfietsen;Auto Bromfietsen AXA;Auto Bromfietsen AXA;luk.diels@qollabi.com;AXA;Natuurlijk persoon
163/00;Diels;Luk;08/04/1968;;7G40807;BA particulieren;BA Privéleven;BA particulieren BA Privéleven BALOISE INSURANCE;BA particulieren BA Privéleven BALOISE INSURANCE;luk.diels@qollabi.com;BALOISE INSURANCE;Natuurlijk persoon
163/00;Diels;Luk;08/04/1968;;QBE1084DJ2VQ;Bijstand;Bijstand (CBFA 18);Bijstand Bijstand (CBFA 18) ALLIANZ  PARTNERS;Bijstand Bijstand (CBFA 18) ALLIANZ  PARTNERS;luk.diels@qollabi.com;ALLIANZ  PARTNERS;Natuurlijk persoon
167/02;Peak Invest;;;;2656820;Brand eenvoudige risico's;Brand ER - handelshuizen;Brand eenvoudige risico's Brand ER - handelshuizen BALOISE INSURANCE;Brand eenvoudige risico's Brand ER - handelshuizen BALOISE INSURANCE;peakinvest@qollabi.com;BALOISE INSURANCE;Rechtspersoon
167/02;Peak Invest;;;;53024622;Brand eenvoudige risico's;Brand ER - handelshuizen;Brand eenvoudige risico's Brand ER - handelshuizen AG INSURANCE;Brand eenvoudige risico's Brand ER - handelshuizen AG INSURANCE;peakinvest@qollabi.com;AG INSURANCE;Rechtspersoon
167/02;Peak Invest;;;;66038139;BA andere dan particulieren;BA Onderneming;BA andere dan particulieren BA Onderneming AG INSURANCE;BA andere dan particulieren BA Onderneming AG INSURANCE;peakinvest@qollabi.com;AG INSURANCE;Rechtspersoon
167/02;Peak Invest;;;;7048796;BA andere dan particulieren;BA Beroep (Intellectuele, Vrije, Commerciële);BA andere dan particulieren BA Beroep (Intellectuele, Vrije, Commerciële) BALOISE INSURANCE;BA andere dan particulieren BA Beroep (Intellectuele, Vrije, Commerciële) BALOISE INSURANCE;peakinvest@qollabi.com;BALOISE INSURANCE;Rechtspersoon
173/00;Leclercq;Luc;24/11/1973;;3056217089;Leven en belegging;Individueel Leven Klassiek (Tak 21);Leven en belegging Individueel Leven Klassiek (Tak 21) BNP PARIBAS;Leven en belegging Individueel Leven Klassiek (Tak 21) BNP PARIBAS;luc.leclercq@qollabi.com;BNP PARIBAS;Natuurlijk persoon
173/00;Leclercq;Luc;24/11/1973;;380628041;Individueel;Gezondheidszorgen;Individueel Gezondheidszorgen DKV Belgium;Individueel Gezondheidszorgen DKV Belgium;luc.leclercq@qollabi.com;DKV Belgium;Natuurlijk persoon
173/00;Leclercq;Luc;24/11/1973;;380723411;Individueel;Gezondheidszorgen;Individueel Gezondheidszorgen DKV Belgium;Individueel Gezondheidszorgen DKV Belgium;luc.leclercq@qollabi.com;DKV Belgium;Natuurlijk persoon
173/00;Leclercq;Luc;24/11/1973;;380723431;Individueel;Gezondheidszorgen;Individueel Gezondheidszorgen DKV Belgium;Individueel Gezondheidszorgen DKV Belgium;luc.leclercq@qollabi.com;DKV Belgium;Natuurlijk persoon
173/02;Nova Holding;;;;00A15415;BA andere dan particulieren;BA Beroep (Intellectuele, Vrije, Commerciële);BA andere dan particulieren BA Beroep (Intellectuele, Vrije, Commerciële) PROTECT NV;BA andere dan particulieren BA Beroep (Intellectuele, Vrije, Commerciële) PROTECT NV;luc.leclercq@qollabi.com;PROTECT NV;Rechtspersoon
173/02;Nova Holding;;;;00R15415;Rechtsbijstand;Rechtsbijstand Beroepsactiviteiten (ev met Auto);Rechtsbijstand Rechtsbijstand Beroepsactiviteiten (ev met Auto) PROTECT NV;Rechtsbijstand Rechtsbijstand Beroepsactiviteiten (ev met Auto) PROTECT NV;luc.leclercq@qollabi.com;PROTECT NV;Rechtspersoon
173/03;Prism Group;;;;23.6725.100;Arbeidsongevallen en collectieve verzekeringen;Collectieve Hospitalisatie;Arbeidsongevallen en collectieve verzekeringen Collectieve Hospitalisatie AXA;Arbeidsongevallen en collectieve verzekeringen Collectieve Hospitalisatie AXA;luc.leclercq@qollabi.com;AXA;Rechtspersoon
175/01;Peeters;Yasmine;17/01/1980;;10736829;Leven en belegging;Individueel Leven met vrije stortingen (Tak21-Universal Life;Leven en belegging Individueel Leven met vrije stortingen (Tak21-Universal Life AG INSURANCE;Leven en belegging Individueel Leven met vrije stortingen (Tak21-Universal Life AG INSURANCE;yasmine.peeters@qollabi.com;AG INSURANCE;Natuurlijk persoon
175/01;Peeters;Yasmine;17/01/1980;;ZCBL02728490;Leven en belegging;Individueel Leven Klassiek (Tak 21);Leven en belegging Individueel Leven Klassiek (Tak 21) ALLIANZ;Leven en belegging Individueel Leven Klassiek (Tak 21) ALLIANZ;yasmine.peeters@qollabi.com;ALLIANZ;Natuurlijk persoon
176/02;Vortex Tech;;;;1028380;Rechtsbijstand;Algemene rechtsbijstand (multi objecttype);Rechtsbijstand Algemene rechtsbijstand (multi objecttype) DAS;Rechtsbijstand Algemene rechtsbijstand (multi objecttype) DAS;vortextech@qollabi.com;DAS;Rechtspersoon
176/02;Vortex Tech;;;;10323608;Leven en belegging;Individueel Leven met vrije stortingen (Tak21-Universal Life;Leven en belegging Individueel Leven met vrije stortingen (Tak21-Universal Life AG INSURANCE;Leven en belegging Individueel Leven met vrije stortingen (Tak21-Universal Life AG INSURANCE;vortextech@qollabi.com;AG INSURANCE;Rechtspersoon
176/02;Vortex Tech;;;;1706840;Leven en belegging;Leven Groep loontrekkenden;Leven en belegging Leven Groep loontrekkenden BALOISE INSURANCE;Leven en belegging Leven Groep loontrekkenden BALOISE INSURANCE;vortextech@qollabi.com;BALOISE INSURANCE;Rechtspersoon
176/02;Vortex Tech;;;;1C17412;Leven en belegging;Individueel Leven met vrije stortingen (Tak21-Universal Life;Leven en belegging Individueel Leven met vrije stortingen (Tak21-Universal Life BALOISE INSURANCE;Leven en belegging Individueel Leven met vrije stortingen (Tak21-Universal Life BALOISE INSURANCE;vortextech@qollabi.com;BALOISE INSURANCE;Rechtspersoon
176/02;Vortex Tech;;;;1C36272;Leven en belegging;Bancaire beleggingsproducten;Leven en belegging Bancaire beleggingsproducten BALOISE INSURANCE;Leven en belegging Bancaire beleggingsproducten BALOISE INSURANCE;vortextech@qollabi.com;BALOISE INSURANCE;Rechtspersoon
176/02;Vortex Tech;;;;212021691;Individueel;Hospitalisatie;Individueel Hospitalisatie DKV Belgium;Individueel Hospitalisatie DKV Belgium;vortextech@qollabi.com;DKV Belgium;Rechtspersoon
176/02;Vortex Tech;;;;220235000101;Leven en belegging;Individueel Leven Klassiek (Tak 21);Leven en belegging Individueel Leven Klassiek (Tak 21) NN INSURANCE BELGIUM;Leven en belegging Individueel Leven Klassiek (Tak 21) NN INSURANCE BELGIUM;vortextech@qollabi.com;NN INSURANCE BELGIUM;Rechtspersoon
176/02;Vortex Tech;;;;252992;Leven en belegging;Individueel Leven Klassiek (Tak 21);Leven en belegging Individueel Leven Klassiek (Tak 21) NN INSURANCE BELGIUM;Leven en belegging Individueel Leven Klassiek (Tak 21) NN INSURANCE BELGIUM;vortextech@qollabi.com;NN INSURANCE BELGIUM;Rechtspersoon
176/02;Vortex Tech;;;;3018089;BA andere dan particulieren;BA Beroep (Intellectuele, Vrije, Commerciële);BA andere dan particulieren BA Beroep (Intellectuele, Vrije, Commerciële) AMLIN EUROPE NV;BA andere dan particulieren BA Beroep (Intellectuele, Vrije, Commerciële) AMLIN EUROPE NV;vortextech@qollabi.com;AMLIN EUROPE NV;Rechtspersoon
176/02;Vortex Tech;;;;310002739470;Leven en belegging;Individueel Leven (Meerdere Takken);Leven en belegging Individueel Leven (Meerdere Takken) NN INSURANCE BELGIUM;Leven en belegging Individueel Leven (Meerdere Takken) NN INSURANCE BELGIUM;vortextech@qollabi.com;NN INSURANCE BELGIUM;Rechtspersoon
176/02;Vortex Tech;;;;320000003746;Leven en belegging;Individueel Leven Klassiek (Tak 21);Leven en belegging Individueel Leven Klassiek (Tak 21) NN INSURANCE BELGIUM;Leven en belegging Individueel Leven Klassiek (Tak 21) NN INSURANCE BELGIUM;vortextech@qollabi.com;NN INSURANCE BELGIUM;Rechtspersoon
176/02;Vortex Tech;;;;347441731;Individueel;Hospitalisatie;Individueel Hospitalisatie DKV Belgium;Individueel Hospitalisatie DKV Belgium;vortextech@qollabi.com;DKV Belgium;Rechtspersoon
176/02;Vortex Tech;;;;356206401;Individueel;Hospitalisatie;Individueel Hospitalisatie DKV Belgium;Individueel Hospitalisatie DKV Belgium;vortextech@qollabi.com;DKV Belgium;Rechtspersoon
176/02;Vortex Tech;;;;4013492;Diversen;Alle Risico's Electronica;Diversen Alle Risico's Electronica BALOISE INSURANCE;Diversen Alle Risico's Electronica BALOISE INSURANCE;vortextech@qollabi.com;BALOISE INSURANCE;Rechtspersoon
176/02;Vortex Tech;;;;42009876;Arbeidsongevallen en collectieve verzekeringen;Collectieve Hospitalisatie;Arbeidsongevallen en collectieve verzekeringen Collectieve Hospitalisatie DKV Belgium;Arbeidsongevallen en collectieve verzekeringen Collectieve Hospitalisatie DKV Belgium;vortextech@qollabi.com;DKV Belgium;Rechtspersoon
176/02;Vortex Tech;;;;5I86774;Auto;Toerisme en Zaken, gemengd gebruik;Auto Toerisme en Zaken, gemengd gebruik BALOISE INSURANCE;Auto Toerisme en Zaken, gemengd gebruik BALOISE INSURANCE;vortextech@qollabi.com;BALOISE INSURANCE;Rechtspersoon
176/02;Vortex Tech;;;;5N47772;Auto;Toerisme en Zaken, gemengd gebruik;Auto Toerisme en Zaken, gemengd gebruik BALOISE INSURANCE;Auto Toerisme en Zaken, gemengd gebruik BALOISE INSURANCE;vortextech@qollabi.com;BALOISE INSURANCE;Rechtspersoon
176/02;Vortex Tech;;;;700024124;Multi-takken;Gegroepeerde Polissen AO, BA, ...;Multi-takken Gegroepeerde Polissen AO, BA, ... AXA;Multi-takken Gegroepeerde Polissen AO, BA, ... AXA;vortextech@qollabi.com;AXA;Rechtspersoon
176/02;Vortex Tech;;;;78000001884;Bijstand;Bijstand (CBFA 18);Bijstand Bijstand (CBFA 18) ALLIANZ  PARTNERS;Bijstand Bijstand (CBFA 18) ALLIANZ  PARTNERS;vortextech@qollabi.com;ALLIANZ  PARTNERS;Rechtspersoon
176/02;Vortex Tech;;;;7924463;Individueel;Verkeer & Inzittenden;Individueel Verkeer & Inzittenden BALOISE INSURANCE;Individueel Verkeer & Inzittenden BALOISE INSURANCE;vortextech@qollabi.com;BALOISE INSURANCE;Rechtspersoon
176/02;Vortex Tech;;;;802180994;Brand eenvoudige risico's;Brand ER - woonhuizen;Brand eenvoudige risico's Brand ER - woonhuizen AXA;Brand eenvoudige risico's Brand ER - woonhuizen AXA;vortextech@qollabi.com;AXA;Rechtspersoon
176/02;Vortex Tech;;;;CC000682;Diversen;Cyber-verzekering;Diversen Cyber-verzekering Cybercontract;Diversen Cyber-verzekering Cybercontract;vortextech@qollabi.com;Cybercontract;Rechtspersoon
176/02;Vortex Tech;;;;DPL020010712;Leven en belegging;Andere Verrichtingen Leven (Takken 22, 24-29);Leven en belegging Andere Verrichtingen Leven (Takken 22, 24-29) Credimo;Leven en belegging Andere Verrichtingen Leven (Takken 22, 24-29) Credimo;vortextech@qollabi.com;Credimo;Rechtspersoon
176/02;Vortex Tech;;;;NCN101073132;Auto;Toerisme en Zaken, gemengd gebruik;Auto Toerisme en Zaken, gemengd gebruik ALLIANZ;Auto Toerisme en Zaken, gemengd gebruik ALLIANZ;vortextech@qollabi.com;ALLIANZ;Rechtspersoon
176/02;Vortex Tech;;;;NCN101073995;Auto;Toerisme en Zaken, gemengd gebruik;Auto Toerisme en Zaken, gemengd gebruik ALLIANZ;Auto Toerisme en Zaken, gemengd gebruik ALLIANZ;vortextech@qollabi.com;ALLIANZ;Rechtspersoon
178/00;Segers;Jozef;06/01/1941;;1421473;Rechtsbijstand;Algemene rechtsbijstand (multi objecttype);Rechtsbijstand Algemene rechtsbijstand (multi objecttype) DAS;Rechtsbijstand Algemene rechtsbijstand (multi objecttype) DAS;;DAS;Natuurlijk persoon
178/00;Segers;Jozef;06/01/1941;;43918663;Brand eenvoudige risico's;Brand ER - woonhuizen;Brand eenvoudige risico's Brand ER - woonhuizen AG INSURANCE;Brand eenvoudige risico's Brand ER - woonhuizen AG INSURANCE;;AG INSURANCE;Natuurlijk persoon
178/00;Segers;Jozef;06/01/1941;;516208386;BA particulieren;BA Privéleven;BA particulieren BA Privéleven AXA;BA particulieren BA Privéleven AXA;;AXA;Natuurlijk persoon
178/00;Segers;Jozef;06/01/1941;;683722303;Auto;Toerisme en Zaken, gemengd gebruik;Auto Toerisme en Zaken, gemengd gebruik AXA;Auto Toerisme en Zaken, gemengd gebruik AXA;;AXA;Natuurlijk persoon
179/00;Eeckhout;Luc;14/05/1960;;40141430674;Leven en belegging;Individueel Leven Klassiek (Tak 21);Leven en belegging Individueel Leven Klassiek (Tak 21) Monument Assurance Belgium;Leven en belegging Individueel Leven Klassiek (Tak 21) Monument Assurance Belgium;luc.eeckhout@qollabi.com;Monument Assurance Belgium;Natuurlijk persoon
179/00;Eeckhout;Luc;14/05/1960;;1047654;Rechtsbijstand;Algemene rechtsbijstand (multi objecttype);Rechtsbijstand Algemene rechtsbijstand (multi objecttype) DAS;Rechtsbijstand Algemene rechtsbijstand (multi objecttype) DAS;luc.eeckhout@qollabi.com;DAS;Natuurlijk persoon
179/00;Eeckhout;Luc;14/05/1960;;141430674;Leven en belegging;Individueel Leven Klassiek (Tak 21);Leven en belegging Individueel Leven Klassiek (Tak 21) AXA;Leven en belegging Individueel Leven Klassiek (Tak 21) AXA;luc.eeckhout@qollabi.com;AXA;Natuurlijk persoon
179/00;Eeckhout;Luc;14/05/1960;;7M00857;Individueel;Verkeer & Inzittenden;Individueel Verkeer & Inzittenden BALOISE INSURANCE;Individueel Verkeer & Inzittenden BALOISE INSURANCE;luc.eeckhout@qollabi.com;BALOISE INSURANCE;Natuurlijk persoon
179/00;Eeckhout;Luc;14/05/1960;;NCN101118485;Auto;Toerisme en Zaken, gemengd gebruik;Auto Toerisme en Zaken, gemengd gebruik ALLIANZ;Auto Toerisme en Zaken, gemengd gebruik ALLIANZ;luc.eeckhout@qollabi.com;ALLIANZ;Natuurlijk persoon
179/01;De Vos;Pascale;09/07/1968;;141430635;Leven en belegging;Individueel Leven Klassiek (Tak 21);Leven en belegging Individueel Leven Klassiek (Tak 21) AXA;Leven en belegging Individueel Leven Klassiek (Tak 21) AXA;luc.eeckhout@qollabi.com;AXA;Natuurlijk persoon
181/00;Lemmens;Roger;03/12/1943;;1070820;Rechtsbijstand;Algemene rechtsbijstand (multi objecttype);Rechtsbijstand Algemene rechtsbijstand (multi objecttype) DAS;Rechtsbijstand Algemene rechtsbijstand (multi objecttype) DAS;roger.lemmens@qollabi.com;DAS;Natuurlijk persoon
181/00;Lemmens;Roger;03/12/1943;;209177331;Individueel;Hospitalisatie;Individueel Hospitalisatie DKV Belgium;Individueel Hospitalisatie DKV Belgium;roger.lemmens@qollabi.com;DKV Belgium;Natuurlijk persoon
181/00;Lemmens;Roger;03/12/1943;;7620479;Individueel;Verkeer & Inzittenden;Individueel Verkeer & Inzittenden BALOISE INSURANCE;Individueel Verkeer & Inzittenden BALOISE INSURANCE;roger.lemmens@qollabi.com;BALOISE INSURANCE;Natuurlijk persoon
181/00;Lemmens;Roger;03/12/1943;;802139779;Multi-takken;Gegroepeerde gezinspolissen Brand + andere (BA Gezin, ...);Multi-takken Gegroepeerde gezinspolissen Brand + andere (BA Gezin, ...) AXA;Multi-takken Gegroepeerde gezinspolissen Brand + andere (BA Gezin, ...) AXA;roger.lemmens@qollabi.com;AXA;Natuurlijk persoon
181/00;Lemmens;Roger;03/12/1943;;AE07103658;Leven en belegging;Individueel Leven Klassiek (Tak 21);Leven en belegging Individueel Leven Klassiek (Tak 21) AFER EUROPE;Leven en belegging Individueel Leven Klassiek (Tak 21) AFER EUROPE;roger.lemmens@qollabi.com;AFER EUROPE;Natuurlijk persoon
181/01;Peters;Elvire;15/03/1944;;1246995;Individueel;Hospitalisatie;Individueel Hospitalisatie AG INSURANCE;Individueel Hospitalisatie AG INSURANCE;elvire.peters@qollabi.com;AG INSURANCE;Natuurlijk persoon
181/01;Peters;Elvire;15/03/1944;;3000147226;Multi-takken;Multi-tak (Particulieren);Multi-takken Multi-tak (Particulieren) EUROP ASSISTANCE BELGIUM;Multi-takken Multi-tak (Particulieren) EUROP ASSISTANCE BELGIUM;elvire.peters@qollabi.com;EUROP ASSISTANCE BELGIUM;Natuurlijk persoon
181/01;Peters;Elvire;15/03/1944;;602432390;Auto;Toerisme en Zaken, gemengd gebruik;Auto Toerisme en Zaken, gemengd gebruik AXA;Auto Toerisme en Zaken, gemengd gebruik AXA;elvire.peters@qollabi.com;AXA;Natuurlijk persoon
181/01;Peters;Elvire;15/03/1944;;7.139.272;Leven en belegging;Individueel Leven Klassiek (Tak 21);Leven en belegging Individueel Leven Klassiek (Tak 21) AFER EUROPE;Leven en belegging Individueel Leven Klassiek (Tak 21) AFER EUROPE;elvire.peters@qollabi.com;AFER EUROPE;Natuurlijk persoon
181/02;Quirynen;;;;BCID00205901;Leven en belegging;Individueel Leven Klassiek (Tak 21);Leven en belegging Individueel Leven Klassiek (Tak 21) ALLIANZ;Leven en belegging Individueel Leven Klassiek (Tak 21) ALLIANZ;;ALLIANZ;Groepering van natuurlijke en/of rechtspersonen
182/00;Stevens;Serge;16/09/1974;;004566961F;Leven en belegging;Individueel Leven Klassiek (Tak 21);Leven en belegging Individueel Leven Klassiek (Tak 21) NN INSURANCE BELGIUM;Leven en belegging Individueel Leven Klassiek (Tak 21) NN INSURANCE BELGIUM;serge.stevens@qollabi.com;NN INSURANCE BELGIUM;Natuurlijk persoon
182/01;Vandenberghe;Kirsten;03/01/1975;;5107186;Leven en belegging;Individueel Leven Klassiek (Tak 21);Leven en belegging Individueel Leven Klassiek (Tak 21) Cardif;Leven en belegging Individueel Leven Klassiek (Tak 21) Cardif;;Cardif;Natuurlijk persoon
185/00;Desmet;René;13/03/1950;;827927;Rechtsbijstand;Algemene rechtsbijstand (multi objecttype);Rechtsbijstand Algemene rechtsbijstand (multi objecttype) DAS;Rechtsbijstand Algemene rechtsbijstand (multi objecttype) DAS;ren.desmet@qollabi.com;DAS;Natuurlijk persoon
185/00;Desmet;René;13/03/1950;;518238916;BA particulieren;BA Privéleven;BA particulieren BA Privéleven AXA;BA particulieren BA Privéleven AXA;ren.desmet@qollabi.com;AXA;Natuurlijk persoon
185/00;Desmet;René;13/03/1950;;5B13663;Auto;Toerisme en Zaken, gemengd gebruik;Auto Toerisme en Zaken, gemengd gebruik BALOISE INSURANCE;Auto Toerisme en Zaken, gemengd gebruik BALOISE INSURANCE;ren.desmet@qollabi.com;BALOISE INSURANCE;Natuurlijk persoon
185/00;Desmet;René;13/03/1950;;7I95868;Individueel;Verkeer & Inzittenden;Individueel Verkeer & Inzittenden BALOISE INSURANCE;Individueel Verkeer & Inzittenden BALOISE INSURANCE;ren.desmet@qollabi.com;BALOISE INSURANCE;Natuurlijk persoon
185/00;Desmet;René;13/03/1950;;CIC1639661;Leven en belegging;Individueel Leven Klassiek (Tak 21);Leven en belegging Individueel Leven Klassiek (Tak 21) BALOISE(ex-Fidea);Leven en belegging Individueel Leven Klassiek (Tak 21) BALOISE(ex-Fidea);ren.desmet@qollabi.com;BALOISE(ex-Fidea);Natuurlijk persoon
185/00;Desmet;René;13/03/1950;;NCN200276919;Brand eenvoudige risico's;Brand ER - woonhuizen;Brand eenvoudige risico's Brand ER - woonhuizen ALLIANZ;Brand eenvoudige risico's Brand ER - woonhuizen ALLIANZ;ren.desmet@qollabi.com;ALLIANZ;Natuurlijk persoon
193/02;Flux Consulting;;;;1161132;Rechtsbijstand;Algemene rechtsbijstand (multi objecttype);Rechtsbijstand Algemene rechtsbijstand (multi objecttype) DAS;Rechtsbijstand Algemene rechtsbijstand (multi objecttype) DAS;fluxconsulting@qollabi.com;DAS;Rechtspersoon
193/02;Flux Consulting;;;;4502754;BA andere dan particulieren;Decennale Aansprakelijkheid;BA andere dan particulieren Decennale Aansprakelijkheid BALOISE INSURANCE;BA andere dan particulieren Decennale Aansprakelijkheid BALOISE INSURANCE;fluxconsulting@qollabi.com;BALOISE INSURANCE;Rechtspersoon
193/02;Flux Consulting;;;;600981189;Auto;Vrachtwagens,V.E.R.(Vervoer Eigen Rek.);Auto Vrachtwagens,V.E.R.(Vervoer Eigen Rek.) AXA;Auto Vrachtwagens,V.E.R.(Vervoer Eigen Rek.) AXA;fluxconsulting@qollabi.com;AXA;Rechtspersoon
193/02;Flux Consulting;;;;601029971;Auto;Bijzondere voertuigen;Auto Bijzondere voertuigen AXA;Auto Bijzondere voertuigen AXA;fluxconsulting@qollabi.com;AXA;Rechtspersoon
193/02;Flux Consulting;;;;621364579;Auto;Lichte Vrachtwagens;Auto Lichte Vrachtwagens AXA;Auto Lichte Vrachtwagens AXA;fluxconsulting@qollabi.com;AXA;Rechtspersoon
193/02;Flux Consulting;;;;622079518;Auto;Lichte Vrachtwagens;Auto Lichte Vrachtwagens AXA;Auto Lichte Vrachtwagens AXA;fluxconsulting@qollabi.com;AXA;Rechtspersoon
193/02;Flux Consulting;;;;622610550;Auto;Lichte Vrachtwagens;Auto Lichte Vrachtwagens AXA;Auto Lichte Vrachtwagens AXA;fluxconsulting@qollabi.com;AXA;Rechtspersoon
193/02;Flux Consulting;;;;622640738;Auto;Bijzondere voertuigen;Auto Bijzondere voertuigen AXA;Auto Bijzondere voertuigen AXA;fluxconsulting@qollabi.com;AXA;Rechtspersoon
193/02;Flux Consulting;;;;623278312;Auto;Lichte Vrachtwagens;Auto Lichte Vrachtwagens AXA;Auto Lichte Vrachtwagens AXA;fluxconsulting@qollabi.com;AXA;Rechtspersoon
193/02;Flux Consulting;;;;623658190;Auto;Motorfietsen;Auto Motorfietsen AXA;Auto Motorfietsen AXA;fluxconsulting@qollabi.com;AXA;Rechtspersoon
193/02;Flux Consulting;;;;624907787;Auto;Lichte Vrachtwagens;Auto Lichte Vrachtwagens AXA;Auto Lichte Vrachtwagens AXA;fluxconsulting@qollabi.com;AXA;Rechtspersoon
193/02;Flux Consulting;;;;7A23819;BA andere dan particulieren;BA Onderneming;BA andere dan particulieren BA Onderneming BALOISE INSURANCE;BA andere dan particulieren BA Onderneming BALOISE INSURANCE;fluxconsulting@qollabi.com;BALOISE INSURANCE;Rechtspersoon
193/02;Flux Consulting;;;;SCA009033654;Brand eenvoudige risico's;Brand ER - handelshuizen;Brand eenvoudige risico's Brand ER - handelshuizen ALLIANZ;Brand eenvoudige risico's Brand ER - handelshuizen ALLIANZ;fluxconsulting@qollabi.com;ALLIANZ;Rechtspersoon
194/00;Rombouts;Alphons;15/12/1941;;818375;Rechtsbijstand;Algemene rechtsbijstand (multi objecttype);Rechtsbijstand Algemene rechtsbijstand (multi objecttype) DAS;Rechtsbijstand Algemene rechtsbijstand (multi objecttype) DAS;;DAS;Natuurlijk persoon
194/00;Rombouts;Alphons;15/12/1941;;502087216;BA particulieren;BA Privéleven;BA particulieren BA Privéleven AXA;BA particulieren BA Privéleven AXA;;AXA;Natuurlijk persoon
194/00;Rombouts;Alphons;15/12/1941;;621246982;Auto;Toerisme en Zaken, gemengd gebruik;Auto Toerisme en Zaken, gemengd gebruik AXA;Auto Toerisme en Zaken, gemengd gebruik AXA;;AXA;Natuurlijk persoon
194/00;Rombouts;Alphons;15/12/1941;;802132798;Brand eenvoudige risico's;Brand ER - woonhuizen;Brand eenvoudige risico's Brand ER - woonhuizen AXA;Brand eenvoudige risico's Brand ER - woonhuizen AXA;;AXA;Natuurlijk persoon
194/00;Rombouts;Alphons;15/12/1941;;802207576;Brand eenvoudige risico's;Brand ER - woonhuizen;Brand eenvoudige risico's Brand ER - woonhuizen AXA;Brand eenvoudige risico's Brand ER - woonhuizen AXA;;AXA;Natuurlijk persoon
194/00;Rombouts;Alphons;15/12/1941;;816670668;Brand eenvoudige risico's;Brand ER - woonhuizen;Brand eenvoudige risico's Brand ER - woonhuizen AXA;Brand eenvoudige risico's Brand ER - woonhuizen AXA;;AXA;Natuurlijk persoon
202/00;Peeraer;Elza;07/07/1929;;ACA001441636;BA particulieren;BA Privéleven;BA particulieren BA Privéleven ALLIANZ;BA particulieren BA Privéleven ALLIANZ;;ALLIANZ;Natuurlijk persoon
206/00;Desmet;Wesley;23/12/1988;;112661728;Leven en belegging;Individueel Leven Klassiek (Tak 21);Leven en belegging Individueel Leven Klassiek (Tak 21) AXA;Leven en belegging Individueel Leven Klassiek (Tak 21) AXA;wesley.desmet@qollabi.com;AXA;Natuurlijk persoon
206/00;Desmet;Wesley;23/12/1988;;120498502;Leven en belegging;Individueel Leven i.v.m. Beleggingsfondsen (Tak 23);Leven en belegging Individueel Leven i.v.m. Beleggingsfondsen (Tak 23) NN INSURANCE BELGIUM;Leven en belegging Individueel Leven i.v.m. Beleggingsfondsen (Tak 23) NN INSURANCE BELGIUM;wesley.desmet@qollabi.com;NN INSURANCE BELGIUM;Natuurlijk persoon
206/00;Desmet;Wesley;23/12/1988;;5U15008;Auto;Lichte Vrachtwagens;Auto Lichte Vrachtwagens BALOISE INSURANCE;Auto Lichte Vrachtwagens BALOISE INSURANCE;wesley.desmet@qollabi.com;BALOISE INSURANCE;Natuurlijk persoon
206/00;Desmet;Wesley;23/12/1988;;816981409;Brand eenvoudige risico's;Brand ER - woonhuizen;Brand eenvoudige risico's Brand ER - woonhuizen AXA;Brand eenvoudige risico's Brand ER - woonhuizen AXA;wesley.desmet@qollabi.com;AXA;Natuurlijk persoon
206/00;Desmet;Wesley;23/12/1988;;BcID00207501;Leven en belegging;Individueel Leven Klassiek (Tak 21);Leven en belegging Individueel Leven Klassiek (Tak 21) ALLIANZ;Leven en belegging Individueel Leven Klassiek (Tak 21) ALLIANZ;wesley.desmet@qollabi.com;ALLIANZ;Natuurlijk persoon
208/00;Vandenberghe;Xavier;30/11/1963;;100101084915;Leven en belegging;Individueel Leven Klassiek (Tak 21);Leven en belegging Individueel Leven Klassiek (Tak 21) Monument Assurance Belgium;Leven en belegging Individueel Leven Klassiek (Tak 21) Monument Assurance Belgium;xavier.vandenberghe@qollabi.com;Monument Assurance Belgium;Natuurlijk persoon
208/00;Vandenberghe;Xavier;30/11/1963;;101084915;Leven en belegging;Individueel Leven Klassiek (Tak 21);Leven en belegging Individueel Leven Klassiek (Tak 21) AXA;Leven en belegging Individueel Leven Klassiek (Tak 21) AXA;xavier.vandenberghe@qollabi.com;AXA;Natuurlijk persoon
208/00;Vandenberghe;Xavier;30/11/1963;;1024025;Rechtsbijstand;Algemene rechtsbijstand (multi objecttype);Rechtsbijstand Algemene rechtsbijstand (multi objecttype) DAS;Rechtsbijstand Algemene rechtsbijstand (multi objecttype) DAS;xavier.vandenberghe@qollabi.com;DAS;Natuurlijk persoon
208/00;Vandenberghe;Xavier;30/11/1963;;118179903;Leven en belegging;Individueel Leven i.v.m. Beleggingsfondsen (Tak 23);Leven en belegging Individueel Leven i.v.m. Beleggingsfondsen (Tak 23) NN INSURANCE BELGIUM;Leven en belegging Individueel Leven i.v.m. Beleggingsfondsen (Tak 23) NN INSURANCE BELGIUM;xavier.vandenberghe@qollabi.com;NN INSURANCE BELGIUM;Natuurlijk persoon
208/00;Vandenberghe;Xavier;30/11/1963;;1C40963;Leven en belegging;Bancaire beleggingsproducten;Leven en belegging Bancaire beleggingsproducten BALOISE INSURANCE;Leven en belegging Bancaire beleggingsproducten BALOISE INSURANCE;xavier.vandenberghe@qollabi.com;BALOISE INSURANCE;Natuurlijk persoon
208/00;Vandenberghe;Xavier;30/11/1963;;64126155;BA particulieren;BA Privéleven;BA particulieren BA Privéleven AG INSURANCE;BA particulieren BA Privéleven AG INSURANCE;xavier.vandenberghe@qollabi.com;AG INSURANCE;Natuurlijk persoon
208/00;Vandenberghe;Xavier;30/11/1963;;802214475;Brand eenvoudige risico's;Brand ER - woonhuizen;Brand eenvoudige risico's Brand ER - woonhuizen AXA;Brand eenvoudige risico's Brand ER - woonhuizen AXA;xavier.vandenberghe@qollabi.com;AXA;Natuurlijk persoon
208/00;Vandenberghe;Xavier;30/11/1963;;8702309;Auto;Toerisme en Zaken, gemengd gebruik;Auto Toerisme en Zaken, gemengd gebruik BALOISE INSURANCE;Auto Toerisme en Zaken, gemengd gebruik BALOISE INSURANCE;xavier.vandenberghe@qollabi.com;BALOISE INSURANCE;Natuurlijk persoon
208/00;Vandenberghe;Xavier;30/11/1963;;HP-9004087;Leven en belegging;Individueel Leven Klassiek (Tak 21);Leven en belegging Individueel Leven Klassiek (Tak 21) BALOISE(ex-Fidea);Leven en belegging Individueel Leven Klassiek (Tak 21) BALOISE(ex-Fidea);xavier.vandenberghe@qollabi.com;BALOISE(ex-Fidea);Natuurlijk persoon
208/01;Eeckhout;Carine;28/09/1962;;10041332;Leven en belegging;Individueel Leven (Meerdere Takken);Leven en belegging Individueel Leven (Meerdere Takken) AG INSURANCE;Leven en belegging Individueel Leven (Meerdere Takken) AG INSURANCE;carine.eeckhout@qollabi.com;AG INSURANCE;Natuurlijk persoon
208/01;Eeckhout;Carine;28/09/1962;;12361611;Leven en belegging;Individueel Leven met vrije stortingen (Tak21-Universal Life;Leven en belegging Individueel Leven met vrije stortingen (Tak21-Universal Life AG INSURANCE;Leven en belegging Individueel Leven met vrije stortingen (Tak21-Universal Life AG INSURANCE;carine.eeckhout@qollabi.com;AG INSURANCE;Natuurlijk persoon
208/01;Eeckhout;Carine;28/09/1962;;1799778;Rechtsbijstand;Algemene rechtsbijstand (multi objecttype);Rechtsbijstand Algemene rechtsbijstand (multi objecttype) DAS;Rechtsbijstand Algemene rechtsbijstand (multi objecttype) DAS;carine.eeckhout@qollabi.com;DAS;Natuurlijk persoon
208/01;Eeckhout;Carine;28/09/1962;;3781711;Brand eenvoudige risico's;Brand ER - woonhuizen;Brand eenvoudige risico's Brand ER - woonhuizen BALOISE INSURANCE;Brand eenvoudige risico's Brand ER - woonhuizen BALOISE INSURANCE;carine.eeckhout@qollabi.com;BALOISE INSURANCE;Natuurlijk persoon
208/01;Eeckhout;Carine;28/09/1962;;5605916;Leven en belegging;Individueel Leven Klassiek (Tak 21);Leven en belegging Individueel Leven Klassiek (Tak 21) Cardif;Leven en belegging Individueel Leven Klassiek (Tak 21) Cardif;carine.eeckhout@qollabi.com;Cardif;Natuurlijk persoon
208/01;Eeckhout;Carine;28/09/1962;;7G26390;BA particulieren;BA Privéleven;BA particulieren BA Privéleven BALOISE INSURANCE;BA particulieren BA Privéleven BALOISE INSURANCE;carine.eeckhout@qollabi.com;BALOISE INSURANCE;Natuurlijk persoon
209/00;Sels;Willy;24/05/1941;;802130986;Brand eenvoudige risico's;Brand ER - woonhuizen;Brand eenvoudige risico's Brand ER - woonhuizen AXA;Brand eenvoudige risico's Brand ER - woonhuizen AXA;willy.sels@qollabi.com;AXA;Natuurlijk persoon
213/00;Martens;Rene;21/06/1939;;51904386;Brand eenvoudige risico's;Brand ER - woonhuizen;Brand eenvoudige risico's Brand ER - woonhuizen AG INSURANCE;Brand eenvoudige risico's Brand ER - woonhuizen AG INSURANCE;rene.martens@qollabi.com;AG INSURANCE;Natuurlijk persoon
213/00;Martens;Rene;21/06/1939;;7863774;BA particulieren;BA Privéleven;BA particulieren BA Privéleven BALOISE INSURANCE;BA particulieren BA Privéleven BALOISE INSURANCE;rene.martens@qollabi.com;BALOISE INSURANCE;Natuurlijk persoon
213/01;Raes;Jeannine;18/07/1942;;5E92654;Auto;Toerisme en Zaken, gemengd gebruik;Auto Toerisme en Zaken, gemengd gebruik BALOISE INSURANCE;Auto Toerisme en Zaken, gemengd gebruik BALOISE INSURANCE;jeannine.raes@qollabi.com;BALOISE INSURANCE;Natuurlijk persoon
215/01;De Ridder;Elvira;05/06/1946;;1356814;Rechtsbijstand;Algemene rechtsbijstand (multi objecttype);Rechtsbijstand Algemene rechtsbijstand (multi objecttype) DAS;Rechtsbijstand Algemene rechtsbijstand (multi objecttype) DAS;;DAS;Natuurlijk persoon
215/01;De Ridder;Elvira;05/06/1946;;7175595;BA particulieren;BA Privéleven;BA particulieren BA Privéleven BALOISE INSURANCE;BA particulieren BA Privéleven BALOISE INSURANCE;;BALOISE INSURANCE;Natuurlijk persoon
217/00;Huygen;Jean-Pierre;13/06/1958;;46021551;Brand eenvoudige risico's;Brand ER - woonhuizen;Brand eenvoudige risico's Brand ER - woonhuizen AG INSURANCE;Brand eenvoudige risico's Brand ER - woonhuizen AG INSURANCE;;AG INSURANCE;Natuurlijk persoon
219/00;Maes;Chris;24/11/1963;;1006639;Rechtsbijstand;Algemene rechtsbijstand (multi objecttype);Rechtsbijstand Algemene rechtsbijstand (multi objecttype) DAS;Rechtsbijstand Algemene rechtsbijstand (multi objecttype) DAS;chris.maes@qollabi.com;DAS;Natuurlijk persoon
219/00;Maes;Chris;24/11/1963;;11899377;Leven en belegging;Individueel Leven met vrije stortingen (Tak21-Universal Life;Leven en belegging Individueel Leven met vrije stortingen (Tak21-Universal Life AG INSURANCE;Leven en belegging Individueel Leven met vrije stortingen (Tak21-Universal Life AG INSURANCE;chris.maes@qollabi.com;AG INSURANCE;Natuurlijk persoon
219/00;Maes;Chris;24/11/1963;;357853141;Individueel;Hospitalisatie;Individueel Hospitalisatie DKV Belgium;Individueel Hospitalisatie DKV Belgium;chris.maes@qollabi.com;DKV Belgium;Natuurlijk persoon
219/00;Maes;Chris;24/11/1963;;3800363;Brand eenvoudige risico's;Brand ER - woonhuizen;Brand eenvoudige risico's Brand ER - woonhuizen BALOISE INSURANCE;Brand eenvoudige risico's Brand ER - woonhuizen BALOISE INSURANCE;chris.maes@qollabi.com;BALOISE INSURANCE;Natuurlijk persoon
219/00;Maes;Chris;24/11/1963;;5F01048;Auto;Toerisme en Zaken, gemengd gebruik;Auto Toerisme en Zaken, gemengd gebruik BALOISE INSURANCE;Auto Toerisme en Zaken, gemengd gebruik BALOISE INSURANCE;chris.maes@qollabi.com;BALOISE INSURANCE;Natuurlijk persoon
219/00;Maes;Chris;24/11/1963;;7G33942;BA particulieren;BA Privéleven;BA particulieren BA Privéleven BALOISE INSURANCE;BA particulieren BA Privéleven BALOISE INSURANCE;chris.maes@qollabi.com;BALOISE INSURANCE;Natuurlijk persoon
219/00;Maes;Chris;24/11/1963;;HP-9402706;Leven en belegging;Individueel Leven Klassiek (Tak 21);Leven en belegging Individueel Leven Klassiek (Tak 21) BALOISE(ex-Fidea);Leven en belegging Individueel Leven Klassiek (Tak 21) BALOISE(ex-Fidea);chris.maes@qollabi.com;BALOISE(ex-Fidea);Natuurlijk persoon
219/01;Lenaerts;Godelieve;16/12/1963;;1544181;Rechtsbijstand;Algemene rechtsbijstand (multi objecttype);Rechtsbijstand Algemene rechtsbijstand (multi objecttype) DAS;Rechtsbijstand Algemene rechtsbijstand (multi objecttype) DAS;godelieve.lenaerts@qollabi.com;DAS;Natuurlijk persoon
219/01;Lenaerts;Godelieve;16/12/1963;;50159131;Brand eenvoudige risico's;Brand ER - woonhuizen;Brand eenvoudige risico's Brand ER - woonhuizen AG INSURANCE;Brand eenvoudige risico's Brand ER - woonhuizen AG INSURANCE;godelieve.lenaerts@qollabi.com;AG INSURANCE;Natuurlijk persoon
219/01;Lenaerts;Godelieve;16/12/1963;;622781629;Auto;Toerisme en Zaken, gemengd gebruik;Auto Toerisme en Zaken, gemengd gebruik AXA;Auto Toerisme en Zaken, gemengd gebruik AXA;godelieve.lenaerts@qollabi.com;AXA;Natuurlijk persoon
219/01;Lenaerts;Godelieve;16/12/1963;;7F00269;BA particulieren;BA Privéleven;BA particulieren BA Privéleven BALOISE INSURANCE;BA particulieren BA Privéleven BALOISE INSURANCE;godelieve.lenaerts@qollabi.com;BALOISE INSURANCE;Natuurlijk persoon
219/01;Lenaerts;Godelieve;16/12/1963;;8412514;Individueel;Hospitalisatie;Individueel Hospitalisatie AG INSURANCE;Individueel Hospitalisatie AG INSURANCE;godelieve.lenaerts@qollabi.com;AG INSURANCE;Natuurlijk persoon
219/01;Lenaerts;Godelieve;16/12/1963;;HP-9402707;Leven en belegging;Individueel Leven Klassiek (Tak 21);Leven en belegging Individueel Leven Klassiek (Tak 21) BALOISE(ex-Fidea);Leven en belegging Individueel Leven Klassiek (Tak 21) BALOISE(ex-Fidea);godelieve.lenaerts@qollabi.com;BALOISE(ex-Fidea);Natuurlijk persoon
219/02;Peeters;Brigitta;19/08/1959;;5348159;Leven en belegging;Individueel Leven Klassiek (Tak 21);Leven en belegging Individueel Leven Klassiek (Tak 21) Cardif;Leven en belegging Individueel Leven Klassiek (Tak 21) Cardif;brigitta.peeters@qollabi.com;Cardif;Natuurlijk persoon
219/02;Peeters;Brigitta;19/08/1959;;5I18233;Auto;Toerisme en Zaken, gemengd gebruik;Auto Toerisme en Zaken, gemengd gebruik BALOISE INSURANCE;Auto Toerisme en Zaken, gemengd gebruik BALOISE INSURANCE;brigitta.peeters@qollabi.com;BALOISE INSURANCE;Natuurlijk persoon
221/03;Timmermans;Paula;19/08/1944;;44140989;Brand eenvoudige risico's;Brand ER - handelshuizen;Brand eenvoudige risico's Brand ER - handelshuizen AG INSURANCE;Brand eenvoudige risico's Brand ER - handelshuizen AG INSURANCE;;AG INSURANCE;Natuurlijk persoon
224/00;Diels;Jean;16/10/1946;;829909;Rechtsbijstand;Algemene rechtsbijstand (multi objecttype);Rechtsbijstand Algemene rechtsbijstand (multi objecttype) DAS;Rechtsbijstand Algemene rechtsbijstand (multi objecttype) DAS;jean.diels@qollabi.com;DAS;Natuurlijk persoon
224/00;Diels;Jean;16/10/1946;;518268243;BA particulieren;BA Privéleven;BA particulieren BA Privéleven AXA;BA particulieren BA Privéleven AXA;jean.diels@qollabi.com;AXA;Natuurlijk persoon
224/00;Diels;Jean;16/10/1946;;7466180;Individueel;Verkeer & Inzittenden;Individueel Verkeer & Inzittenden BALOISE INSURANCE;Individueel Verkeer & Inzittenden BALOISE INSURANCE;jean.diels@qollabi.com;BALOISE INSURANCE;Natuurlijk persoon
224/00;Diels;Jean;16/10/1946;;8853780;Auto;Toerisme en Zaken, gemengd gebruik;Auto Toerisme en Zaken, gemengd gebruik BALOISE INSURANCE;Auto Toerisme en Zaken, gemengd gebruik BALOISE INSURANCE;jean.diels@qollabi.com;BALOISE INSURANCE;Natuurlijk persoon
225/00;Jacobs;Erik;05/02/1958;;12380101;Leven en belegging;Individueel Leven met vrije stortingen (Tak21-Universal Life;Leven en belegging Individueel Leven met vrije stortingen (Tak21-Universal Life AG INSURANCE;Leven en belegging Individueel Leven met vrije stortingen (Tak21-Universal Life AG INSURANCE;erik.jacobs@qollabi.com;AG INSURANCE;Natuurlijk persoon
225/00;Jacobs;Erik;05/02/1958;;2041139;Rechtsbijstand;Algemene rechtsbijstand (multi objecttype);Rechtsbijstand Algemene rechtsbijstand (multi objecttype) DAS;Rechtsbijstand Algemene rechtsbijstand (multi objecttype) DAS;erik.jacobs@qollabi.com;DAS;Natuurlijk persoon
225/00;Jacobs;Erik;05/02/1958;;624344105;Auto;Toerisme en Zaken, gemengd gebruik;Auto Toerisme en Zaken, gemengd gebruik AXA;Auto Toerisme en Zaken, gemengd gebruik AXA;erik.jacobs@qollabi.com;AXA;Natuurlijk persoon
225/00;Jacobs;Erik;05/02/1958;;802129167;Multi-takken;Gegroepeerde gezinspolissen Brand + andere (BA Gezin, ...);Multi-takken Gegroepeerde gezinspolissen Brand + andere (BA Gezin, ...) AXA;Multi-takken Gegroepeerde gezinspolissen Brand + andere (BA Gezin, ...) AXA;erik.jacobs@qollabi.com;AXA;Natuurlijk persoon
225/00;Jacobs;Erik;05/02/1958;;816634814;Brand eenvoudige risico's;Brand ER - woonhuizen;Brand eenvoudige risico's Brand ER - woonhuizen AXA;Brand eenvoudige risico's Brand ER - woonhuizen AXA;erik.jacobs@qollabi.com;AXA;Natuurlijk persoon
225/00;Jacobs;Erik;05/02/1958;;AE16799066;Leven en belegging;Individueel Leven Klassiek (Tak 21);Leven en belegging Individueel Leven Klassiek (Tak 21) AFER EUROPE;Leven en belegging Individueel Leven Klassiek (Tak 21) AFER EUROPE;erik.jacobs@qollabi.com;AFER EUROPE;Natuurlijk persoon
225/01;Thijs;Linda;28/09/1959;;12431835;Leven en belegging;Individueel Leven met vrije stortingen (Tak21-Universal Life;Leven en belegging Individueel Leven met vrije stortingen (Tak21-Universal Life AG INSURANCE;Leven en belegging Individueel Leven met vrije stortingen (Tak21-Universal Life AG INSURANCE;linda.thijs@qollabi.com;AG INSURANCE;Natuurlijk persoon
225/01;Thijs;Linda;28/09/1959;;16801144;Leven en belegging;Individueel Leven Klassiek (Tak 21);Leven en belegging Individueel Leven Klassiek (Tak 21) AFER EUROPE;Leven en belegging Individueel Leven Klassiek (Tak 21) AFER EUROPE;linda.thijs@qollabi.com;AFER EUROPE;Natuurlijk persoon
225/01;Thijs;Linda;28/09/1959;;68000010397;Bijstand;Bijstand (CBFA 18);Bijstand Bijstand (CBFA 18) ALLIANZ  PARTNERS;Bijstand Bijstand (CBFA 18) ALLIANZ  PARTNERS;linda.thijs@qollabi.com;ALLIANZ  PARTNERS;Natuurlijk persoon
225/01;Thijs;Linda;28/09/1959;;NCN101091682;Auto;Toerisme en Zaken, gemengd gebruik;Auto Toerisme en Zaken, gemengd gebruik ALLIANZ;Auto Toerisme en Zaken, gemengd gebruik ALLIANZ;linda.thijs@qollabi.com;ALLIANZ;Natuurlijk persoon
225/03;Omega Partners;;;;99727459;BA andere dan particulieren;BA Onderneming;BA andere dan particulieren BA Onderneming AG INSURANCE;BA andere dan particulieren BA Onderneming AG INSURANCE;erik.jacobs@qollabi.com;AG INSURANCE;Rechtspersoon
226/00;Timmermans;Dirk;13/11/1957;;1921397;Rechtsbijstand;Algemene rechtsbijstand (multi objecttype);Rechtsbijstand Algemene rechtsbijstand (multi objecttype) DAS;Rechtsbijstand Algemene rechtsbijstand (multi objecttype) DAS;dirk.timmermans@qollabi.com;DAS;Natuurlijk persoon
226/00;Timmermans;Dirk;13/11/1957;;5K13529;Auto;Toerisme en Zaken, gemengd gebruik;Auto Toerisme en Zaken, gemengd gebruik BALOISE INSURANCE;Auto Toerisme en Zaken, gemengd gebruik BALOISE INSURANCE;dirk.timmermans@qollabi.com;BALOISE INSURANCE;Natuurlijk persoon
226/00;Timmermans;Dirk;13/11/1957;;5U33238;Auto;Toerisme en Zaken, gemengd gebruik;Auto Toerisme en Zaken, gemengd gebruik BALOISE INSURANCE;Auto Toerisme en Zaken, gemengd gebruik BALOISE INSURANCE;dirk.timmermans@qollabi.com;BALOISE INSURANCE;Natuurlijk persoon
226/00;Timmermans;Dirk;13/11/1957;;69234091;Arbeidsongevallen en collectieve verzekeringen;AO huispersoneel;Arbeidsongevallen en collectieve verzekeringen AO huispersoneel AG INSURANCE;Arbeidsongevallen en collectieve verzekeringen AO huispersoneel AG INSURANCE;dirk.timmermans@qollabi.com;AG INSURANCE;Natuurlijk persoon
226/00;Timmermans;Dirk;13/11/1957;;69337011;BA particulieren;BA Privéleven;BA particulieren BA Privéleven AG INSURANCE;BA particulieren BA Privéleven AG INSURANCE;dirk.timmermans@qollabi.com;AG INSURANCE;Natuurlijk persoon
226/00;Timmermans;Dirk;13/11/1957;;7H05320;Individueel;Verkeer & Inzittenden;Individueel Verkeer & Inzittenden BALOISE INSURANCE;Individueel Verkeer & Inzittenden BALOISE INSURANCE;dirk.timmermans@qollabi.com;BALOISE INSURANCE;Natuurlijk persoon
229/00;Claes;Wilfried;12/07/1958;;808055;Rechtsbijstand;Algemene rechtsbijstand (multi objecttype);Rechtsbijstand Algemene rechtsbijstand (multi objecttype) DAS;Rechtsbijstand Algemene rechtsbijstand (multi objecttype) DAS;wilfried.claes@qollabi.com;DAS;Natuurlijk persoon
229/00;Claes;Wilfried;12/07/1958;;5239577;Auto;Toerisme en Zaken, gemengd gebruik;Auto Toerisme en Zaken, gemengd gebruik BALOISE INSURANCE;Auto Toerisme en Zaken, gemengd gebruik BALOISE INSURANCE;wilfried.claes@qollabi.com;BALOISE INSURANCE;Natuurlijk persoon
229/00;Claes;Wilfried;12/07/1958;;5L11933;Auto;Toerisme en Zaken, gemengd gebruik;Auto Toerisme en Zaken, gemengd gebruik BALOISE INSURANCE;Auto Toerisme en Zaken, gemengd gebruik BALOISE INSURANCE;wilfried.claes@qollabi.com;BALOISE INSURANCE;Natuurlijk persoon
229/00;Claes;Wilfried;12/07/1958;;7843451;BA particulieren;BA Privéleven;BA particulieren BA Privéleven BALOISE INSURANCE;BA particulieren BA Privéleven BALOISE INSURANCE;wilfried.claes@qollabi.com;BALOISE INSURANCE;Natuurlijk persoon
229/00;Claes;Wilfried;12/07/1958;;7J46369;Individueel;Verkeer & Inzittenden;Individueel Verkeer & Inzittenden BALOISE INSURANCE;Individueel Verkeer & Inzittenden BALOISE INSURANCE;wilfried.claes@qollabi.com;BALOISE INSURANCE;Natuurlijk persoon
231/01;Segers;Mireille;31/01/1951;;816820103;Brand eenvoudige risico's;Brand ER - woonhuizen;Brand eenvoudige risico's Brand ER - woonhuizen AXA;Brand eenvoudige risico's Brand ER - woonhuizen AXA;mireille.segers@qollabi.com;AXA;Natuurlijk persoon
231/02;Nexus Holding;;;;1568719;Rechtsbijstand;Algemene rechtsbijstand (multi objecttype);Rechtsbijstand Algemene rechtsbijstand (multi objecttype) DAS;Rechtsbijstand Algemene rechtsbijstand (multi objecttype) DAS;mireille.segers@qollabi.com;DAS;Rechtspersoon
231/02;Nexus Holding;;;;622016267;Auto;Toerisme en Zaken, gemengd gebruik;Auto Toerisme en Zaken, gemengd gebruik AXA;Auto Toerisme en Zaken, gemengd gebruik AXA;mireille.segers@qollabi.com;AXA;Rechtspersoon
231/02;Nexus Holding;;;;7J42293;Individueel;Verkeer & Inzittenden;Individueel Verkeer & Inzittenden BALOISE INSURANCE;Individueel Verkeer & Inzittenden BALOISE INSURANCE;mireille.segers@qollabi.com;BALOISE INSURANCE;Rechtspersoon
231/02;Nexus Holding;;;;811107066;Brand eenvoudige risico's;Brand ER - woonhuizen;Brand eenvoudige risico's Brand ER - woonhuizen AXA;Brand eenvoudige risico's Brand ER - woonhuizen AXA;mireille.segers@qollabi.com;AXA;Rechtspersoon
232/01;Peters;Dorothea;23/04/1948;;802182284;Brand eenvoudige risico's;Brand ER - woonhuizen;Brand eenvoudige risico's Brand ER - woonhuizen AXA;Brand eenvoudige risico's Brand ER - woonhuizen AXA;;AXA;Natuurlijk persoon
233/00;Maes;Margareta;24/04/1954;;1913955;Rechtsbijstand;Algemene rechtsbijstand (multi objecttype);Rechtsbijstand Algemene rechtsbijstand (multi objecttype) DAS;Rechtsbijstand Algemene rechtsbijstand (multi objecttype) DAS;margareta.maes@qollabi.com;DAS;Natuurlijk persoon
233/00;Maes;Margareta;24/04/1954;;26576833;Individueel;Verkeer & Inzittenden;Individueel Verkeer & Inzittenden AG INSURANCE;Individueel Verkeer & Inzittenden AG INSURANCE;margareta.maes@qollabi.com;AG INSURANCE;Natuurlijk persoon
233/00;Maes;Margareta;24/04/1954;;46171659;Brand eenvoudige risico's;Brand ER - woonhuizen;Brand eenvoudige risico's Brand ER - woonhuizen AG INSURANCE;Brand eenvoudige risico's Brand ER - woonhuizen AG INSURANCE;margareta.maes@qollabi.com;AG INSURANCE;Natuurlijk persoon
233/00;Maes;Margareta;24/04/1954;;65354268;Arbeidsongevallen en collectieve verzekeringen;AO huispersoneel;Arbeidsongevallen en collectieve verzekeringen AO huispersoneel AG INSURANCE;Arbeidsongevallen en collectieve verzekeringen AO huispersoneel AG INSURANCE;margareta.maes@qollabi.com;AG INSURANCE;Natuurlijk persoon
233/00;Maes;Margareta;24/04/1954;;7850195;BA particulieren;BA Privéleven;BA particulieren BA Privéleven BALOISE INSURANCE;BA particulieren BA Privéleven BALOISE INSURANCE;margareta.maes@qollabi.com;BALOISE INSURANCE;Natuurlijk persoon
234/00;Vander Auwera;onbruik !!!!!!;;;518183606;BA andere dan particulieren;BA Verenigingen en Instellingen;BA andere dan particulieren BA Verenigingen en Instellingen AXA;BA andere dan particulieren BA Verenigingen en Instellingen AXA;;AXA;Natuurlijk persoon
235/01;Wouters;Rita;07/03/1956;;930516;Rechtsbijstand;Algemene rechtsbijstand (multi objecttype);Rechtsbijstand Algemene rechtsbijstand (multi objecttype) DAS;Rechtsbijstand Algemene rechtsbijstand (multi objecttype) DAS;rita.wouters@qollabi.com;DAS;Natuurlijk persoon
235/01;Wouters;Rita;07/03/1956;;3829950;Brand eenvoudige risico's;Brand ER - woonhuizen;Brand eenvoudige risico's Brand ER - woonhuizen BALOISE INSURANCE;Brand eenvoudige risico's Brand ER - woonhuizen BALOISE INSURANCE;rita.wouters@qollabi.com;BALOISE INSURANCE;Natuurlijk persoon
235/01;Wouters;Rita;07/03/1956;;5U57765;Auto;Lichte Vrachtwagens;Auto Lichte Vrachtwagens BALOISE INSURANCE;Auto Lichte Vrachtwagens BALOISE INSURANCE;rita.wouters@qollabi.com;BALOISE INSURANCE;Natuurlijk persoon
235/01;Wouters;Rita;07/03/1956;;7E33054;BA andere dan particulieren;BA Onderneming;BA andere dan particulieren BA Onderneming BALOISE INSURANCE;BA andere dan particulieren BA Onderneming BALOISE INSURANCE;rita.wouters@qollabi.com;BALOISE INSURANCE;Natuurlijk persoon
235/01;Wouters;Rita;07/03/1956;;7G50097;BA particulieren;BA Privéleven;BA particulieren BA Privéleven BALOISE INSURANCE;BA particulieren BA Privéleven BALOISE INSURANCE;rita.wouters@qollabi.com;BALOISE INSURANCE;Natuurlijk persoon
235/01;Wouters;Rita;07/03/1956;;QBE20Z9Z7V54;Bijstand;Bijstand (CBFA 18);Bijstand Bijstand (CBFA 18) ALLIANZ  PARTNERS;Bijstand Bijstand (CBFA 18) ALLIANZ  PARTNERS;rita.wouters@qollabi.com;ALLIANZ  PARTNERS;Natuurlijk persoon
238/01;Martens;Rita;29/06/1946;;5E62670;Auto;Toerisme en Zaken, gemengd gebruik;Auto Toerisme en Zaken, gemengd gebruik BALOISE INSURANCE;Auto Toerisme en Zaken, gemengd gebruik BALOISE INSURANCE;;BALOISE INSURANCE;Natuurlijk persoon
238/01;Martens;Rita;29/06/1946;;64279827;Arbeidsongevallen en collectieve verzekeringen;AO huispersoneel;Arbeidsongevallen en collectieve verzekeringen AO huispersoneel AG INSURANCE;Arbeidsongevallen en collectieve verzekeringen AO huispersoneel AG INSURANCE;;AG INSURANCE;Natuurlijk persoon
238/01;Martens;Rita;29/06/1946;;7F52443;BA particulieren;BA Privéleven;BA particulieren BA Privéleven BALOISE INSURANCE;BA particulieren BA Privéleven BALOISE INSURANCE;;BALOISE INSURANCE;Natuurlijk persoon
238/01;Martens;Rita;29/06/1946;;7N03782;Individueel;Verkeer & Inzittenden;Individueel Verkeer & Inzittenden BALOISE INSURANCE;Individueel Verkeer & Inzittenden BALOISE INSURANCE;;BALOISE INSURANCE;Natuurlijk persoon
238/01;Martens;Rita;29/06/1946;;802208459;Brand eenvoudige risico's;Brand ER - woonhuizen;Brand eenvoudige risico's Brand ER - woonhuizen AXA;Brand eenvoudige risico's Brand ER - woonhuizen AXA;;AXA;Natuurlijk persoon
239/00;Van Damme;Hendrik;03/06/1962;;1028369;Rechtsbijstand;Algemene rechtsbijstand (multi objecttype);Rechtsbijstand Algemene rechtsbijstand (multi objecttype) DAS;Rechtsbijstand Algemene rechtsbijstand (multi objecttype) DAS;hendrik.vandamme@qollabi.com;DAS;Natuurlijk persoon
239/00;Van Damme;Hendrik;03/06/1962;;5J96391;Auto;Toerisme en Zaken, gemengd gebruik;Auto Toerisme en Zaken, gemengd gebruik BALOISE INSURANCE;Auto Toerisme en Zaken, gemengd gebruik BALOISE INSURANCE;hendrik.vandamme@qollabi.com;BALOISE INSURANCE;Natuurlijk persoon
239/00;Van Damme;Hendrik;03/06/1962;;60186181;BA particulieren;BA Privéleven;BA particulieren BA Privéleven AG INSURANCE;BA particulieren BA Privéleven AG INSURANCE;hendrik.vandamme@qollabi.com;AG INSURANCE;Natuurlijk persoon
239/01;De Vos;Sonja;22/09/1961;;802194725;Multi-takken;Gegroepeerde gezinspolissen Brand + andere (BA Gezin, ...);Multi-takken Gegroepeerde gezinspolissen Brand + andere (BA Gezin, ...) AXA;Multi-takken Gegroepeerde gezinspolissen Brand + andere (BA Gezin, ...) AXA;;AXA;Natuurlijk persoon
240/00;Leemans;Roger;13/06/1952;;1025378;Rechtsbijstand;Algemene rechtsbijstand (multi objecttype);Rechtsbijstand Algemene rechtsbijstand (multi objecttype) DAS;Rechtsbijstand Algemene rechtsbijstand (multi objecttype) DAS;roger.leemans@qollabi.com;DAS;Natuurlijk persoon
240/00;Leemans;Roger;13/06/1952;;5J68572;Auto;Toerisme en Zaken, gemengd gebruik;Auto Toerisme en Zaken, gemengd gebruik BALOISE INSURANCE;Auto Toerisme en Zaken, gemengd gebruik BALOISE INSURANCE;roger.leemans@qollabi.com;BALOISE INSURANCE;Natuurlijk persoon
240/00;Leemans;Roger;13/06/1952;;602521100;Individueel;Verkeer & Inzittenden;Individueel Verkeer & Inzittenden AXA;Individueel Verkeer & Inzittenden AXA;roger.leemans@qollabi.com;AXA;Natuurlijk persoon
242/00;Van Damme;Jean;26/09/1929;;46211171;Brand eenvoudige risico's;Brand ER - woonhuizen;Brand eenvoudige risico's Brand ER - woonhuizen AG INSURANCE;Brand eenvoudige risico's Brand ER - woonhuizen AG INSURANCE;;AG INSURANCE;Natuurlijk persoon
243/01;Hendrickx;Francine;04/10/1954;;1170316;Rechtsbijstand;Algemene rechtsbijstand (multi objecttype);Rechtsbijstand Algemene rechtsbijstand (multi objecttype) DAS;Rechtsbijstand Algemene rechtsbijstand (multi objecttype) DAS;francine.hendrickx@qollabi.com;DAS;Natuurlijk persoon
243/01;Hendrickx;Francine;04/10/1954;;318751021;Individueel;Hospitalisatie;Individueel Hospitalisatie DKV Belgium;Individueel Hospitalisatie DKV Belgium;francine.hendrickx@qollabi.com;DKV Belgium;Natuurlijk persoon
243/01;Hendrickx;Francine;04/10/1954;;5H72041;Auto;Toerisme en Zaken, gemengd gebruik;Auto Toerisme en Zaken, gemengd gebruik BALOISE INSURANCE;Auto Toerisme en Zaken, gemengd gebruik BALOISE INSURANCE;francine.hendrickx@qollabi.com;BALOISE INSURANCE;Natuurlijk persoon
243/01;Hendrickx;Francine;04/10/1954;;7955814;Individueel;Verkeer & Inzittenden;Individueel Verkeer & Inzittenden BALOISE INSURANCE;Individueel Verkeer & Inzittenden BALOISE INSURANCE;francine.hendrickx@qollabi.com;BALOISE INSURANCE;Natuurlijk persoon
243/01;Hendrickx;Francine;04/10/1954;;816379392;Multi-takken;Gegroepeerde gezinspolissen Brand + andere (BA Gezin, ...);Multi-takken Gegroepeerde gezinspolissen Brand + andere (BA Gezin, ...) AXA;Multi-takken Gegroepeerde gezinspolissen Brand + andere (BA Gezin, ...) AXA;francine.hendrickx@qollabi.com;AXA;Natuurlijk persoon
243/01;Hendrickx;Francine;04/10/1954;;BCBL02733628;Leven en belegging;Individueel Leven Klassiek (Tak 21);Leven en belegging Individueel Leven Klassiek (Tak 21) ALLIANZ;Leven en belegging Individueel Leven Klassiek (Tak 21) ALLIANZ;francine.hendrickx@qollabi.com;ALLIANZ;Natuurlijk persoon
245/00;Lenaerts;Geert;25/03/1963;;2407-700725;Leven en belegging;Individueel Leven Klassiek (Tak 21);Leven en belegging Individueel Leven Klassiek (Tak 21) NN INSURANCE BELGIUM;Leven en belegging Individueel Leven Klassiek (Tak 21) NN INSURANCE BELGIUM;geert.lenaerts@qollabi.com;NN INSURANCE BELGIUM;Natuurlijk persoon
245/00;Lenaerts;Geert;25/03/1963;;46498601;Brand eenvoudige risico's;Brand ER - woonhuizen;Brand eenvoudige risico's Brand ER - woonhuizen AG INSURANCE;Brand eenvoudige risico's Brand ER - woonhuizen AG INSURANCE;geert.lenaerts@qollabi.com;AG INSURANCE;Natuurlijk persoon
245/00;Lenaerts;Geert;25/03/1963;;NCN400095608;BA particulieren;BA Privéleven;BA particulieren BA Privéleven ALLIANZ;BA particulieren BA Privéleven ALLIANZ;geert.lenaerts@qollabi.com;ALLIANZ;Natuurlijk persoon
245/03;Prism Consulting;;;;1058134;Rechtsbijstand;Algemene rechtsbijstand (multi objecttype);Rechtsbijstand Algemene rechtsbijstand (multi objecttype) DAS;Rechtsbijstand Algemene rechtsbijstand (multi objecttype) DAS;geert.lenaerts@qollabi.com;DAS;Rechtspersoon
245/03;Prism Consulting;;;;28710693;Transport & marine;BA Vervoerder (incl. CMR);Transport & marine BA Vervoerder (incl. CMR) BALOISE(ex-Fidea);Transport & marine BA Vervoerder (incl. CMR) BALOISE(ex-Fidea);geert.lenaerts@qollabi.com;BALOISE(ex-Fidea);Rechtspersoon
245/03;Prism Consulting;;;;329929;Leven en belegging;Groep Zelfstandigen;Leven en belegging Groep Zelfstandigen NN INSURANCE BELGIUM;Leven en belegging Groep Zelfstandigen NN INSURANCE BELGIUM;geert.lenaerts@qollabi.com;NN INSURANCE BELGIUM;Rechtspersoon
245/03;Prism Consulting;;;;379799;Leven en belegging;Groep Zelfstandigen;Leven en belegging Groep Zelfstandigen NN INSURANCE BELGIUM;Leven en belegging Groep Zelfstandigen NN INSURANCE BELGIUM;geert.lenaerts@qollabi.com;NN INSURANCE BELGIUM;Rechtspersoon
245/03;Prism Consulting;;;;46773929;Brand bijzondere risico's;Brand SR;Brand bijzondere risico's Brand SR AG INSURANCE;Brand bijzondere risico's Brand SR AG INSURANCE;geert.lenaerts@qollabi.com;AG INSURANCE;Rechtspersoon
245/03;Prism Consulting;;;;5J35936;Auto;Vrachtwagens,V.R.D.(Vervoer Rek. Derden);Auto Vrachtwagens,V.R.D.(Vervoer Rek. Derden) BALOISE INSURANCE;Auto Vrachtwagens,V.R.D.(Vervoer Rek. Derden) BALOISE INSURANCE;geert.lenaerts@qollabi.com;BALOISE INSURANCE;Rechtspersoon
245/03;Prism Consulting;;;;5J48334;Auto;Vrachtwagens,V.E.R.(Vervoer Eigen Rek.);Auto Vrachtwagens,V.E.R.(Vervoer Eigen Rek.) BALOISE INSURANCE;Auto Vrachtwagens,V.E.R.(Vervoer Eigen Rek.) BALOISE INSURANCE;geert.lenaerts@qollabi.com;BALOISE INSURANCE;Rechtspersoon
245/03;Prism Consulting;;;;5P03820;Auto;Gemengde vloot;Auto Gemengde vloot BALOISE INSURANCE;Auto Gemengde vloot BALOISE INSURANCE;geert.lenaerts@qollabi.com;BALOISE INSURANCE;Rechtspersoon
245/03;Prism Consulting;;;;5U40360;Auto;Toerisme en Zaken, gemengd gebruik;Auto Toerisme en Zaken, gemengd gebruik BALOISE INSURANCE;Auto Toerisme en Zaken, gemengd gebruik BALOISE INSURANCE;geert.lenaerts@qollabi.com;BALOISE INSURANCE;Rechtspersoon
245/03;Prism Consulting;;;;5U83592;Auto;Vrachtwagens,V.E.R.(Vervoer Eigen Rek.);Auto Vrachtwagens,V.E.R.(Vervoer Eigen Rek.) BALOISE INSURANCE;Auto Vrachtwagens,V.E.R.(Vervoer Eigen Rek.) BALOISE INSURANCE;geert.lenaerts@qollabi.com;BALOISE INSURANCE;Rechtspersoon
245/03;Prism Consulting;;;;5U83593;Auto;Toerisme en Zaken, gemengd gebruik;Auto Toerisme en Zaken, gemengd gebruik BALOISE INSURANCE;Auto Toerisme en Zaken, gemengd gebruik BALOISE INSURANCE;geert.lenaerts@qollabi.com;BALOISE INSURANCE;Rechtspersoon
245/03;Prism Consulting;;;;5V91054;Auto;Vrachtwagens,V.E.R.(Vervoer Eigen Rek.);Auto Vrachtwagens,V.E.R.(Vervoer Eigen Rek.) BALOISE INSURANCE;Auto Vrachtwagens,V.E.R.(Vervoer Eigen Rek.) BALOISE INSURANCE;geert.lenaerts@qollabi.com;BALOISE INSURANCE;Rechtspersoon
245/03;Prism Consulting;;;;600570068;Auto;Lichte Vrachtwagens;Auto Lichte Vrachtwagens AXA;Auto Lichte Vrachtwagens AXA;geert.lenaerts@qollabi.com;AXA;Rechtspersoon
245/03;Prism Consulting;;;;730165709;BA andere dan particulieren;BA Beroep (Intellectuele, Vrije, Commerciële);BA andere dan particulieren BA Beroep (Intellectuele, Vrije, Commerciële) AXA;BA andere dan particulieren BA Beroep (Intellectuele, Vrije, Commerciële) AXA;geert.lenaerts@qollabi.com;AXA;Rechtspersoon
245/03;Prism Consulting;;;;8625749;Auto;Lichte Vrachtwagens;Auto Lichte Vrachtwagens BALOISE INSURANCE;Auto Lichte Vrachtwagens BALOISE INSURANCE;geert.lenaerts@qollabi.com;BALOISE INSURANCE;Rechtspersoon
245/03;Prism Consulting;;;;8723641;Auto;Werktuigen en Tractoren;Auto Werktuigen en Tractoren BALOISE INSURANCE;Auto Werktuigen en Tractoren BALOISE INSURANCE;geert.lenaerts@qollabi.com;BALOISE INSURANCE;Rechtspersoon
245/03;Prism Consulting;;;;8B59354;Auto;Werktuigen en Tractoren;Auto Werktuigen en Tractoren BALOISE INSURANCE;Auto Werktuigen en Tractoren BALOISE INSURANCE;geert.lenaerts@qollabi.com;BALOISE INSURANCE;Rechtspersoon
245/03;Prism Consulting;;;;8C07490;Auto;Werktuigen en Tractoren;Auto Werktuigen en Tractoren BALOISE INSURANCE;Auto Werktuigen en Tractoren BALOISE INSURANCE;geert.lenaerts@qollabi.com;BALOISE INSURANCE;Rechtspersoon
245/03;Prism Consulting;;;;97071238;Arbeidsongevallen en collectieve verzekeringen;Arbeidsongevallen (Wet);Arbeidsongevallen en collectieve verzekeringen Arbeidsongevallen (Wet) AG INSURANCE;Arbeidsongevallen en collectieve verzekeringen Arbeidsongevallen (Wet) AG INSURANCE;geert.lenaerts@qollabi.com;AG INSURANCE;Rechtspersoon
247/00;De Backer;Emile;23/07/1936;;600375591;Auto;Toerisme en Zaken, gemengd gebruik;Auto Toerisme en Zaken, gemengd gebruik AXA;Auto Toerisme en Zaken, gemengd gebruik AXA;;AXA;Natuurlijk persoon
247/00;De Backer;Emile;23/07/1936;;7J69168;BA particulieren;BA Privéleven;BA particulieren BA Privéleven BALOISE INSURANCE;BA particulieren BA Privéleven BALOISE INSURANCE;;BALOISE INSURANCE;Natuurlijk persoon
248/00;Mertens;Andre;18/10/1946;;SCA000110372;Individueel;Gewaarborgd inkomen;Individueel Gewaarborgd inkomen ALLIANZ;Individueel Gewaarborgd inkomen ALLIANZ;;ALLIANZ;Natuurlijk persoon
251/00;Peeraer;Willy;01/11/1941;;1624567;Rechtsbijstand;Algemene rechtsbijstand (multi objecttype);Rechtsbijstand Algemene rechtsbijstand (multi objecttype) DAS;Rechtsbijstand Algemene rechtsbijstand (multi objecttype) DAS;willy.peeraer@qollabi.com;DAS;Natuurlijk persoon
251/00;Peeraer;Willy;01/11/1941;;3580721;Brand eenvoudige risico's;Brand ER - woonhuizen;Brand eenvoudige risico's Brand ER - woonhuizen BALOISE INSURANCE;Brand eenvoudige risico's Brand ER - woonhuizen BALOISE INSURANCE;willy.peeraer@qollabi.com;BALOISE INSURANCE;Natuurlijk persoon
251/00;Peeraer;Willy;01/11/1941;;647514301;Auto;Toerisme en Zaken, gemengd gebruik;Auto Toerisme en Zaken, gemengd gebruik AXA;Auto Toerisme en Zaken, gemengd gebruik AXA;willy.peeraer@qollabi.com;AXA;Natuurlijk persoon
251/00;Peeraer;Willy;01/11/1941;;68000044883;Bijstand;Bijstand (CBFA 18);Bijstand Bijstand (CBFA 18) ALLIANZ  PARTNERS;Bijstand Bijstand (CBFA 18) ALLIANZ  PARTNERS;willy.peeraer@qollabi.com;ALLIANZ  PARTNERS;Natuurlijk persoon
251/00;Peeraer;Willy;01/11/1941;;69333780;BA particulieren;BA Privéleven;BA particulieren BA Privéleven AG INSURANCE;BA particulieren BA Privéleven AG INSURANCE;willy.peeraer@qollabi.com;AG INSURANCE;Natuurlijk persoon
252/00;Thijs;Benjamin;24/08/1965;;3594093;Brand eenvoudige risico's;Brand ER - woonhuizen;Brand eenvoudige risico's Brand ER - woonhuizen BALOISE INSURANCE;Brand eenvoudige risico's Brand ER - woonhuizen BALOISE INSURANCE;benjamin.thijs@qollabi.com;BALOISE INSURANCE;Natuurlijk persoon
252/00;Thijs;Benjamin;24/08/1965;;622361449;Auto;Toerisme en Zaken, gemengd gebruik;Auto Toerisme en Zaken, gemengd gebruik AXA;Auto Toerisme en Zaken, gemengd gebruik AXA;benjamin.thijs@qollabi.com;AXA;Natuurlijk persoon
252/01;De Ridder;Marina;01/03/1964;;887013;Rechtsbijstand;Algemene rechtsbijstand (multi objecttype);Rechtsbijstand Algemene rechtsbijstand (multi objecttype) DAS;Rechtsbijstand Algemene rechtsbijstand (multi objecttype) DAS;benjamin.thijs@qollabi.com;DAS;Natuurlijk persoon
252/01;De Ridder;Marina;01/03/1964;;120619207;Leven en belegging;Individueel Leven i.v.m. Beleggingsfondsen (Tak 23);Leven en belegging Individueel Leven i.v.m. Beleggingsfondsen (Tak 23) NN INSURANCE BELGIUM;Leven en belegging Individueel Leven i.v.m. Beleggingsfondsen (Tak 23) NN INSURANCE BELGIUM;benjamin.thijs@qollabi.com;NN INSURANCE BELGIUM;Natuurlijk persoon
252/01;De Ridder;Marina;01/03/1964;;5D12779;Auto;Toerisme en Zaken, gemengd gebruik;Auto Toerisme en Zaken, gemengd gebruik BALOISE INSURANCE;Auto Toerisme en Zaken, gemengd gebruik BALOISE INSURANCE;benjamin.thijs@qollabi.com;BALOISE INSURANCE;Natuurlijk persoon
252/01;De Ridder;Marina;01/03/1964;;7F69797;BA particulieren;BA Privéleven;BA particulieren BA Privéleven BALOISE INSURANCE;BA particulieren BA Privéleven BALOISE INSURANCE;benjamin.thijs@qollabi.com;BALOISE INSURANCE;Natuurlijk persoon
252/01;De Ridder;Marina;01/03/1964;;811957097;Brand eenvoudige risico's;Brand ER - woonhuizen;Brand eenvoudige risico's Brand ER - woonhuizen AXA;Brand eenvoudige risico's Brand ER - woonhuizen AXA;benjamin.thijs@qollabi.com;AXA;Natuurlijk persoon
252/02;Hendrickx;Stany;15/12/1997;;2024506;Rechtsbijstand;Algemene rechtsbijstand (multi objecttype);Rechtsbijstand Algemene rechtsbijstand (multi objecttype) DAS;Rechtsbijstand Algemene rechtsbijstand (multi objecttype) DAS;stany.hendrickx@qollabi.com;DAS;Natuurlijk persoon
252/02;Hendrickx;Stany;15/12/1997;;624558767;Auto;Toerisme en Zaken, gemengd gebruik;Auto Toerisme en Zaken, gemengd gebruik AXA;Auto Toerisme en Zaken, gemengd gebruik AXA;stany.hendrickx@qollabi.com;AXA;Natuurlijk persoon
256/01;Rombouts;Inge;26/05/1971;;1182967;Rechtsbijstand;Algemene rechtsbijstand (multi objecttype);Rechtsbijstand Algemene rechtsbijstand (multi objecttype) DAS;Rechtsbijstand Algemene rechtsbijstand (multi objecttype) DAS;inge.rombouts@qollabi.com;DAS;Natuurlijk persoon
256/01;Rombouts;Inge;26/05/1971;;602466151;Auto;Toerisme en Zaken, gemengd gebruik;Auto Toerisme en Zaken, gemengd gebruik AXA;Auto Toerisme en Zaken, gemengd gebruik AXA;inge.rombouts@qollabi.com;AXA;Natuurlijk persoon
257/00;Van Acker;Wallace;04/11/1957;;805058;Rechtsbijstand;Algemene rechtsbijstand (multi objecttype);Rechtsbijstand Algemene rechtsbijstand (multi objecttype) DAS;Rechtsbijstand Algemene rechtsbijstand (multi objecttype) DAS;;DAS;Natuurlijk persoon
257/00;Van Acker;Wallace;04/11/1957;;5199767;Auto;Toerisme en Zaken, gemengd gebruik;Auto Toerisme en Zaken, gemengd gebruik BALOISE INSURANCE;Auto Toerisme en Zaken, gemengd gebruik BALOISE INSURANCE;;BALOISE INSURANCE;Natuurlijk persoon
257/00;Van Acker;Wallace;04/11/1957;;610117694;Bijstand;Bijstand (CBFA 18);Bijstand Bijstand (CBFA 18) AXA;Bijstand Bijstand (CBFA 18) AXA;;AXA;Natuurlijk persoon
259/00;Leysen;Dennis;31/05/1969;;1015922;Leven en belegging;Individueel Leven Klassiek (Tak 21);Leven en belegging Individueel Leven Klassiek (Tak 21) Cardif;Leven en belegging Individueel Leven Klassiek (Tak 21) Cardif;dennis.leysen@qollabi.com;Cardif;Natuurlijk persoon
259/00;Leysen;Dennis;31/05/1969;;3592964;Brand eenvoudige risico's;Brand ER - woonhuizen;Brand eenvoudige risico's Brand ER - woonhuizen BALOISE INSURANCE;Brand eenvoudige risico's Brand ER - woonhuizen BALOISE INSURANCE;dennis.leysen@qollabi.com;BALOISE INSURANCE;Natuurlijk persoon
259/00;Leysen;Dennis;31/05/1969;;UCA031009842;BA particulieren;BA Privéleven;BA particulieren BA Privéleven ALLIANZ;BA particulieren BA Privéleven ALLIANZ;dennis.leysen@qollabi.com;ALLIANZ;Natuurlijk persoon
259/01;Diels;Nadia;10/01/1968;;1028240;Rechtsbijstand;Algemene rechtsbijstand (multi objecttype);Rechtsbijstand Algemene rechtsbijstand (multi objecttype) DAS;Rechtsbijstand Algemene rechtsbijstand (multi objecttype) DAS;dennis.leysen@qollabi.com;DAS;Natuurlijk persoon
259/01;Diels;Nadia;10/01/1968;;5H65484;Auto;Toerisme en Zaken, gemengd gebruik;Auto Toerisme en Zaken, gemengd gebruik BALOISE INSURANCE;Auto Toerisme en Zaken, gemengd gebruik BALOISE INSURANCE;dennis.leysen@qollabi.com;BALOISE INSURANCE;Natuurlijk persoon
259/01;Diels;Nadia;10/01/1968;;7N02960;Individueel;Verkeer & Inzittenden;Individueel Verkeer & Inzittenden BALOISE INSURANCE;Individueel Verkeer & Inzittenden BALOISE INSURANCE;dennis.leysen@qollabi.com;BALOISE INSURANCE;Natuurlijk persoon
261/00;Desmet;Tom;15/03/1972;;965113;Rechtsbijstand;Algemene rechtsbijstand (multi objecttype);Rechtsbijstand Algemene rechtsbijstand (multi objecttype) DAS;Rechtsbijstand Algemene rechtsbijstand (multi objecttype) DAS;tom.desmet@qollabi.com;DAS;Natuurlijk persoon
261/00;Desmet;Tom;15/03/1972;;11645870;Leven en belegging;Individueel Leven met vrije stortingen (Tak21-Universal Life;Leven en belegging Individueel Leven met vrije stortingen (Tak21-Universal Life AG INSURANCE;Leven en belegging Individueel Leven met vrije stortingen (Tak21-Universal Life AG INSURANCE;tom.desmet@qollabi.com;AG INSURANCE;Natuurlijk persoon
261/00;Desmet;Tom;15/03/1972;;1A69282;Leven en belegging;Individueel Leven Klassiek (Tak 21);Leven en belegging Individueel Leven Klassiek (Tak 21) BALOISE INSURANCE;Leven en belegging Individueel Leven Klassiek (Tak 21) BALOISE INSURANCE;tom.desmet@qollabi.com;BALOISE INSURANCE;Natuurlijk persoon
261/00;Desmet;Tom;15/03/1972;;5806146;Leven en belegging;Individueel Leven Klassiek (Tak 21);Leven en belegging Individueel Leven Klassiek (Tak 21) Cardif;Leven en belegging Individueel Leven Klassiek (Tak 21) Cardif;tom.desmet@qollabi.com;Cardif;Natuurlijk persoon
261/00;Desmet;Tom;15/03/1972;;600460954;Auto;Toerisme en Zaken, gemengd gebruik;Auto Toerisme en Zaken, gemengd gebruik AXA;Auto Toerisme en Zaken, gemengd gebruik AXA;tom.desmet@qollabi.com;AXA;Natuurlijk persoon
261/00;Desmet;Tom;15/03/1972;;64074772;BA particulieren;BA Privéleven;BA particulieren BA Privéleven AG INSURANCE;BA particulieren BA Privéleven AG INSURANCE;tom.desmet@qollabi.com;AG INSURANCE;Natuurlijk persoon
261/00;Desmet;Tom;15/03/1972;;816993828;Brand eenvoudige risico's;Brand ER - woonhuizen;Brand eenvoudige risico's Brand ER - woonhuizen AXA;Brand eenvoudige risico's Brand ER - woonhuizen AXA;tom.desmet@qollabi.com;AXA;Natuurlijk persoon
261/01;Smeets;Noëlla;12/11/1974;;5806147;Leven en belegging;Individueel Leven Klassiek (Tak 21);Leven en belegging Individueel Leven Klassiek (Tak 21) Cardif;Leven en belegging Individueel Leven Klassiek (Tak 21) Cardif;nolla.smeets@qollabi.com;Cardif;Natuurlijk persoon
261/01;Smeets;Noëlla;12/11/1974;;NCN100704803;Auto;Toerisme en Zaken, gemengd gebruik;Auto Toerisme en Zaken, gemengd gebruik ALLIANZ;Auto Toerisme en Zaken, gemengd gebruik ALLIANZ;nolla.smeets@qollabi.com;ALLIANZ;Natuurlijk persoon
262/00;Desmet;Willem;29/06/1978;;238325931;Individueel;Hospitalisatie;Individueel Hospitalisatie DKV Belgium;Individueel Hospitalisatie DKV Belgium;willem.desmet@qollabi.com;DKV Belgium;Natuurlijk persoon
262/00;Desmet;Willem;29/06/1978;;328603461;Individueel;Hospitalisatie;Individueel Hospitalisatie DKV Belgium;Individueel Hospitalisatie DKV Belgium;willem.desmet@qollabi.com;DKV Belgium;Natuurlijk persoon
262/00;Desmet;Willem;29/06/1978;;353636741;Individueel;Hospitalisatie;Individueel Hospitalisatie DKV Belgium;Individueel Hospitalisatie DKV Belgium;willem.desmet@qollabi.com;DKV Belgium;Natuurlijk persoon
263/00;Huygen;Luc;21/02/1961;;10040179;Leven en belegging;Individueel Leven (Meerdere Takken);Leven en belegging Individueel Leven (Meerdere Takken) AG INSURANCE;Leven en belegging Individueel Leven (Meerdere Takken) AG INSURANCE;luc.huygen@qollabi.com;AG INSURANCE;Natuurlijk persoon
263/00;Huygen;Luc;21/02/1961;;10040336;Leven en belegging;Individueel Leven (Meerdere Takken);Leven en belegging Individueel Leven (Meerdere Takken) AG INSURANCE;Leven en belegging Individueel Leven (Meerdere Takken) AG INSURANCE;luc.huygen@qollabi.com;AG INSURANCE;Natuurlijk persoon
263/00;Huygen;Luc;21/02/1961;;10040342;Leven en belegging;Individueel Leven (Meerdere Takken);Leven en belegging Individueel Leven (Meerdere Takken) AG INSURANCE;Leven en belegging Individueel Leven (Meerdere Takken) AG INSURANCE;luc.huygen@qollabi.com;AG INSURANCE;Natuurlijk persoon
263/00;Huygen;Luc;21/02/1961;;10057246;Leven en belegging;Individueel Leven (Meerdere Takken);Leven en belegging Individueel Leven (Meerdere Takken) AG INSURANCE;Leven en belegging Individueel Leven (Meerdere Takken) AG INSURANCE;luc.huygen@qollabi.com;AG INSURANCE;Natuurlijk persoon
263/00;Huygen;Luc;21/02/1961;;1034470;Leven en belegging;Individueel Leven Klassiek (Tak 21);Leven en belegging Individueel Leven Klassiek (Tak 21) Cardif;Leven en belegging Individueel Leven Klassiek (Tak 21) Cardif;luc.huygen@qollabi.com;Cardif;Natuurlijk persoon
263/00;Huygen;Luc;21/02/1961;;1057536;Rechtsbijstand;Algemene rechtsbijstand (multi objecttype);Rechtsbijstand Algemene rechtsbijstand (multi objecttype) DAS;Rechtsbijstand Algemene rechtsbijstand (multi objecttype) DAS;luc.huygen@qollabi.com;DAS;Natuurlijk persoon
263/00;Huygen;Luc;21/02/1961;;112743802;Leven en belegging;Individueel Leven Klassiek (Tak 21);Leven en belegging Individueel Leven Klassiek (Tak 21) AXA;Leven en belegging Individueel Leven Klassiek (Tak 21) AXA;luc.huygen@qollabi.com;AXA;Natuurlijk persoon
263/00;Huygen;Luc;21/02/1961;;33133619;Auto;Toerisme en Zaken, gemengd gebruik;Auto Toerisme en Zaken, gemengd gebruik AG INSURANCE;Auto Toerisme en Zaken, gemengd gebruik AG INSURANCE;luc.huygen@qollabi.com;AG INSURANCE;Natuurlijk persoon
263/00;Huygen;Luc;21/02/1961;;502086566;BA particulieren;BA Privéleven;BA particulieren BA Privéleven AXA;BA particulieren BA Privéleven AXA;luc.huygen@qollabi.com;AXA;Natuurlijk persoon
263/00;Huygen;Luc;21/02/1961;;5T68959;Auto;Toerisme en Zaken, gemengd gebruik;Auto Toerisme en Zaken, gemengd gebruik BALOISE INSURANCE;Auto Toerisme en Zaken, gemengd gebruik BALOISE INSURANCE;luc.huygen@qollabi.com;BALOISE INSURANCE;Natuurlijk persoon
263/00;Huygen;Luc;21/02/1961;;64239607;Arbeidsongevallen en collectieve verzekeringen;AO huispersoneel;Arbeidsongevallen en collectieve verzekeringen AO huispersoneel AG INSURANCE;Arbeidsongevallen en collectieve verzekeringen AO huispersoneel AG INSURANCE;luc.huygen@qollabi.com;AG INSURANCE;Natuurlijk persoon
263/00;Huygen;Luc;21/02/1961;;816951359;Brand eenvoudige risico's;Brand ER - woonhuizen;Brand eenvoudige risico's Brand ER - woonhuizen AXA;Brand eenvoudige risico's Brand ER - woonhuizen AXA;luc.huygen@qollabi.com;AXA;Natuurlijk persoon
263/01;Lenaerts;Wendy;20/03/1962;;10518514875;Diversen;Dierenverzekeringen;Diversen Dierenverzekeringen SantéVet;Diversen Dierenverzekeringen SantéVet;wendy.lenaerts@qollabi.com;SantéVet;Natuurlijk persoon
263/01;Lenaerts;Wendy;20/03/1962;;112743803;Leven en belegging;Individueel Leven Klassiek (Tak 21);Leven en belegging Individueel Leven Klassiek (Tak 21) AXA;Leven en belegging Individueel Leven Klassiek (Tak 21) AXA;wendy.lenaerts@qollabi.com;AXA;Natuurlijk persoon
263/01;Lenaerts;Wendy;20/03/1962;;228807481;Individueel;Hospitalisatie;Individueel Hospitalisatie DKV Belgium;Individueel Hospitalisatie DKV Belgium;wendy.lenaerts@qollabi.com;DKV Belgium;Natuurlijk persoon
263/01;Lenaerts;Wendy;20/03/1962;;7M10594;Individueel;Verkeer & Inzittenden;Individueel Verkeer & Inzittenden BALOISE INSURANCE;Individueel Verkeer & Inzittenden BALOISE INSURANCE;wendy.lenaerts@qollabi.com;BALOISE INSURANCE;Natuurlijk persoon
264/00;Jacobs;Willem;15/07/1953;;7860077;BA particulieren;BA Privéleven;BA particulieren BA Privéleven BALOISE INSURANCE;BA particulieren BA Privéleven BALOISE INSURANCE;willem.jacobs@qollabi.com;BALOISE INSURANCE;Natuurlijk persoon
267/00;Smeets;Vincent;05/06/1972;;1189580;Rechtsbijstand;Algemene rechtsbijstand (multi objecttype);Rechtsbijstand Algemene rechtsbijstand (multi objecttype) DAS;Rechtsbijstand Algemene rechtsbijstand (multi objecttype) DAS;vincent.smeets@qollabi.com;DAS;Natuurlijk persoon
267/00;Smeets;Vincent;05/06/1972;;2748817;Brand eenvoudige risico's;Brand ER - woonhuizen;Brand eenvoudige risico's Brand ER - woonhuizen BALOISE INSURANCE;Brand eenvoudige risico's Brand ER - woonhuizen BALOISE INSURANCE;vincent.smeets@qollabi.com;BALOISE INSURANCE;Natuurlijk persoon
267/00;Smeets;Vincent;05/06/1972;;5C30632;Auto;Motorfietsen;Auto Motorfietsen BALOISE INSURANCE;Auto Motorfietsen BALOISE INSURANCE;vincent.smeets@qollabi.com;BALOISE INSURANCE;Natuurlijk persoon
267/00;Smeets;Vincent;05/06/1972;;7165371;BA particulieren;BA Privéleven;BA particulieren BA Privéleven BALOISE INSURANCE;BA particulieren BA Privéleven BALOISE INSURANCE;vincent.smeets@qollabi.com;BALOISE INSURANCE;Natuurlijk persoon
269/00;Vandenberghe;Wilfried;22/08/1951;;621950624;Auto;Toerisme en Zaken, gemengd gebruik;Auto Toerisme en Zaken, gemengd gebruik AXA;Auto Toerisme en Zaken, gemengd gebruik AXA;wilfried.vandenberghe@qollabi.com;AXA;Natuurlijk persoon
269/00;Vandenberghe;Wilfried;22/08/1951;;64187753;Arbeidsongevallen en collectieve verzekeringen;AO huispersoneel;Arbeidsongevallen en collectieve verzekeringen AO huispersoneel AG INSURANCE;Arbeidsongevallen en collectieve verzekeringen AO huispersoneel AG INSURANCE;wilfried.vandenberghe@qollabi.com;AG INSURANCE;Natuurlijk persoon
269/00;Vandenberghe;Wilfried;22/08/1951;;802170991;Brand eenvoudige risico's;Brand ER - woonhuizen;Brand eenvoudige risico's Brand ER - woonhuizen AXA;Brand eenvoudige risico's Brand ER - woonhuizen AXA;wilfried.vandenberghe@qollabi.com;AXA;Natuurlijk persoon
269/00;Vandenberghe;Wilfried;22/08/1951;;SCA003727039;BA particulieren;BA Privéleven;BA particulieren BA Privéleven ALLIANZ;BA particulieren BA Privéleven ALLIANZ;wilfried.vandenberghe@qollabi.com;ALLIANZ;Natuurlijk persoon
269/01;De Clercq;Hilda;17/11/1951;;809368;Rechtsbijstand;Algemene rechtsbijstand (multi objecttype);Rechtsbijstand Algemene rechtsbijstand (multi objecttype) DAS;Rechtsbijstand Algemene rechtsbijstand (multi objecttype) DAS;hilda.declercq@qollabi.com;DAS;Natuurlijk persoon
269/01;De Clercq;Hilda;17/11/1951;;1344176;Brand eenvoudige risico's;Brand ER - woonhuizen;Brand eenvoudige risico's Brand ER - woonhuizen AG INSURANCE;Brand eenvoudige risico's Brand ER - woonhuizen AG INSURANCE;hilda.declercq@qollabi.com;AG INSURANCE;Natuurlijk persoon
269/01;De Clercq;Hilda;17/11/1951;;3A23799;Brand eenvoudige risico's;Brand ER - woonhuizen;Brand eenvoudige risico's Brand ER - woonhuizen BALOISE INSURANCE;Brand eenvoudige risico's Brand ER - woonhuizen BALOISE INSURANCE;hilda.declercq@qollabi.com;BALOISE INSURANCE;Natuurlijk persoon
269/01;De Clercq;Hilda;17/11/1951;;622905627;Auto;Toerisme en Zaken, gemengd gebruik;Auto Toerisme en Zaken, gemengd gebruik AXA;Auto Toerisme en Zaken, gemengd gebruik AXA;hilda.declercq@qollabi.com;AXA;Natuurlijk persoon
269/01;De Clercq;Hilda;17/11/1951;;SCA009013050;Brand eenvoudige risico's;Brand ER - handelshuizen;Brand eenvoudige risico's Brand ER - handelshuizen ALLIANZ;Brand eenvoudige risico's Brand ER - handelshuizen ALLIANZ;hilda.declercq@qollabi.com;ALLIANZ;Natuurlijk persoon
270/00;Vandenberghe;Jan;14/05/1958;;12383059;Leven en belegging;Individueel Leven met vrije stortingen (Tak21-Universal Life;Leven en belegging Individueel Leven met vrije stortingen (Tak21-Universal Life AG INSURANCE;Leven en belegging Individueel Leven met vrije stortingen (Tak21-Universal Life AG INSURANCE;jan.vandenberghe@qollabi.com;AG INSURANCE;Natuurlijk persoon
270/00;Vandenberghe;Jan;14/05/1958;;1713801;Rechtsbijstand;Algemene rechtsbijstand (multi objecttype);Rechtsbijstand Algemene rechtsbijstand (multi objecttype) DAS;Rechtsbijstand Algemene rechtsbijstand (multi objecttype) DAS;jan.vandenberghe@qollabi.com;DAS;Natuurlijk persoon
270/00;Vandenberghe;Jan;14/05/1958;;3721492;Brand eenvoudige risico's;Brand ER - woonhuizen;Brand eenvoudige risico's Brand ER - woonhuizen BALOISE INSURANCE;Brand eenvoudige risico's Brand ER - woonhuizen BALOISE INSURANCE;jan.vandenberghe@qollabi.com;BALOISE INSURANCE;Natuurlijk persoon
270/00;Vandenberghe;Jan;14/05/1958;;5H52760;Auto;Toerisme en Zaken, gemengd gebruik;Auto Toerisme en Zaken, gemengd gebruik BALOISE INSURANCE;Auto Toerisme en Zaken, gemengd gebruik BALOISE INSURANCE;jan.vandenberghe@qollabi.com;BALOISE INSURANCE;Natuurlijk persoon
270/00;Vandenberghe;Jan;14/05/1958;;69516760;Arbeidsongevallen en collectieve verzekeringen;AO huispersoneel;Arbeidsongevallen en collectieve verzekeringen AO huispersoneel AG INSURANCE;Arbeidsongevallen en collectieve verzekeringen AO huispersoneel AG INSURANCE;jan.vandenberghe@qollabi.com;AG INSURANCE;Natuurlijk persoon
270/00;Vandenberghe;Jan;14/05/1958;;7F80436;BA particulieren;BA Privéleven;BA particulieren BA Privéleven BALOISE INSURANCE;BA particulieren BA Privéleven BALOISE INSURANCE;jan.vandenberghe@qollabi.com;BALOISE INSURANCE;Natuurlijk persoon
270/00;Vandenberghe;Jan;14/05/1958;;7M86683;Individueel;Verkeer & Inzittenden;Individueel Verkeer & Inzittenden BALOISE INSURANCE;Individueel Verkeer & Inzittenden BALOISE INSURANCE;jan.vandenberghe@qollabi.com;BALOISE INSURANCE;Natuurlijk persoon
270/01;Kerkhofs;Veerle;15/11/1959;;12228893;Leven en belegging;Individueel Leven met vrije stortingen (Tak21-Universal Life;Leven en belegging Individueel Leven met vrije stortingen (Tak21-Universal Life AG INSURANCE;Leven en belegging Individueel Leven met vrije stortingen (Tak21-Universal Life AG INSURANCE;jan.vandenberghe@qollabi.com;AG INSURANCE;Natuurlijk persoon
270/01;Kerkhofs;Veerle;15/11/1959;;NCN101101439;Auto;Toerisme en Zaken, gemengd gebruik;Auto Toerisme en Zaken, gemengd gebruik ALLIANZ;Auto Toerisme en Zaken, gemengd gebruik ALLIANZ;jan.vandenberghe@qollabi.com;ALLIANZ;Natuurlijk persoon
272/00;Maes;Dirk;03/12/1965;;1158327;Rechtsbijstand;Algemene rechtsbijstand (multi objecttype);Rechtsbijstand Algemene rechtsbijstand (multi objecttype) DAS;Rechtsbijstand Algemene rechtsbijstand (multi objecttype) DAS;dirk.maes@qollabi.com;DAS;Natuurlijk persoon
272/00;Maes;Dirk;03/12/1965;;3968118;Brand eenvoudige risico's;Brand ER - woonhuizen;Brand eenvoudige risico's Brand ER - woonhuizen BALOISE INSURANCE;Brand eenvoudige risico's Brand ER - woonhuizen BALOISE INSURANCE;dirk.maes@qollabi.com;BALOISE INSURANCE;Natuurlijk persoon
277/00;Schepers;Elza;05/10/1965;;44010339;Brand eenvoudige risico's;Brand ER - woonhuizen;Brand eenvoudige risico's Brand ER - woonhuizen AG INSURANCE;Brand eenvoudige risico's Brand ER - woonhuizen AG INSURANCE;elza.schepers@qollabi.com;AG INSURANCE;Natuurlijk persoon
277/00;Schepers;Elza;05/10/1965;;60303683;BA andere dan particulieren;BA Beroep (Intellectuele, Vrije, Commerciële);BA andere dan particulieren BA Beroep (Intellectuele, Vrije, Commerciële) AG INSURANCE;BA andere dan particulieren BA Beroep (Intellectuele, Vrije, Commerciële) AG INSURANCE;elza.schepers@qollabi.com;AG INSURANCE;Natuurlijk persoon
277/01;Devos;Murat;01/01/1965;;924385;Rechtsbijstand;Algemene rechtsbijstand (multi objecttype);Rechtsbijstand Algemene rechtsbijstand (multi objecttype) DAS;Rechtsbijstand Algemene rechtsbijstand (multi objecttype) DAS;murat.devos@qollabi.com;DAS;Natuurlijk persoon
277/01;Devos;Murat;01/01/1965;;502123211;BA particulieren;BA Privéleven;BA particulieren BA Privéleven AXA;BA particulieren BA Privéleven AXA;murat.devos@qollabi.com;AXA;Natuurlijk persoon
277/01;Devos;Murat;01/01/1965;;5U56692;Auto;Toerisme en Zaken, gemengd gebruik;Auto Toerisme en Zaken, gemengd gebruik BALOISE INSURANCE;Auto Toerisme en Zaken, gemengd gebruik BALOISE INSURANCE;murat.devos@qollabi.com;BALOISE INSURANCE;Natuurlijk persoon
277/01;Devos;Murat;01/01/1965;;7065072;Individueel;Verkeer & Inzittenden;Individueel Verkeer & Inzittenden BALOISE INSURANCE;Individueel Verkeer & Inzittenden BALOISE INSURANCE;murat.devos@qollabi.com;BALOISE INSURANCE;Natuurlijk persoon
277/01;Devos;Murat;01/01/1965;;8858411;Auto;Toerisme en Zaken, gemengd gebruik;Auto Toerisme en Zaken, gemengd gebruik BALOISE INSURANCE;Auto Toerisme en Zaken, gemengd gebruik BALOISE INSURANCE;murat.devos@qollabi.com;BALOISE INSURANCE;Natuurlijk persoon
278/00;Stevens;Wesley;13/07/1987;;1971306;Rechtsbijstand;Algemene rechtsbijstand (multi objecttype);Rechtsbijstand Algemene rechtsbijstand (multi objecttype) DAS;Rechtsbijstand Algemene rechtsbijstand (multi objecttype) DAS;wesley.stevens@qollabi.com;DAS;Natuurlijk persoon
278/00;Stevens;Wesley;13/07/1987;;317951411;Individueel;Hospitalisatie;Individueel Hospitalisatie DKV Belgium;Individueel Hospitalisatie DKV Belgium;wesley.stevens@qollabi.com;DKV Belgium;Natuurlijk persoon
278/00;Stevens;Wesley;13/07/1987;;351333051;Individueel;Hospitalisatie;Individueel Hospitalisatie DKV Belgium;Individueel Hospitalisatie DKV Belgium;wesley.stevens@qollabi.com;DKV Belgium;Natuurlijk persoon
278/00;Stevens;Wesley;13/07/1987;;623591310;Auto;Lichte Vrachtwagens;Auto Lichte Vrachtwagens AXA;Auto Lichte Vrachtwagens AXA;wesley.stevens@qollabi.com;AXA;Natuurlijk persoon
278/00;Stevens;Wesley;13/07/1987;;623777782;Auto;Toerisme en Zaken, gemengd gebruik;Auto Toerisme en Zaken, gemengd gebruik AXA;Auto Toerisme en Zaken, gemengd gebruik AXA;wesley.stevens@qollabi.com;AXA;Natuurlijk persoon
278/00;Stevens;Wesley;13/07/1987;;8656282;Individueel;Hospitalisatie;Individueel Hospitalisatie AG INSURANCE;Individueel Hospitalisatie AG INSURANCE;wesley.stevens@qollabi.com;AG INSURANCE;Natuurlijk persoon
281/00;Verhoeven;Juliaan;14/11/1948;;3819632;Brand eenvoudige risico's;Brand ER - woonhuizen;Brand eenvoudige risico's Brand ER - woonhuizen BALOISE INSURANCE;Brand eenvoudige risico's Brand ER - woonhuizen BALOISE INSURANCE;;BALOISE INSURANCE;Natuurlijk persoon
283/00;Timmermans;Georgetta;24/12/1935;;891269;Rechtsbijstand;Rechtsbijstand Privéleven (eventueel met Auto);Rechtsbijstand Rechtsbijstand Privéleven (eventueel met Auto) DAS;Rechtsbijstand Rechtsbijstand Privéleven (eventueel met Auto) DAS;;DAS;Natuurlijk persoon
283/00;Timmermans;Georgetta;24/12/1935;;290083611;Individueel;Hospitalisatie;Individueel Hospitalisatie DKV Belgium;Individueel Hospitalisatie DKV Belgium;;DKV Belgium;Natuurlijk persoon
283/00;Timmermans;Georgetta;24/12/1935;;802159006;Brand eenvoudige risico's;Brand ER - woonhuizen;Brand eenvoudige risico's Brand ER - woonhuizen AXA;Brand eenvoudige risico's Brand ER - woonhuizen AXA;;AXA;Natuurlijk persoon
283/00;Timmermans;Georgetta;24/12/1935;;SCA003806747;BA particulieren;BA Privéleven;BA particulieren BA Privéleven ALLIANZ;BA particulieren BA Privéleven ALLIANZ;;ALLIANZ;Natuurlijk persoon
287/02;Zenith Industries;;;;48177538;Brand eenvoudige risico's;Brand ER - handelshuizen;Brand eenvoudige risico's Brand ER - handelshuizen AG INSURANCE;Brand eenvoudige risico's Brand ER - handelshuizen AG INSURANCE;peakinvest@qollabi.com;AG INSURANCE;Rechtspersoon
287/02;Zenith Industries;;;;48946444;Brand eenvoudige risico's;Brand ER - handelshuizen;Brand eenvoudige risico's Brand ER - handelshuizen AG INSURANCE;Brand eenvoudige risico's Brand ER - handelshuizen AG INSURANCE;peakinvest@qollabi.com;AG INSURANCE;Rechtspersoon
292/00;Timmermans;Jan;09/09/1955;;I190008169;Leven en belegging;Individueel Leven Klassiek (Tak 21);Leven en belegging Individueel Leven Klassiek (Tak 21) AFER EUROPE;Leven en belegging Individueel Leven Klassiek (Tak 21) AFER EUROPE;;AFER EUROPE;Natuurlijk persoon
292/01;Smeets;Monique;08/11/1955;;I190008172;Leven en belegging;Individueel Leven Klassiek (Tak 21);Leven en belegging Individueel Leven Klassiek (Tak 21) AFER EUROPE;Leven en belegging Individueel Leven Klassiek (Tak 21) AFER EUROPE;;AFER EUROPE;Natuurlijk persoon
293/00;Claes;Ludo;29/10/1954;;I190008422;Leven en belegging;Individueel Leven (Meerdere Takken);Leven en belegging Individueel Leven (Meerdere Takken) AFER EUROPE;Leven en belegging Individueel Leven (Meerdere Takken) AFER EUROPE;ludo.claes@qollabi.com;AFER EUROPE;Natuurlijk persoon
293/01;De Wolf;Margaretha;28/03/1956;;I190004957;Leven en belegging;Individueel Leven i.v.m. Beleggingsfondsen (Tak 23);Leven en belegging Individueel Leven i.v.m. Beleggingsfondsen (Tak 23) AFER EUROPE;Leven en belegging Individueel Leven i.v.m. Beleggingsfondsen (Tak 23) AFER EUROPE;margaretha.dewolf@qollabi.com;AFER EUROPE;Natuurlijk persoon
298/00;Thijs;RUDI;09/03/1957;;820165;Rechtsbijstand;Algemene rechtsbijstand (multi objecttype);Rechtsbijstand Algemene rechtsbijstand (multi objecttype) DAS;Rechtsbijstand Algemene rechtsbijstand (multi objecttype) DAS;;DAS;Natuurlijk persoon
298/00;Thijs;RUDI;09/03/1957;;NCN100869954;Auto;Toerisme en Zaken, gemengd gebruik;Auto Toerisme en Zaken, gemengd gebruik ALLIANZ;Auto Toerisme en Zaken, gemengd gebruik ALLIANZ;;ALLIANZ;Natuurlijk persoon
299/00;Claes;Raphaël;18/03/1939;;208645161;Individueel;Hospitalisatie;Individueel Hospitalisatie DKV Belgium;Individueel Hospitalisatie DKV Belgium;raphal.claes@qollabi.com;DKV Belgium;Natuurlijk persoon
299/00;Claes;Raphaël;18/03/1939;;502085553;BA particulieren;BA Privéleven;BA particulieren BA Privéleven AXA;BA particulieren BA Privéleven AXA;raphal.claes@qollabi.com;AXA;Natuurlijk persoon
299/00;Claes;Raphaël;18/03/1939;;64131617;Arbeidsongevallen en collectieve verzekeringen;AO huispersoneel;Arbeidsongevallen en collectieve verzekeringen AO huispersoneel AG INSURANCE;Arbeidsongevallen en collectieve verzekeringen AO huispersoneel AG INSURANCE;raphal.claes@qollabi.com;AG INSURANCE;Natuurlijk persoon
299/02;Zenith Partners;;;;1029834;Rechtsbijstand;Algemene rechtsbijstand (multi objecttype);Rechtsbijstand Algemene rechtsbijstand (multi objecttype) DAS;Rechtsbijstand Algemene rechtsbijstand (multi objecttype) DAS;raphal.claes@qollabi.com;DAS;Rechtspersoon
299/02;Zenith Partners;;;;2685950;Brand eenvoudige risico's;Brand ER - woonhuizen;Brand eenvoudige risico's Brand ER - woonhuizen BALOISE INSURANCE;Brand eenvoudige risico's Brand ER - woonhuizen BALOISE INSURANCE;raphal.claes@qollabi.com;BALOISE INSURANCE;Rechtspersoon
299/02;Zenith Partners;;;;48818520;Brand eenvoudige risico's;Brand ER - woonhuizen;Brand eenvoudige risico's Brand ER - woonhuizen AG INSURANCE;Brand eenvoudige risico's Brand ER - woonhuizen AG INSURANCE;raphal.claes@qollabi.com;AG INSURANCE;Rechtspersoon
299/02;Zenith Partners;;;;50304395;Brand eenvoudige risico's;Brand ER - woonhuizen;Brand eenvoudige risico's Brand ER - woonhuizen AG INSURANCE;Brand eenvoudige risico's Brand ER - woonhuizen AG INSURANCE;raphal.claes@qollabi.com;AG INSURANCE;Rechtspersoon
299/02;Zenith Partners;;;;5J99763;Auto;Toerisme en Zaken, gemengd gebruik;Auto Toerisme en Zaken, gemengd gebruik BALOISE INSURANCE;Auto Toerisme en Zaken, gemengd gebruik BALOISE INSURANCE;raphal.claes@qollabi.com;BALOISE INSURANCE;Rechtspersoon
299/02;Zenith Partners;;;;802193579;Brand eenvoudige risico's;Brand ER - woonhuizen;Brand eenvoudige risico's Brand ER - woonhuizen AXA;Brand eenvoudige risico's Brand ER - woonhuizen AXA;raphal.claes@qollabi.com;AXA;Rechtspersoon
300/00;Wouters;Geert;02/04/1958;;1030349;Rechtsbijstand;Algemene rechtsbijstand (multi objecttype);Rechtsbijstand Algemene rechtsbijstand (multi objecttype) DAS;Rechtsbijstand Algemene rechtsbijstand (multi objecttype) DAS;geert.wouters@qollabi.com;DAS;Natuurlijk persoon
300/00;Wouters;Geert;02/04/1958;;3952156;Brand eenvoudige risico's;Brand ER - woonhuizen;Brand eenvoudige risico's Brand ER - woonhuizen BALOISE INSURANCE;Brand eenvoudige risico's Brand ER - woonhuizen BALOISE INSURANCE;geert.wouters@qollabi.com;BALOISE INSURANCE;Natuurlijk persoon
300/00;Wouters;Geert;02/04/1958;;3E80826;Brand eenvoudige risico's;Brand ER - woonhuizen;Brand eenvoudige risico's Brand ER - woonhuizen BALOISE INSURANCE;Brand eenvoudige risico's Brand ER - woonhuizen BALOISE INSURANCE;geert.wouters@qollabi.com;BALOISE INSURANCE;Natuurlijk persoon
300/00;Wouters;Geert;02/04/1958;;500261640;Individueel;Persoonlijke Ongevallen algemeen;Individueel Persoonlijke Ongevallen algemeen AXA;Individueel Persoonlijke Ongevallen algemeen AXA;geert.wouters@qollabi.com;AXA;Natuurlijk persoon
300/00;Wouters;Geert;02/04/1958;;500356375;BA particulieren;BA Privéleven;BA particulieren BA Privéleven AXA;BA particulieren BA Privéleven AXA;geert.wouters@qollabi.com;AXA;Natuurlijk persoon
300/00;Wouters;Geert;02/04/1958;;602424835;Individueel;Verkeer & Inzittenden;Individueel Verkeer & Inzittenden AXA;Individueel Verkeer & Inzittenden AXA;geert.wouters@qollabi.com;AXA;Natuurlijk persoon
300/00;Wouters;Geert;02/04/1958;;618828023;Auto;Toerisme en Zaken, gemengd gebruik;Auto Toerisme en Zaken, gemengd gebruik AXA;Auto Toerisme en Zaken, gemengd gebruik AXA;geert.wouters@qollabi.com;AXA;Natuurlijk persoon
300/00;Wouters;Geert;02/04/1958;;802297660;Brand eenvoudige risico's;Brand ER - woonhuizen;Brand eenvoudige risico's Brand ER - woonhuizen AXA;Brand eenvoudige risico's Brand ER - woonhuizen AXA;geert.wouters@qollabi.com;AXA;Natuurlijk persoon
303/00;Van Dyck;Frank;18/06/1967;;3533320;Brand eenvoudige risico's;Brand ER - woonhuizen;Brand eenvoudige risico's Brand ER - woonhuizen BALOISE INSURANCE;Brand eenvoudige risico's Brand ER - woonhuizen BALOISE INSURANCE;frank.vandyck@qollabi.com;BALOISE INSURANCE;Natuurlijk persoon
303/00;Van Dyck;Frank;18/06/1967;;3566058;Rechtsbijstand;Rechtsbijstand Privéleven (eventueel met Auto);Rechtsbijstand Rechtsbijstand Privéleven (eventueel met Auto) EUROMEX;Rechtsbijstand Rechtsbijstand Privéleven (eventueel met Auto) EUROMEX;frank.vandyck@qollabi.com;EUROMEX;Natuurlijk persoon
303/00;Van Dyck;Frank;18/06/1967;;5290395;Leven en belegging;Individueel Leven Klassiek (Tak 21);Leven en belegging Individueel Leven Klassiek (Tak 21) Cardif;Leven en belegging Individueel Leven Klassiek (Tak 21) Cardif;frank.vandyck@qollabi.com;Cardif;Natuurlijk persoon
303/00;Van Dyck;Frank;18/06/1967;;5U73212;Auto;Toerisme en Zaken, gemengd gebruik;Auto Toerisme en Zaken, gemengd gebruik BALOISE INSURANCE;Auto Toerisme en Zaken, gemengd gebruik BALOISE INSURANCE;frank.vandyck@qollabi.com;BALOISE INSURANCE;Natuurlijk persoon
303/00;Van Dyck;Frank;18/06/1967;;7459211;BA particulieren;BA Privéleven;BA particulieren BA Privéleven BALOISE INSURANCE;BA particulieren BA Privéleven BALOISE INSURANCE;frank.vandyck@qollabi.com;BALOISE INSURANCE;Natuurlijk persoon
303/00;Van Dyck;Frank;18/06/1967;;7M80561;Individueel;Verkeer & Inzittenden;Individueel Verkeer & Inzittenden BALOISE INSURANCE;Individueel Verkeer & Inzittenden BALOISE INSURANCE;frank.vandyck@qollabi.com;BALOISE INSURANCE;Natuurlijk persoon
303/00;Van Dyck;Frank;18/06/1967;;8634350;Auto;Toerisme en Zaken, gemengd gebruik;Auto Toerisme en Zaken, gemengd gebruik BALOISE INSURANCE;Auto Toerisme en Zaken, gemengd gebruik BALOISE INSURANCE;frank.vandyck@qollabi.com;BALOISE INSURANCE;Natuurlijk persoon
303/01;Desmet;Yolanda;16/07/1965;;5289952;Leven en belegging;Individueel Leven Klassiek (Tak 21);Leven en belegging Individueel Leven Klassiek (Tak 21) Cardif;Leven en belegging Individueel Leven Klassiek (Tak 21) Cardif;frank.vandyck@qollabi.com;Cardif;Natuurlijk persoon
303/02;De Ridder;;;;12088238;Leven en belegging;Individueel Leven met vrije stortingen (Tak21-Universal Life;Leven en belegging Individueel Leven met vrije stortingen (Tak21-Universal Life AG INSURANCE;Leven en belegging Individueel Leven met vrije stortingen (Tak21-Universal Life AG INSURANCE;;AG INSURANCE;Groepering van natuurlijke en/of rechtspersonen
303/02;De Ridder;;;;12088252;Leven en belegging;Individueel Leven met vrije stortingen (Tak21-Universal Life;Leven en belegging Individueel Leven met vrije stortingen (Tak21-Universal Life AG INSURANCE;Leven en belegging Individueel Leven met vrije stortingen (Tak21-Universal Life AG INSURANCE;;AG INSURANCE;Groepering van natuurlijke en/of rechtspersonen
303/02;De Ridder;;;;12088260;Leven en belegging;Individueel Leven met vrije stortingen (Tak21-Universal Life;Leven en belegging Individueel Leven met vrije stortingen (Tak21-Universal Life AG INSURANCE;Leven en belegging Individueel Leven met vrije stortingen (Tak21-Universal Life AG INSURANCE;;AG INSURANCE;Groepering van natuurlijke en/of rechtspersonen
303/02;De Ridder;;;;12280980;Leven en belegging;Individueel Leven met vrije stortingen (Tak21-Universal Life;Leven en belegging Individueel Leven met vrije stortingen (Tak21-Universal Life AG INSURANCE;Leven en belegging Individueel Leven met vrije stortingen (Tak21-Universal Life AG INSURANCE;;AG INSURANCE;Groepering van natuurlijke en/of rechtspersonen
304/00;Aerts;Jan;20/08/1979;;1B35883;Individueel;Gewaarborgd inkomen;Individueel Gewaarborgd inkomen BALOISE INSURANCE;Individueel Gewaarborgd inkomen BALOISE INSURANCE;jan.aerts@qollabi.com;BALOISE INSURANCE;Natuurlijk persoon
304/00;Aerts;Jan;20/08/1979;;1C24897;Leven en belegging;Individueel Leven Klassiek (Tak 21);Leven en belegging Individueel Leven Klassiek (Tak 21) BALOISE INSURANCE;Leven en belegging Individueel Leven Klassiek (Tak 21) BALOISE INSURANCE;jan.aerts@qollabi.com;BALOISE INSURANCE;Natuurlijk persoon
304/00;Aerts;Jan;20/08/1979;;2201929;Rechtsbijstand;Algemene rechtsbijstand (multi objecttype);Rechtsbijstand Algemene rechtsbijstand (multi objecttype) DAS;Rechtsbijstand Algemene rechtsbijstand (multi objecttype) DAS;jan.aerts@qollabi.com;DAS;Natuurlijk persoon
304/00;Aerts;Jan;20/08/1979;;624722602;Auto;Toerisme en Zaken, gemengd gebruik;Auto Toerisme en Zaken, gemengd gebruik AXA;Auto Toerisme en Zaken, gemengd gebruik AXA;jan.aerts@qollabi.com;AXA;Natuurlijk persoon
304/00;Aerts;Jan;20/08/1979;;624943807;Auto;Toerisme en Zaken, gemengd gebruik;Auto Toerisme en Zaken, gemengd gebruik AXA;Auto Toerisme en Zaken, gemengd gebruik AXA;jan.aerts@qollabi.com;AXA;Natuurlijk persoon
304/00;Aerts;Jan;20/08/1979;;7039790;BA andere dan particulieren;BA Beroep (Intellectuele, Vrije, Commerciële);BA andere dan particulieren BA Beroep (Intellectuele, Vrije, Commerciële) BALOISE INSURANCE;BA andere dan particulieren BA Beroep (Intellectuele, Vrije, Commerciële) BALOISE INSURANCE;jan.aerts@qollabi.com;BALOISE INSURANCE;Natuurlijk persoon
304/00;Aerts;Jan;20/08/1979;;730419697;Brand eenvoudige risico's;Brand ER - handelshuizen;Brand eenvoudige risico's Brand ER - handelshuizen AXA;Brand eenvoudige risico's Brand ER - handelshuizen AXA;jan.aerts@qollabi.com;AXA;Natuurlijk persoon
304/00;Aerts;Jan;20/08/1979;;7L63494;Individueel;Verkeer & Inzittenden;Individueel Verkeer & Inzittenden BALOISE INSURANCE;Individueel Verkeer & Inzittenden BALOISE INSURANCE;jan.aerts@qollabi.com;BALOISE INSURANCE;Natuurlijk persoon
306/02;Core Tech;;;;1044563;Rechtsbijstand;Algemene rechtsbijstand (multi objecttype);Rechtsbijstand Algemene rechtsbijstand (multi objecttype) DAS;Rechtsbijstand Algemene rechtsbijstand (multi objecttype) DAS;coretech@qollabi.com;DAS;Rechtspersoon
306/02;Core Tech;;;;618953527;Auto;Lichte Vrachtwagens;Auto Lichte Vrachtwagens AXA;Auto Lichte Vrachtwagens AXA;coretech@qollabi.com;AXA;Rechtspersoon
306/02;Core Tech;;;;621748736;Auto;Lichte Vrachtwagens;Auto Lichte Vrachtwagens AXA;Auto Lichte Vrachtwagens AXA;coretech@qollabi.com;AXA;Rechtspersoon
306/02;Core Tech;;;;730451068;Multi-takken;Multi-tak (Handel, kleine nijverheid, Manuele Beroepen);Multi-takken Multi-tak (Handel, kleine nijverheid, Manuele Beroepen) AXA;Multi-takken Multi-tak (Handel, kleine nijverheid, Manuele Beroepen) AXA;coretech@qollabi.com;AXA;Rechtspersoon
306/02;Core Tech;;;;811926466;Multi-takken;Gegroepeerde gezinspolissen Brand + andere (BA Gezin, ...);Multi-takken Gegroepeerde gezinspolissen Brand + andere (BA Gezin, ...) AXA;Multi-takken Gegroepeerde gezinspolissen Brand + andere (BA Gezin, ...) AXA;coretech@qollabi.com;AXA;Rechtspersoon
307/00;Devos;Boudewijn;27/09/1950;;840625;Rechtsbijstand;Rechtsbijstand Privéleven (eventueel met Auto);Rechtsbijstand Rechtsbijstand Privéleven (eventueel met Auto) DAS;Rechtsbijstand Rechtsbijstand Privéleven (eventueel met Auto) DAS;boudewijn.devos@qollabi.com;DAS;Natuurlijk persoon
307/00;Devos;Boudewijn;27/09/1950;;502081767;BA particulieren;BA Privéleven;BA particulieren BA Privéleven AXA;BA particulieren BA Privéleven AXA;boudewijn.devos@qollabi.com;AXA;Natuurlijk persoon
307/00;Devos;Boudewijn;27/09/1950;;802132177;Brand eenvoudige risico's;Brand ER - woonhuizen;Brand eenvoudige risico's Brand ER - woonhuizen AXA;Brand eenvoudige risico's Brand ER - woonhuizen AXA;boudewijn.devos@qollabi.com;AXA;Natuurlijk persoon
307/00;Devos;Boudewijn;27/09/1950;;8492268;Auto;Toerisme en Zaken, gemengd gebruik;Auto Toerisme en Zaken, gemengd gebruik BALOISE INSURANCE;Auto Toerisme en Zaken, gemengd gebruik BALOISE INSURANCE;boudewijn.devos@qollabi.com;BALOISE INSURANCE;Natuurlijk persoon
307/01;Goossens;Ida;31/12/1953;;1250201;Individueel;Hospitalisatie;Individueel Hospitalisatie AG INSURANCE;Individueel Hospitalisatie AG INSURANCE;boudewijn.devos@qollabi.com;AG INSURANCE;Natuurlijk persoon
307/01;Goossens;Ida;31/12/1953;;2401520072;Leven en belegging;Individueel Leven Klassiek (Tak 21);Leven en belegging Individueel Leven Klassiek (Tak 21) NN INSURANCE BELGIUM;Leven en belegging Individueel Leven Klassiek (Tak 21) NN INSURANCE BELGIUM;boudewijn.devos@qollabi.com;NN INSURANCE BELGIUM;Natuurlijk persoon
307/01;Goossens;Ida;31/12/1953;;7633067;Individueel;Verkeer & Inzittenden;Individueel Verkeer & Inzittenden BALOISE INSURANCE;Individueel Verkeer & Inzittenden BALOISE INSURANCE;boudewijn.devos@qollabi.com;BALOISE INSURANCE;Natuurlijk persoon
307/01;Goossens;Ida;31/12/1953;;8472125;Auto;Toerisme en Zaken, gemengd gebruik;Auto Toerisme en Zaken, gemengd gebruik BALOISE INSURANCE;Auto Toerisme en Zaken, gemengd gebruik BALOISE INSURANCE;boudewijn.devos@qollabi.com;BALOISE INSURANCE;Natuurlijk persoon
309/00;De Vos;Waldemar;14/11/1960;;1630635;Rechtsbijstand;Algemene rechtsbijstand (multi objecttype);Rechtsbijstand Algemene rechtsbijstand (multi objecttype) DAS;Rechtsbijstand Algemene rechtsbijstand (multi objecttype) DAS;waldemar.devos@qollabi.com;DAS;Natuurlijk persoon
309/00;De Vos;Waldemar;14/11/1960;;3793410;Brand eenvoudige risico's;Brand ER - woonhuizen;Brand eenvoudige risico's Brand ER - woonhuizen BALOISE INSURANCE;Brand eenvoudige risico's Brand ER - woonhuizen BALOISE INSURANCE;waldemar.devos@qollabi.com;BALOISE INSURANCE;Natuurlijk persoon
309/00;De Vos;Waldemar;14/11/1960;;3E03289;Brand eenvoudige risico's;Brand ER - woonhuizen;Brand eenvoudige risico's Brand ER - woonhuizen BALOISE INSURANCE;Brand eenvoudige risico's Brand ER - woonhuizen BALOISE INSURANCE;waldemar.devos@qollabi.com;BALOISE INSURANCE;Natuurlijk persoon
309/00;De Vos;Waldemar;14/11/1960;;5L97270;Auto;Toerisme en Zaken, gemengd gebruik;Auto Toerisme en Zaken, gemengd gebruik BALOISE INSURANCE;Auto Toerisme en Zaken, gemengd gebruik BALOISE INSURANCE;waldemar.devos@qollabi.com;BALOISE INSURANCE;Natuurlijk persoon
309/00;De Vos;Waldemar;14/11/1960;;5U61103;Auto;Toerisme en Zaken, gemengd gebruik;Auto Toerisme en Zaken, gemengd gebruik BALOISE INSURANCE;Auto Toerisme en Zaken, gemengd gebruik BALOISE INSURANCE;waldemar.devos@qollabi.com;BALOISE INSURANCE;Natuurlijk persoon
309/00;De Vos;Waldemar;14/11/1960;;7897005;BA particulieren;BA Privéleven;BA particulieren BA Privéleven BALOISE INSURANCE;BA particulieren BA Privéleven BALOISE INSURANCE;waldemar.devos@qollabi.com;BALOISE INSURANCE;Natuurlijk persoon
309/04;Gamma Group;;;;1927310;Rechtsbijstand;Algemene rechtsbijstand (multi objecttype);Rechtsbijstand Algemene rechtsbijstand (multi objecttype) DAS;Rechtsbijstand Algemene rechtsbijstand (multi objecttype) DAS;waldemar.devos@qollabi.com;DAS;Rechtspersoon
309/04;Gamma Group;;;;7B58768;BA andere dan particulieren;BA Verenigingen en Instellingen;BA andere dan particulieren BA Verenigingen en Instellingen BALOISE INSURANCE;BA andere dan particulieren BA Verenigingen en Instellingen BALOISE INSURANCE;waldemar.devos@qollabi.com;BALOISE INSURANCE;Rechtspersoon
310/00;De Clercq;Paul;31/10/1959;;15031560;Leven en belegging;Individueel Leven Klassiek (Tak 21);Leven en belegging Individueel Leven Klassiek (Tak 21) AFER EUROPE;Leven en belegging Individueel Leven Klassiek (Tak 21) AFER EUROPE;;AFER EUROPE;Natuurlijk persoon
311/00;Kerkhofs;Geert;03/05/1971;;10401541;Leven en belegging;Individueel Leven met vrije stortingen (Tak21-Universal Life;Leven en belegging Individueel Leven met vrije stortingen (Tak21-Universal Life AG INSURANCE;Leven en belegging Individueel Leven met vrije stortingen (Tak21-Universal Life AG INSURANCE;geert.kerkhofs@qollabi.com;AG INSURANCE;Natuurlijk persoon
312/00;Willems;Willy;20/03/1959;;1045474;Rechtsbijstand;Algemene rechtsbijstand (multi objecttype);Rechtsbijstand Algemene rechtsbijstand (multi objecttype) DAS;Rechtsbijstand Algemene rechtsbijstand (multi objecttype) DAS;willy.willems@qollabi.com;DAS;Natuurlijk persoon
312/00;Willems;Willy;20/03/1959;;3575947;Brand eenvoudige risico's;Brand ER - woonhuizen;Brand eenvoudige risico's Brand ER - woonhuizen BALOISE INSURANCE;Brand eenvoudige risico's Brand ER - woonhuizen BALOISE INSURANCE;willy.willems@qollabi.com;BALOISE INSURANCE;Natuurlijk persoon
312/00;Willems;Willy;20/03/1959;;5V95408;Auto;Toerisme en Zaken, gemengd gebruik;Auto Toerisme en Zaken, gemengd gebruik BALOISE INSURANCE;Auto Toerisme en Zaken, gemengd gebruik BALOISE INSURANCE;willy.willems@qollabi.com;BALOISE INSURANCE;Natuurlijk persoon
312/00;Willems;Willy;20/03/1959;;7F26315;BA particulieren;BA Privéleven;BA particulieren BA Privéleven BALOISE INSURANCE;BA particulieren BA Privéleven BALOISE INSURANCE;willy.willems@qollabi.com;BALOISE INSURANCE;Natuurlijk persoon
312/01;Sels;Linda;15/02/1961;;229806101;Individueel;Hospitalisatie;Individueel Hospitalisatie DKV Belgium;Individueel Hospitalisatie DKV Belgium;willy.willems@qollabi.com;DKV Belgium;Natuurlijk persoon
312/01;Sels;Linda;15/02/1961;;3000406611;Bijstand;Bijstand (CBFA 18);Bijstand Bijstand (CBFA 18) EUROP ASSISTANCE BELGIUM;Bijstand Bijstand (CBFA 18) EUROP ASSISTANCE BELGIUM;willy.willems@qollabi.com;EUROP ASSISTANCE BELGIUM;Natuurlijk persoon
313/01;Nijs;Nicole;29/01/1959;;900245;Rechtsbijstand;Algemene rechtsbijstand (multi objecttype);Rechtsbijstand Algemene rechtsbijstand (multi objecttype) DAS;Rechtsbijstand Algemene rechtsbijstand (multi objecttype) DAS;nicole.nijs@qollabi.com;DAS;Natuurlijk persoon
313/01;Nijs;Nicole;29/01/1959;;26451872;Individueel;Verkeer & Inzittenden;Individueel Verkeer & Inzittenden AG INSURANCE;Individueel Verkeer & Inzittenden AG INSURANCE;nicole.nijs@qollabi.com;AG INSURANCE;Natuurlijk persoon
313/01;Nijs;Nicole;29/01/1959;;3A12424;Brand eenvoudige risico's;Brand ER - woonhuizen;Brand eenvoudige risico's Brand ER - woonhuizen BALOISE INSURANCE;Brand eenvoudige risico's Brand ER - woonhuizen BALOISE INSURANCE;nicole.nijs@qollabi.com;BALOISE INSURANCE;Natuurlijk persoon
313/01;Nijs;Nicole;29/01/1959;;5L96812;Auto;Toerisme en Zaken, gemengd gebruik;Auto Toerisme en Zaken, gemengd gebruik BALOISE INSURANCE;Auto Toerisme en Zaken, gemengd gebruik BALOISE INSURANCE;nicole.nijs@qollabi.com;BALOISE INSURANCE;Natuurlijk persoon
313/01;Nijs;Nicole;29/01/1959;;7810793;BA particulieren;BA Privéleven;BA particulieren BA Privéleven BALOISE INSURANCE;BA particulieren BA Privéleven BALOISE INSURANCE;nicole.nijs@qollabi.com;BALOISE INSURANCE;Natuurlijk persoon
314/00;Bogaert;Dirk;20/08/1960;;1319290;Rechtsbijstand;Algemene rechtsbijstand (multi objecttype);Rechtsbijstand Algemene rechtsbijstand (multi objecttype) DAS;Rechtsbijstand Algemene rechtsbijstand (multi objecttype) DAS;dirk.bogaert@qollabi.com;DAS;Natuurlijk persoon
314/00;Bogaert;Dirk;20/08/1960;;5500530;Leven en belegging;Individueel Leven Klassiek (Tak 21);Leven en belegging Individueel Leven Klassiek (Tak 21) AG INSURANCE;Leven en belegging Individueel Leven Klassiek (Tak 21) AG INSURANCE;dirk.bogaert@qollabi.com;AG INSURANCE;Natuurlijk persoon
314/00;Bogaert;Dirk;20/08/1960;;621214092;Auto;Motorfietsen;Auto Motorfietsen AXA;Auto Motorfietsen AXA;dirk.bogaert@qollabi.com;AXA;Natuurlijk persoon
314/00;Bogaert;Dirk;20/08/1960;;7086301;Individueel;Verkeer & Inzittenden;Individueel Verkeer & Inzittenden BALOISE INSURANCE;Individueel Verkeer & Inzittenden BALOISE INSURANCE;dirk.bogaert@qollabi.com;BALOISE INSURANCE;Natuurlijk persoon
314/01;Van Damme;ANNE MARIE;09/06/1959;;621214600;Auto;Toerisme en Zaken, gemengd gebruik;Auto Toerisme en Zaken, gemengd gebruik AXA;Auto Toerisme en Zaken, gemengd gebruik AXA;dirk.bogaert@qollabi.com;AXA;Natuurlijk persoon
316/01;Dupont;Catharina;12/06/1950;;969927;Rechtsbijstand;Algemene rechtsbijstand (multi objecttype);Rechtsbijstand Algemene rechtsbijstand (multi objecttype) DAS;Rechtsbijstand Algemene rechtsbijstand (multi objecttype) DAS;catharina.dupont@qollabi.com;DAS;Natuurlijk persoon
316/01;Dupont;Catharina;12/06/1950;;212259401;Individueel;Hospitalisatie;Individueel Hospitalisatie DKV Belgium;Individueel Hospitalisatie DKV Belgium;catharina.dupont@qollabi.com;DKV Belgium;Natuurlijk persoon
316/01;Dupont;Catharina;12/06/1950;;3A52475;Brand eenvoudige risico's;Brand ER - woonhuizen;Brand eenvoudige risico's Brand ER - woonhuizen BALOISE INSURANCE;Brand eenvoudige risico's Brand ER - woonhuizen BALOISE INSURANCE;catharina.dupont@qollabi.com;BALOISE INSURANCE;Natuurlijk persoon
316/01;Dupont;Catharina;12/06/1950;;502081384;BA particulieren;BA Privéleven;BA particulieren BA Privéleven AXA;BA particulieren BA Privéleven AXA;catharina.dupont@qollabi.com;AXA;Natuurlijk persoon
316/01;Dupont;Catharina;12/06/1950;;602429706;Auto;Toerisme en Zaken, gemengd gebruik;Auto Toerisme en Zaken, gemengd gebruik AXA;Auto Toerisme en Zaken, gemengd gebruik AXA;catharina.dupont@qollabi.com;AXA;Natuurlijk persoon
316/01;Dupont;Catharina;12/06/1950;;68000042482;Bijstand;Bijstand (CBFA 18);Bijstand Bijstand (CBFA 18) ALLIANZ  PARTNERS;Bijstand Bijstand (CBFA 18) ALLIANZ  PARTNERS;catharina.dupont@qollabi.com;ALLIANZ  PARTNERS;Natuurlijk persoon
317/00;Goossens;Daniel;03/09/1962;;828787;Rechtsbijstand;Algemene rechtsbijstand (multi objecttype);Rechtsbijstand Algemene rechtsbijstand (multi objecttype) DAS;Rechtsbijstand Algemene rechtsbijstand (multi objecttype) DAS;daniel.goossens@qollabi.com;DAS;Natuurlijk persoon
317/00;Goossens;Daniel;03/09/1962;;12432429;Leven en belegging;Individueel Leven i.v.m. Beleggingsfondsen (Tak 23);Leven en belegging Individueel Leven i.v.m. Beleggingsfondsen (Tak 23) AG INSURANCE;Leven en belegging Individueel Leven i.v.m. Beleggingsfondsen (Tak 23) AG INSURANCE;daniel.goossens@qollabi.com;AG INSURANCE;Natuurlijk persoon
317/00;Goossens;Daniel;03/09/1962;;2064489;Individueel;Persoonlijke Ongevallen algemeen;Individueel Persoonlijke Ongevallen algemeen VIVIUM;Individueel Persoonlijke Ongevallen algemeen VIVIUM;daniel.goossens@qollabi.com;VIVIUM;Natuurlijk persoon
317/00;Goossens;Daniel;03/09/1962;;5J54058;Auto;Vrachtwagens,V.E.R.(Vervoer Eigen Rek.);Auto Vrachtwagens,V.E.R.(Vervoer Eigen Rek.) BALOISE INSURANCE;Auto Vrachtwagens,V.E.R.(Vervoer Eigen Rek.) BALOISE INSURANCE;daniel.goossens@qollabi.com;BALOISE INSURANCE;Natuurlijk persoon
317/00;Goossens;Daniel;03/09/1962;;705509659;Brand eenvoudige risico's;Brand ER - handelshuizen;Brand eenvoudige risico's Brand ER - handelshuizen AXA;Brand eenvoudige risico's Brand ER - handelshuizen AXA;daniel.goossens@qollabi.com;AXA;Natuurlijk persoon
317/00;Goossens;Daniel;03/09/1962;;7164166;BA andere dan particulieren;BA Beroep (Intellectuele, Vrije, Commerciële);BA andere dan particulieren BA Beroep (Intellectuele, Vrije, Commerciële) BALOISE INSURANCE;BA andere dan particulieren BA Beroep (Intellectuele, Vrije, Commerciële) BALOISE INSURANCE;daniel.goossens@qollabi.com;BALOISE INSURANCE;Natuurlijk persoon
317/00;Goossens;Daniel;03/09/1962;;7883345;BA particulieren;BA Privéleven;BA particulieren BA Privéleven BALOISE INSURANCE;BA particulieren BA Privéleven BALOISE INSURANCE;daniel.goossens@qollabi.com;BALOISE INSURANCE;Natuurlijk persoon
317/00;Goossens;Daniel;03/09/1962;;8235735;Auto;Werktuigen en Tractoren;Auto Werktuigen en Tractoren BALOISE INSURANCE;Auto Werktuigen en Tractoren BALOISE INSURANCE;daniel.goossens@qollabi.com;BALOISE INSURANCE;Natuurlijk persoon
317/00;Goossens;Daniel;03/09/1962;;8346555;Individueel;Hospitalisatie;Individueel Hospitalisatie AG INSURANCE;Individueel Hospitalisatie AG INSURANCE;daniel.goossens@qollabi.com;AG INSURANCE;Natuurlijk persoon
317/00;Goossens;Daniel;03/09/1962;;8A49474;Auto;Vrachtwagens,V.E.R.(Vervoer Eigen Rek.);Auto Vrachtwagens,V.E.R.(Vervoer Eigen Rek.) BALOISE INSURANCE;Auto Vrachtwagens,V.E.R.(Vervoer Eigen Rek.) BALOISE INSURANCE;daniel.goossens@qollabi.com;BALOISE INSURANCE;Natuurlijk persoon
317/00;Goossens;Daniel;03/09/1962;;8B50957;Auto;Werktuigen en Tractoren;Auto Werktuigen en Tractoren BALOISE INSURANCE;Auto Werktuigen en Tractoren BALOISE INSURANCE;daniel.goossens@qollabi.com;BALOISE INSURANCE;Natuurlijk persoon
317/00;Goossens;Daniel;03/09/1962;;8B52498;Auto;Werktuigen en Tractoren;Auto Werktuigen en Tractoren BALOISE INSURANCE;Auto Werktuigen en Tractoren BALOISE INSURANCE;daniel.goossens@qollabi.com;BALOISE INSURANCE;Natuurlijk persoon
317/00;Goossens;Daniel;03/09/1962;;8C56479;Auto;Werktuigen en Tractoren;Auto Werktuigen en Tractoren BALOISE INSURANCE;Auto Werktuigen en Tractoren BALOISE INSURANCE;daniel.goossens@qollabi.com;BALOISE INSURANCE;Natuurlijk persoon
317/01;Brouwers;MARINA;23/05/1965;;1C44414;Leven en belegging;Bancaire beleggingsproducten;Leven en belegging Bancaire beleggingsproducten BALOISE INSURANCE;Leven en belegging Bancaire beleggingsproducten BALOISE INSURANCE;daniel.goossens@qollabi.com;BALOISE INSURANCE;Natuurlijk persoon
317/01;Brouwers;MARINA;23/05/1965;;5A90482;Auto;Toerisme en Zaken, gemengd gebruik;Auto Toerisme en Zaken, gemengd gebruik BALOISE INSURANCE;Auto Toerisme en Zaken, gemengd gebruik BALOISE INSURANCE;daniel.goossens@qollabi.com;BALOISE INSURANCE;Natuurlijk persoon
317/01;Brouwers;MARINA;23/05/1965;;5B56632;Auto;Toerisme en Zaken, gemengd gebruik;Auto Toerisme en Zaken, gemengd gebruik BALOISE INSURANCE;Auto Toerisme en Zaken, gemengd gebruik BALOISE INSURANCE;daniel.goossens@qollabi.com;BALOISE INSURANCE;Natuurlijk persoon
317/01;Brouwers;MARINA;23/05/1965;;602426937;Individueel;Verkeer & Inzittenden;Individueel Verkeer & Inzittenden AXA;Individueel Verkeer & Inzittenden AXA;daniel.goossens@qollabi.com;AXA;Natuurlijk persoon
317/01;Brouwers;MARINA;23/05/1965;;60483486;Individueel;Persoonlijke Ongevallen algemeen;Individueel Persoonlijke Ongevallen algemeen AG INSURANCE;Individueel Persoonlijke Ongevallen algemeen AG INSURANCE;daniel.goossens@qollabi.com;AG INSURANCE;Natuurlijk persoon
319/00;Huygen;Sonja;07/01/1957;;1170857;Rechtsbijstand;Algemene rechtsbijstand (multi objecttype);Rechtsbijstand Algemene rechtsbijstand (multi objecttype) DAS;Rechtsbijstand Algemene rechtsbijstand (multi objecttype) DAS;;DAS;Natuurlijk persoon
319/00;Huygen;Sonja;07/01/1957;;600943306;Auto;Toerisme en Zaken, gemengd gebruik;Auto Toerisme en Zaken, gemengd gebruik AXA;Auto Toerisme en Zaken, gemengd gebruik AXA;;AXA;Natuurlijk persoon
320/00;Van Dyck;Guido;17/12/1952;;69198332;BA particulieren;Multiwaarborg BA particulier;BA particulieren Multiwaarborg BA particulier AG INSURANCE;BA particulieren Multiwaarborg BA particulier AG INSURANCE;guido.vandyck@qollabi.com;AG INSURANCE;Natuurlijk persoon
320/01;Claeys;Hermine;08/08/1953;;11169277;Leven en belegging;Groep Zelfstandigen;Leven en belegging Groep Zelfstandigen AG INSURANCE;Leven en belegging Groep Zelfstandigen AG INSURANCE;hermine.claeys@qollabi.com;AG INSURANCE;Natuurlijk persoon
320/01;Claeys;Hermine;08/08/1953;;7244091340;Bijstand;Bijstand (CBFA 18);Bijstand Bijstand (CBFA 18) EUROP ASSISTANCE BELGIUM;Bijstand Bijstand (CBFA 18) EUROP ASSISTANCE BELGIUM;hermine.claeys@qollabi.com;EUROP ASSISTANCE BELGIUM;Natuurlijk persoon
321/00;Mertens;Mounir;01/02/1975;;305557401;Individueel;Hospitalisatie;Individueel Hospitalisatie DKV Belgium;Individueel Hospitalisatie DKV Belgium;mounir.mertens@qollabi.com;DKV Belgium;Natuurlijk persoon
321/00;Mertens;Mounir;01/02/1975;;5V15723;Auto;Toerisme en Zaken, gemengd gebruik;Auto Toerisme en Zaken, gemengd gebruik BALOISE INSURANCE;Auto Toerisme en Zaken, gemengd gebruik BALOISE INSURANCE;mounir.mertens@qollabi.com;BALOISE INSURANCE;Natuurlijk persoon
321/01;Segers;Marianne;18/02/1978;;1837611;Rechtsbijstand;Algemene rechtsbijstand (multi objecttype);Rechtsbijstand Algemene rechtsbijstand (multi objecttype) DAS;Rechtsbijstand Algemene rechtsbijstand (multi objecttype) DAS;marianne.segers@qollabi.com;DAS;Natuurlijk persoon
321/01;Segers;Marianne;18/02/1978;;38000050741;Bijstand;Bijstand (CBFA 18);Bijstand Bijstand (CBFA 18) ALLIANZ  PARTNERS;Bijstand Bijstand (CBFA 18) ALLIANZ  PARTNERS;marianne.segers@qollabi.com;ALLIANZ  PARTNERS;Natuurlijk persoon
321/01;Segers;Marianne;18/02/1978;;7N15015;Individueel;Verkeer & Inzittenden;Individueel Verkeer & Inzittenden BALOISE INSURANCE;Individueel Verkeer & Inzittenden BALOISE INSURANCE;marianne.segers@qollabi.com;BALOISE INSURANCE;Natuurlijk persoon
321/01;Segers;Marianne;18/02/1978;;811959235;Multi-takken;Gegroepeerde gezinspolissen Brand + andere (BA Gezin, ...);Multi-takken Gegroepeerde gezinspolissen Brand + andere (BA Gezin, ...) AXA;Multi-takken Gegroepeerde gezinspolissen Brand + andere (BA Gezin, ...) AXA;marianne.segers@qollabi.com;AXA;Natuurlijk persoon
323/00;Maes;Carolina;05/12/1945;;48084158;Brand eenvoudige risico's;Brand ER - woonhuizen;Brand eenvoudige risico's Brand ER - woonhuizen AG INSURANCE;Brand eenvoudige risico's Brand ER - woonhuizen AG INSURANCE;;AG INSURANCE;Natuurlijk persoon
323/00;Maes;Carolina;05/12/1945;;802181446;Multi-takken;Gegroepeerde gezinspolissen Brand + andere (BA Gezin, ...);Multi-takken Gegroepeerde gezinspolissen Brand + andere (BA Gezin, ...) AXA;Multi-takken Gegroepeerde gezinspolissen Brand + andere (BA Gezin, ...) AXA;;AXA;Natuurlijk persoon
324/01;Van Acker;Marcella;05/03/1949;;5I54230;Auto;Toerisme en Zaken, gemengd gebruik;Auto Toerisme en Zaken, gemengd gebruik BALOISE INSURANCE;Auto Toerisme en Zaken, gemengd gebruik BALOISE INSURANCE;marcella.vanacker@qollabi.com;BALOISE INSURANCE;Natuurlijk persoon
324/02;Mertens;Maurice;25/07/1947;;1157088;Rechtsbijstand;Algemene rechtsbijstand (multi objecttype);Rechtsbijstand Algemene rechtsbijstand (multi objecttype) DAS;Rechtsbijstand Algemene rechtsbijstand (multi objecttype) DAS;marcella.vanacker@qollabi.com;DAS;Natuurlijk persoon
324/02;Mertens;Maurice;25/07/1947;;212710981;Individueel;Hospitalisatie;Individueel Hospitalisatie DKV Belgium;Individueel Hospitalisatie DKV Belgium;marcella.vanacker@qollabi.com;DKV Belgium;Natuurlijk persoon
324/02;Mertens;Maurice;25/07/1947;;3A34824;Brand eenvoudige risico's;Brand ER - woonhuizen;Brand eenvoudige risico's Brand ER - woonhuizen BALOISE INSURANCE;Brand eenvoudige risico's Brand ER - woonhuizen BALOISE INSURANCE;marcella.vanacker@qollabi.com;BALOISE INSURANCE;Natuurlijk persoon
324/02;Mertens;Maurice;25/07/1947;;5I76718;Auto;Toerisme en Zaken, gemengd gebruik;Auto Toerisme en Zaken, gemengd gebruik BALOISE INSURANCE;Auto Toerisme en Zaken, gemengd gebruik BALOISE INSURANCE;marcella.vanacker@qollabi.com;BALOISE INSURANCE;Natuurlijk persoon
324/02;Mertens;Maurice;25/07/1947;;7L44889;BA particulieren;BA Privéleven;BA particulieren BA Privéleven BALOISE INSURANCE;BA particulieren BA Privéleven BALOISE INSURANCE;marcella.vanacker@qollabi.com;BALOISE INSURANCE;Natuurlijk persoon
324/02;Mertens;Maurice;25/07/1947;;7M63812;Individueel;Verkeer & Inzittenden;Individueel Verkeer & Inzittenden BALOISE INSURANCE;Individueel Verkeer & Inzittenden BALOISE INSURANCE;marcella.vanacker@qollabi.com;BALOISE INSURANCE;Natuurlijk persoon
325/00;Eeckhout;Jan;28/10/1964;;821841;Rechtsbijstand;Algemene rechtsbijstand (multi objecttype);Rechtsbijstand Algemene rechtsbijstand (multi objecttype) DAS;Rechtsbijstand Algemene rechtsbijstand (multi objecttype) DAS;jan.eeckhout@qollabi.com;DAS;Natuurlijk persoon
325/00;Eeckhout;Jan;28/10/1964;;38583332;Auto;Lichte Vrachtwagens;Auto Lichte Vrachtwagens AG INSURANCE;Auto Lichte Vrachtwagens AG INSURANCE;jan.eeckhout@qollabi.com;AG INSURANCE;Natuurlijk persoon
325/00;Eeckhout;Jan;28/10/1964;;NCN400051636;BA particulieren;BA Privéleven;BA particulieren BA Privéleven ALLIANZ;BA particulieren BA Privéleven ALLIANZ;jan.eeckhout@qollabi.com;ALLIANZ;Natuurlijk persoon
326/02;Diels;David;02/04/1974;;1084993;Rechtsbijstand;Algemene rechtsbijstand (multi objecttype);Rechtsbijstand Algemene rechtsbijstand (multi objecttype) DAS;Rechtsbijstand Algemene rechtsbijstand (multi objecttype) DAS;david.degraef@qollabi.com;DAS;Natuurlijk persoon
326/02;Diels;David;02/04/1974;;2961742;Brand eenvoudige risico's;Brand ER - handelshuizen;Brand eenvoudige risico's Brand ER - handelshuizen BALOISE INSURANCE;Brand eenvoudige risico's Brand ER - handelshuizen BALOISE INSURANCE;david.degraef@qollabi.com;BALOISE INSURANCE;Natuurlijk persoon
326/02;Diels;David;02/04/1974;;5R12497;Auto;Toerisme en Zaken, gemengd gebruik;Auto Toerisme en Zaken, gemengd gebruik BALOISE INSURANCE;Auto Toerisme en Zaken, gemengd gebruik BALOISE INSURANCE;david.degraef@qollabi.com;BALOISE INSURANCE;Natuurlijk persoon
326/02;Diels;David;02/04/1974;;7473057;Individueel;Verkeer & Inzittenden;Individueel Verkeer & Inzittenden BALOISE INSURANCE;Individueel Verkeer & Inzittenden BALOISE INSURANCE;david.degraef@qollabi.com;BALOISE INSURANCE;Natuurlijk persoon
326/02;Diels;David;02/04/1974;;7L78857;BA particulieren;BA Privéleven;BA particulieren BA Privéleven BALOISE INSURANCE;BA particulieren BA Privéleven BALOISE INSURANCE;david.degraef@qollabi.com;BALOISE INSURANCE;Natuurlijk persoon
326/03;Atlas Services;;;;2164156;Rechtsbijstand;Algemene rechtsbijstand (multi objecttype);Rechtsbijstand Algemene rechtsbijstand (multi objecttype) DAS;Rechtsbijstand Algemene rechtsbijstand (multi objecttype) DAS;david.degraef@qollabi.com;DAS;Rechtspersoon
326/03;Atlas Services;;;;5V24373;Auto;Toerisme en Zaken, gemengd gebruik;Auto Toerisme en Zaken, gemengd gebruik BALOISE INSURANCE;Auto Toerisme en Zaken, gemengd gebruik BALOISE INSURANCE;david.degraef@qollabi.com;BALOISE INSURANCE;Rechtspersoon
326/03;Atlas Services;;;;5V91705;Auto;Lichte Vrachtwagens;Auto Lichte Vrachtwagens BALOISE INSURANCE;Auto Lichte Vrachtwagens BALOISE INSURANCE;david.degraef@qollabi.com;BALOISE INSURANCE;Rechtspersoon
326/03;Atlas Services;;;;5W16748;Auto;Lichte Vrachtwagens;Auto Lichte Vrachtwagens BALOISE INSURANCE;Auto Lichte Vrachtwagens BALOISE INSURANCE;david.degraef@qollabi.com;BALOISE INSURANCE;Rechtspersoon
326/03;Atlas Services;;;;5W32515;Auto;Lichte Vrachtwagens;Auto Lichte Vrachtwagens BALOISE INSURANCE;Auto Lichte Vrachtwagens BALOISE INSURANCE;david.degraef@qollabi.com;BALOISE INSURANCE;Rechtspersoon
326/03;Atlas Services;;;;5W33810;Auto;Lichte Vrachtwagens;Auto Lichte Vrachtwagens BALOISE INSURANCE;Auto Lichte Vrachtwagens BALOISE INSURANCE;david.degraef@qollabi.com;BALOISE INSURANCE;Rechtspersoon
326/03;Atlas Services;;;;QBE10D6020GN;Bijstand;Bijstand (CBFA 18);Bijstand Bijstand (CBFA 18) ALLIANZ  PARTNERS;Bijstand Bijstand (CBFA 18) ALLIANZ  PARTNERS;david.degraef@qollabi.com;ALLIANZ  PARTNERS;Rechtspersoon
327/00;Van Hees;Marc;05/07/1954;;1044199;Rechtsbijstand;Rechtsbijstand Privéleven (eventueel met Auto);Rechtsbijstand Rechtsbijstand Privéleven (eventueel met Auto) DAS;Rechtsbijstand Rechtsbijstand Privéleven (eventueel met Auto) DAS;marc.vanhees@qollabi.com;DAS;Natuurlijk persoon
327/00;Van Hees;Marc;05/07/1954;;2223970;Brand eenvoudige risico's;Brand ER - woonhuizen;Brand eenvoudige risico's Brand ER - woonhuizen BALOISE INSURANCE;Brand eenvoudige risico's Brand ER - woonhuizen BALOISE INSURANCE;marc.vanhees@qollabi.com;BALOISE INSURANCE;Natuurlijk persoon
327/00;Van Hees;Marc;05/07/1954;;5N83980;Auto;Toerisme en Zaken, gemengd gebruik;Auto Toerisme en Zaken, gemengd gebruik BALOISE INSURANCE;Auto Toerisme en Zaken, gemengd gebruik BALOISE INSURANCE;marc.vanhees@qollabi.com;BALOISE INSURANCE;Natuurlijk persoon
327/00;Van Hees;Marc;05/07/1954;;7479946;BA particulieren;BA Privéleven;BA particulieren BA Privéleven BALOISE INSURANCE;BA particulieren BA Privéleven BALOISE INSURANCE;marc.vanhees@qollabi.com;BALOISE INSURANCE;Natuurlijk persoon
328/00;Stevens;Pierre;25/03/1939;;1492284;Rechtsbijstand;Algemene rechtsbijstand (multi objecttype);Rechtsbijstand Algemene rechtsbijstand (multi objecttype) DAS;Rechtsbijstand Algemene rechtsbijstand (multi objecttype) DAS;;DAS;Natuurlijk persoon
328/00;Stevens;Pierre;25/03/1939;;44092436;Brand eenvoudige risico's;Brand ER - woonhuizen;Brand eenvoudige risico's Brand ER - woonhuizen AG INSURANCE;Brand eenvoudige risico's Brand ER - woonhuizen AG INSURANCE;;AG INSURANCE;Natuurlijk persoon
328/00;Stevens;Pierre;25/03/1939;;602600413;Auto;Toerisme en Zaken, gemengd gebruik;Auto Toerisme en Zaken, gemengd gebruik AXA;Auto Toerisme en Zaken, gemengd gebruik AXA;;AXA;Natuurlijk persoon
328/00;Stevens;Pierre;25/03/1939;;60326056;BA particulieren;BA Privéleven;BA particulieren BA Privéleven AG INSURANCE;BA particulieren BA Privéleven AG INSURANCE;;AG INSURANCE;Natuurlijk persoon
328/03;Hendrickx;Rudolf;09/01/1965;;5984034;Auto;Toerisme en Zaken, gemengd gebruik;Auto Toerisme en Zaken, gemengd gebruik BALOISE INSURANCE;Auto Toerisme en Zaken, gemengd gebruik BALOISE INSURANCE;rudolf.hendrickx@qollabi.com;BALOISE INSURANCE;Natuurlijk persoon
328/03;Hendrickx;Rudolf;09/01/1965;;CS00465972;Auto;Bromfietsen;Auto Bromfietsen BALOISE(ex-Fidea);Auto Bromfietsen BALOISE(ex-Fidea);rudolf.hendrickx@qollabi.com;BALOISE(ex-Fidea);Natuurlijk persoon
329/00;Omega Invest;;;;35740705;Leven en belegging;Individueel Leven met vrije stortingen (Tak21-Universal Life;Leven en belegging Individueel Leven met vrije stortingen (Tak21-Universal Life BALOISE(ex-Fidea);Leven en belegging Individueel Leven met vrije stortingen (Tak21-Universal Life BALOISE(ex-Fidea);omegainvest2@qollabi.com;BALOISE(ex-Fidea);Rechtspersoon
329/00;Omega Invest;;;;999166;Rechtsbijstand;Algemene rechtsbijstand (multi objecttype);Rechtsbijstand Algemene rechtsbijstand (multi objecttype) DAS;Rechtsbijstand Algemene rechtsbijstand (multi objecttype) DAS;omegainvest2@qollabi.com;DAS;Rechtspersoon
329/00;Omega Invest;;;;1707056;Leven en belegging;Leven Groep loontrekkenden;Leven en belegging Leven Groep loontrekkenden BALOISE INSURANCE;Leven en belegging Leven Groep loontrekkenden BALOISE INSURANCE;omegainvest2@qollabi.com;BALOISE INSURANCE;Rechtspersoon
329/00;Omega Invest;;;;1A49297;Leven en belegging;Individueel Leven met vrije stortingen (Tak21-Universal Life;Leven en belegging Individueel Leven met vrije stortingen (Tak21-Universal Life BALOISE INSURANCE;Leven en belegging Individueel Leven met vrije stortingen (Tak21-Universal Life BALOISE INSURANCE;omegainvest2@qollabi.com;BALOISE INSURANCE;Rechtspersoon
329/00;Omega Invest;;;;1A53588;Leven en belegging;Individueel Leven met vrije stortingen (Tak21-Universal Life;Leven en belegging Individueel Leven met vrije stortingen (Tak21-Universal Life BALOISE INSURANCE;Leven en belegging Individueel Leven met vrije stortingen (Tak21-Universal Life BALOISE INSURANCE;omegainvest2@qollabi.com;BALOISE INSURANCE;Rechtspersoon
329/00;Omega Invest;;;;622385467;Auto;Lichte Vrachtwagens;Auto Lichte Vrachtwagens AXA;Auto Lichte Vrachtwagens AXA;omegainvest2@qollabi.com;AXA;Rechtspersoon
329/00;Omega Invest;;;;623098158;Auto;Toerisme en Zaken, gemengd gebruik;Auto Toerisme en Zaken, gemengd gebruik AXA;Auto Toerisme en Zaken, gemengd gebruik AXA;omegainvest2@qollabi.com;AXA;Rechtspersoon
329/00;Omega Invest;;;;623098167;Auto;Toerisme en Zaken, gemengd gebruik;Auto Toerisme en Zaken, gemengd gebruik AXA;Auto Toerisme en Zaken, gemengd gebruik AXA;omegainvest2@qollabi.com;AXA;Rechtspersoon
329/00;Omega Invest;;;;624905864;Auto;Lichte Vrachtwagens;Auto Lichte Vrachtwagens AXA;Auto Lichte Vrachtwagens AXA;omegainvest2@qollabi.com;AXA;Rechtspersoon
329/00;Omega Invest;;;;7917040;Individueel;Verkeer & Inzittenden;Individueel Verkeer & Inzittenden BALOISE INSURANCE;Individueel Verkeer & Inzittenden BALOISE INSURANCE;omegainvest2@qollabi.com;BALOISE INSURANCE;Rechtspersoon
329/00;Omega Invest;;;;9986110;Arbeidsongevallen en collectieve verzekeringen;Arbeidsongevallen (Wet);Arbeidsongevallen en collectieve verzekeringen Arbeidsongevallen (Wet) BALOISE INSURANCE;Arbeidsongevallen en collectieve verzekeringen Arbeidsongevallen (Wet) BALOISE INSURANCE;omegainvest2@qollabi.com;BALOISE INSURANCE;Rechtspersoon
331/01;Claeys;Petra;15/04/1977;;5009705385;Leven en belegging;Individueel Leven Klassiek (Tak 21);Leven en belegging Individueel Leven Klassiek (Tak 21) VIVIUM;Leven en belegging Individueel Leven Klassiek (Tak 21) VIVIUM;petra.claeys@qollabi.com;VIVIUM;Natuurlijk persoon
332/00;Willems;Joris;11/07/1959;;298012071;Individueel;Hospitalisatie;Individueel Hospitalisatie DKV Belgium;Individueel Hospitalisatie DKV Belgium;joris.willems@qollabi.com;DKV Belgium;Natuurlijk persoon
332/00;Willems;Joris;11/07/1959;;802153267;Brand eenvoudige risico's;Brand ER - woonhuizen;Brand eenvoudige risico's Brand ER - woonhuizen AXA;Brand eenvoudige risico's Brand ER - woonhuizen AXA;joris.willems@qollabi.com;AXA;Natuurlijk persoon
333/00;Hermans;Harry;10/08/1962;;1248748;Rechtsbijstand;Algemene rechtsbijstand (multi objecttype);Rechtsbijstand Algemene rechtsbijstand (multi objecttype) DAS;Rechtsbijstand Algemene rechtsbijstand (multi objecttype) DAS;harry.hermans@qollabi.com;DAS;Natuurlijk persoon
333/00;Hermans;Harry;10/08/1962;;621002017;Auto;Toerisme en Zaken, gemengd gebruik;Auto Toerisme en Zaken, gemengd gebruik AXA;Auto Toerisme en Zaken, gemengd gebruik AXA;harry.hermans@qollabi.com;AXA;Natuurlijk persoon
333/00;Hermans;Harry;10/08/1962;;7977305;BA particulieren;BA Privéleven;BA particulieren BA Privéleven BALOISE INSURANCE;BA particulieren BA Privéleven BALOISE INSURANCE;harry.hermans@qollabi.com;BALOISE INSURANCE;Natuurlijk persoon
333/00;Hermans;Harry;10/08/1962;;7977642;Individueel;Verkeer & Inzittenden;Individueel Verkeer & Inzittenden BALOISE INSURANCE;Individueel Verkeer & Inzittenden BALOISE INSURANCE;harry.hermans@qollabi.com;BALOISE INSURANCE;Natuurlijk persoon
333/00;Hermans;Harry;10/08/1962;;QBE1019Y5M5Q;Bijstand;Bijstand (CBFA 18);Bijstand Bijstand (CBFA 18) ALLIANZ  PARTNERS;Bijstand Bijstand (CBFA 18) ALLIANZ  PARTNERS;harry.hermans@qollabi.com;ALLIANZ  PARTNERS;Natuurlijk persoon
333/01;Leemans;Harlinde;21/03/1958;;5K69869;Auto;Toerisme en Zaken, gemengd gebruik;Auto Toerisme en Zaken, gemengd gebruik BALOISE INSURANCE;Auto Toerisme en Zaken, gemengd gebruik BALOISE INSURANCE;harry.hermans@qollabi.com;BALOISE INSURANCE;Natuurlijk persoon
334/00;Van Damme;Daniel;25/04/1970;;1269993;Rechtsbijstand;Algemene rechtsbijstand (multi objecttype);Rechtsbijstand Algemene rechtsbijstand (multi objecttype) DAS;Rechtsbijstand Algemene rechtsbijstand (multi objecttype) DAS;daniel.vandamme@qollabi.com;DAS;Natuurlijk persoon
334/00;Van Damme;Daniel;25/04/1970;;68000032102;Bijstand;Bijstand (CBFA 18);Bijstand Bijstand (CBFA 18) ALLIANZ  PARTNERS;Bijstand Bijstand (CBFA 18) ALLIANZ  PARTNERS;daniel.vandamme@qollabi.com;ALLIANZ  PARTNERS;Natuurlijk persoon
334/00;Van Damme;Daniel;25/04/1970;;NCN101112400;Auto;Toerisme en Zaken, gemengd gebruik;Auto Toerisme en Zaken, gemengd gebruik ALLIANZ;Auto Toerisme en Zaken, gemengd gebruik ALLIANZ;daniel.vandamme@qollabi.com;ALLIANZ;Natuurlijk persoon
334/00;Van Damme;Daniel;25/04/1970;;NCN101113487;Auto;Toerisme en Zaken, gemengd gebruik;Auto Toerisme en Zaken, gemengd gebruik ALLIANZ;Auto Toerisme en Zaken, gemengd gebruik ALLIANZ;daniel.vandamme@qollabi.com;ALLIANZ;Natuurlijk persoon
335/00;Peeters;Jan;25/11/1964;;1030146;Rechtsbijstand;Algemene rechtsbijstand (multi objecttype);Rechtsbijstand Algemene rechtsbijstand (multi objecttype) DAS;Rechtsbijstand Algemene rechtsbijstand (multi objecttype) DAS;jan.peeters@qollabi.com;DAS;Natuurlijk persoon
335/00;Peeters;Jan;25/11/1964;;5L05980;Auto;Toerisme en Zaken, gemengd gebruik;Auto Toerisme en Zaken, gemengd gebruik BALOISE INSURANCE;Auto Toerisme en Zaken, gemengd gebruik BALOISE INSURANCE;jan.peeters@qollabi.com;BALOISE INSURANCE;Natuurlijk persoon
335/00;Peeters;Jan;25/11/1964;;7G57837;BA particulieren;BA Privéleven;BA particulieren BA Privéleven BALOISE INSURANCE;BA particulieren BA Privéleven BALOISE INSURANCE;jan.peeters@qollabi.com;BALOISE INSURANCE;Natuurlijk persoon
335/00;Peeters;Jan;25/11/1964;;7N01056;Individueel;Verkeer & Inzittenden;Individueel Verkeer & Inzittenden BALOISE INSURANCE;Individueel Verkeer & Inzittenden BALOISE INSURANCE;jan.peeters@qollabi.com;BALOISE INSURANCE;Natuurlijk persoon
336/00;Vander Auwera;Alfons;19/05/1953;;1911008;Rechtsbijstand;Algemene rechtsbijstand (multi objecttype);Rechtsbijstand Algemene rechtsbijstand (multi objecttype) DAS;Rechtsbijstand Algemene rechtsbijstand (multi objecttype) DAS;alfons.vanderauwera@qollabi.com;DAS;Natuurlijk persoon
336/00;Vander Auwera;Alfons;19/05/1953;;48264624;Brand eenvoudige risico's;Brand ER - woonhuizen;Brand eenvoudige risico's Brand ER - woonhuizen AG INSURANCE;Brand eenvoudige risico's Brand ER - woonhuizen AG INSURANCE;alfons.vanderauwera@qollabi.com;AG INSURANCE;Natuurlijk persoon
336/00;Vander Auwera;Alfons;19/05/1953;;502081913;BA particulieren;BA Privéleven;BA particulieren BA Privéleven AXA;BA particulieren BA Privéleven AXA;alfons.vanderauwera@qollabi.com;AXA;Natuurlijk persoon
336/00;Vander Auwera;Alfons;19/05/1953;;5I17830;Auto;Toerisme en Zaken, gemengd gebruik;Auto Toerisme en Zaken, gemengd gebruik BALOISE INSURANCE;Auto Toerisme en Zaken, gemengd gebruik BALOISE INSURANCE;alfons.vanderauwera@qollabi.com;BALOISE INSURANCE;Natuurlijk persoon
336/00;Vander Auwera;Alfons;19/05/1953;;7G93912;Individueel;Verkeer & Inzittenden;Individueel Verkeer & Inzittenden BALOISE INSURANCE;Individueel Verkeer & Inzittenden BALOISE INSURANCE;alfons.vanderauwera@qollabi.com;BALOISE INSURANCE;Natuurlijk persoon
338/00;Eeckhout;Filip;07/05/1969;;1058725;Rechtsbijstand;Algemene rechtsbijstand (multi objecttype);Rechtsbijstand Algemene rechtsbijstand (multi objecttype) DAS;Rechtsbijstand Algemene rechtsbijstand (multi objecttype) DAS;filip.eeckhout@qollabi.com;DAS;Natuurlijk persoon
338/00;Eeckhout;Filip;07/05/1969;;2226866;Brand eenvoudige risico's;Brand ER - woonhuizen;Brand eenvoudige risico's Brand ER - woonhuizen BALOISE INSURANCE;Brand eenvoudige risico's Brand ER - woonhuizen BALOISE INSURANCE;filip.eeckhout@qollabi.com;BALOISE INSURANCE;Natuurlijk persoon
338/00;Eeckhout;Filip;07/05/1969;;224927721;Individueel;Hospitalisatie;Individueel Hospitalisatie DKV Belgium;Individueel Hospitalisatie DKV Belgium;filip.eeckhout@qollabi.com;DKV Belgium;Natuurlijk persoon
338/00;Eeckhout;Filip;07/05/1969;;5503067706;Leven en belegging;Individueel Leven (Meerdere Takken);Leven en belegging Individueel Leven (Meerdere Takken) VIVIUM;Leven en belegging Individueel Leven (Meerdere Takken) VIVIUM;filip.eeckhout@qollabi.com;VIVIUM;Natuurlijk persoon
338/00;Eeckhout;Filip;07/05/1969;;64167257;BA particulieren;BA Privéleven;BA particulieren BA Privéleven AG INSURANCE;BA particulieren BA Privéleven AG INSURANCE;filip.eeckhout@qollabi.com;AG INSURANCE;Natuurlijk persoon
338/00;Eeckhout;Filip;07/05/1969;;7I47139;Individueel;Verkeer & Inzittenden;Individueel Verkeer & Inzittenden BALOISE INSURANCE;Individueel Verkeer & Inzittenden BALOISE INSURANCE;filip.eeckhout@qollabi.com;BALOISE INSURANCE;Natuurlijk persoon
338/00;Eeckhout;Filip;07/05/1969;;I190009249;Leven en belegging;Individueel Leven (Meerdere Takken);Leven en belegging Individueel Leven (Meerdere Takken) AFER EUROPE;Leven en belegging Individueel Leven (Meerdere Takken) AFER EUROPE;filip.eeckhout@qollabi.com;AFER EUROPE;Natuurlijk persoon
339/01;Claes;Hubertina;27/04/1930;;1025750;Rechtsbijstand;Algemene rechtsbijstand (multi objecttype);Rechtsbijstand Algemene rechtsbijstand (multi objecttype) DAS;Rechtsbijstand Algemene rechtsbijstand (multi objecttype) DAS;;DAS;Natuurlijk persoon
339/01;Claes;Hubertina;27/04/1930;;1248295;Individueel;Hospitalisatie;Individueel Hospitalisatie AG INSURANCE;Individueel Hospitalisatie AG INSURANCE;;AG INSURANCE;Natuurlijk persoon
339/01;Claes;Hubertina;27/04/1930;;3911277;Brand eenvoudige risico's;Brand ER - woonhuizen;Brand eenvoudige risico's Brand ER - woonhuizen BALOISE INSURANCE;Brand eenvoudige risico's Brand ER - woonhuizen BALOISE INSURANCE;;BALOISE INSURANCE;Natuurlijk persoon
339/01;Claes;Hubertina;27/04/1930;;502085469;BA particulieren;BA Privéleven;BA particulieren BA Privéleven AXA;BA particulieren BA Privéleven AXA;;AXA;Natuurlijk persoon
339/01;Claes;Hubertina;27/04/1930;;602432669;Auto;Toerisme en Zaken, gemengd gebruik;Auto Toerisme en Zaken, gemengd gebruik AXA;Auto Toerisme en Zaken, gemengd gebruik AXA;;AXA;Natuurlijk persoon
339/01;Claes;Hubertina;27/04/1930;;7242344319;Bijstand;Bijstand (CBFA 18);Bijstand Bijstand (CBFA 18) EUROP ASSISTANCE BELGIUM;Bijstand Bijstand (CBFA 18) EUROP ASSISTANCE BELGIUM;;EUROP ASSISTANCE BELGIUM;Natuurlijk persoon
339/01;Claes;Hubertina;27/04/1930;;802164541;Brand eenvoudige risico's;Brand ER - woonhuizen;Brand eenvoudige risico's Brand ER - woonhuizen AXA;Brand eenvoudige risico's Brand ER - woonhuizen AXA;;AXA;Natuurlijk persoon
340/00;Van Acker;Jan;22/01/1966;;518242565;BA particulieren;BA Privéleven;BA particulieren BA Privéleven AXA;BA particulieren BA Privéleven AXA;jan.vanacker@qollabi.com;AXA;Natuurlijk persoon
340/01;Leclercq;Tine;02/03/1979;;1248493;Rechtsbijstand;Algemene rechtsbijstand (multi objecttype);Rechtsbijstand Algemene rechtsbijstand (multi objecttype) DAS;Rechtsbijstand Algemene rechtsbijstand (multi objecttype) DAS;jan.vanacker@qollabi.com;DAS;Natuurlijk persoon
340/01;Leclercq;Tine;02/03/1979;;621000802;Auto;Toerisme en Zaken, gemengd gebruik;Auto Toerisme en Zaken, gemengd gebruik AXA;Auto Toerisme en Zaken, gemengd gebruik AXA;jan.vanacker@qollabi.com;AXA;Natuurlijk persoon
342/00;Moons;Frans;09/01/1944;;810087;Rechtsbijstand;Algemene rechtsbijstand (multi objecttype);Rechtsbijstand Algemene rechtsbijstand (multi objecttype) DAS;Rechtsbijstand Algemene rechtsbijstand (multi objecttype) DAS;frans.moons@qollabi.com;DAS;Natuurlijk persoon
342/00;Moons;Frans;09/01/1944;;2578068;Brand eenvoudige risico's;Brand ER - woonhuizen;Brand eenvoudige risico's Brand ER - woonhuizen BALOISE INSURANCE;Brand eenvoudige risico's Brand ER - woonhuizen BALOISE INSURANCE;frans.moons@qollabi.com;BALOISE INSURANCE;Natuurlijk persoon
342/00;Moons;Frans;09/01/1944;;5H81920;Auto;Toerisme en Zaken, gemengd gebruik;Auto Toerisme en Zaken, gemengd gebruik BALOISE INSURANCE;Auto Toerisme en Zaken, gemengd gebruik BALOISE INSURANCE;frans.moons@qollabi.com;BALOISE INSURANCE;Natuurlijk persoon
342/00;Moons;Frans;09/01/1944;;7G54180;BA particulieren;BA Privéleven;BA particulieren BA Privéleven BALOISE INSURANCE;BA particulieren BA Privéleven BALOISE INSURANCE;frans.moons@qollabi.com;BALOISE INSURANCE;Natuurlijk persoon
342/00;Moons;Frans;09/01/1944;;AE07118888;Leven en belegging;Individueel Leven Klassiek (Tak 21);Leven en belegging Individueel Leven Klassiek (Tak 21) AFER EUROPE;Leven en belegging Individueel Leven Klassiek (Tak 21) AFER EUROPE;frans.moons@qollabi.com;AFER EUROPE;Natuurlijk persoon
342/01;Jacobs;José;30/08/1947;;AE07118896;Leven en belegging;Individueel Leven Klassiek (Tak 21);Leven en belegging Individueel Leven Klassiek (Tak 21) AFER EUROPE;Leven en belegging Individueel Leven Klassiek (Tak 21) AFER EUROPE;frans.moons@qollabi.com;AFER EUROPE;Natuurlijk persoon
344/00;Michiels;Koen;26/09/1967;;1037155;Rechtsbijstand;Algemene rechtsbijstand (multi objecttype);Rechtsbijstand Algemene rechtsbijstand (multi objecttype) DAS;Rechtsbijstand Algemene rechtsbijstand (multi objecttype) DAS;koen.michiels@qollabi.com;DAS;Natuurlijk persoon
344/00;Michiels;Koen;26/09/1967;;3204353;Brand eenvoudige risico's;Brand ER - woonhuizen;Brand eenvoudige risico's Brand ER - woonhuizen BALOISE INSURANCE;Brand eenvoudige risico's Brand ER - woonhuizen BALOISE INSURANCE;koen.michiels@qollabi.com;BALOISE INSURANCE;Natuurlijk persoon
344/00;Michiels;Koen;26/09/1967;;5H86365;Auto;Toerisme en Zaken, gemengd gebruik;Auto Toerisme en Zaken, gemengd gebruik BALOISE INSURANCE;Auto Toerisme en Zaken, gemengd gebruik BALOISE INSURANCE;koen.michiels@qollabi.com;BALOISE INSURANCE;Natuurlijk persoon
344/00;Michiels;Koen;26/09/1967;;5T68795;Auto;Toerisme en Zaken, gemengd gebruik;Auto Toerisme en Zaken, gemengd gebruik BALOISE INSURANCE;Auto Toerisme en Zaken, gemengd gebruik BALOISE INSURANCE;koen.michiels@qollabi.com;BALOISE INSURANCE;Natuurlijk persoon
344/00;Michiels;Koen;26/09/1967;;7633893;BA particulieren;BA Privéleven;BA particulieren BA Privéleven BALOISE INSURANCE;BA particulieren BA Privéleven BALOISE INSURANCE;koen.michiels@qollabi.com;BALOISE INSURANCE;Natuurlijk persoon
344/00;Michiels;Koen;26/09/1967;;7M63706;Individueel;Verkeer & Inzittenden;Individueel Verkeer & Inzittenden BALOISE INSURANCE;Individueel Verkeer & Inzittenden BALOISE INSURANCE;koen.michiels@qollabi.com;BALOISE INSURANCE;Natuurlijk persoon
346/00;Huygen;José;22/02/1941;;827957;Rechtsbijstand;Algemene rechtsbijstand (multi objecttype);Rechtsbijstand Algemene rechtsbijstand (multi objecttype) DAS;Rechtsbijstand Algemene rechtsbijstand (multi objecttype) DAS;;DAS;Natuurlijk persoon
346/00;Huygen;José;22/02/1941;;5034967;Auto;Toerisme en Zaken, gemengd gebruik;Auto Toerisme en Zaken, gemengd gebruik BALOISE INSURANCE;Auto Toerisme en Zaken, gemengd gebruik BALOISE INSURANCE;;BALOISE INSURANCE;Natuurlijk persoon
346/00;Huygen;José;22/02/1941;;7L78262;BA particulieren;BA Privéleven;BA particulieren BA Privéleven BALOISE INSURANCE;BA particulieren BA Privéleven BALOISE INSURANCE;;BALOISE INSURANCE;Natuurlijk persoon
346/00;Huygen;José;22/02/1941;;817477491;Brand eenvoudige risico's;Brand ER - woonhuizen;Brand eenvoudige risico's Brand ER - woonhuizen AXA;Brand eenvoudige risico's Brand ER - woonhuizen AXA;;AXA;Natuurlijk persoon
348/01;Leysen;Anja;24/05/1971;;1355027;Rechtsbijstand;Algemene rechtsbijstand (multi objecttype);Rechtsbijstand Algemene rechtsbijstand (multi objecttype) DAS;Rechtsbijstand Algemene rechtsbijstand (multi objecttype) DAS;anja.leysen@qollabi.com;DAS;Natuurlijk persoon
348/01;Leysen;Anja;24/05/1971;;1P1442124;Leven en belegging;Individueel Leven Klassiek (Tak 21);Leven en belegging Individueel Leven Klassiek (Tak 21) NN INSURANCE BELGIUM;Leven en belegging Individueel Leven Klassiek (Tak 21) NN INSURANCE BELGIUM;anja.leysen@qollabi.com;NN INSURANCE BELGIUM;Natuurlijk persoon
348/01;Leysen;Anja;24/05/1971;;5503119667;Leven en belegging;Individueel Leven (Meerdere Takken);Leven en belegging Individueel Leven (Meerdere Takken) VIVIUM;Leven en belegging Individueel Leven (Meerdere Takken) VIVIUM;anja.leysen@qollabi.com;VIVIUM;Natuurlijk persoon
348/01;Leysen;Anja;24/05/1971;;621331162;Auto;Toerisme en Zaken, gemengd gebruik;Auto Toerisme en Zaken, gemengd gebruik AXA;Auto Toerisme en Zaken, gemengd gebruik AXA;anja.leysen@qollabi.com;AXA;Natuurlijk persoon
348/01;Leysen;Anja;24/05/1971;;8152947;Individueel;Hospitalisatie;Individueel Hospitalisatie AG INSURANCE;Individueel Hospitalisatie AG INSURANCE;anja.leysen@qollabi.com;AG INSURANCE;Natuurlijk persoon
348/01;Leysen;Anja;24/05/1971;;816295445;Multi-takken;Gegroepeerde gezinspolissen Brand + andere (BA Gezin, ...);Multi-takken Gegroepeerde gezinspolissen Brand + andere (BA Gezin, ...) AXA;Multi-takken Gegroepeerde gezinspolissen Brand + andere (BA Gezin, ...) AXA;anja.leysen@qollabi.com;AXA;Natuurlijk persoon
348/01;Leysen;Anja;24/05/1971;;AIA-96117038;Leven en belegging;Individueel Leven Klassiek (Tak 21);Leven en belegging Individueel Leven Klassiek (Tak 21) BALOISE(ex-Fidea);Leven en belegging Individueel Leven Klassiek (Tak 21) BALOISE(ex-Fidea);anja.leysen@qollabi.com;BALOISE(ex-Fidea);Natuurlijk persoon
348/01;Leysen;Anja;24/05/1971;;QBE1019YRM2Q;Reis;Reisverzekeringen;Reis Reisverzekeringen ALLIANZ  PARTNERS;Reis Reisverzekeringen ALLIANZ  PARTNERS;anja.leysen@qollabi.com;ALLIANZ  PARTNERS;Natuurlijk persoon
348/02;Atlas Consulting;;;;3975539;Brand eenvoudige risico's;Brand ER - woonhuizen;Brand eenvoudige risico's Brand ER - woonhuizen BALOISE INSURANCE;Brand eenvoudige risico's Brand ER - woonhuizen BALOISE INSURANCE;erwin.vanacker@qollabi.com;BALOISE INSURANCE;Rechtspersoon
348/02;Atlas Consulting;;;;5233225;Leven en belegging;Individueel Leven Klassiek (Tak 21);Leven en belegging Individueel Leven Klassiek (Tak 21) Cardif;Leven en belegging Individueel Leven Klassiek (Tak 21) Cardif;erwin.vanacker@qollabi.com;Cardif;Rechtspersoon
353/00;De Ridder;Jean;22/11/1951;;818382;Rechtsbijstand;Algemene rechtsbijstand (multi objecttype);Rechtsbijstand Algemene rechtsbijstand (multi objecttype) DAS;Rechtsbijstand Algemene rechtsbijstand (multi objecttype) DAS;jean.deridder@qollabi.com;DAS;Natuurlijk persoon
353/00;De Ridder;Jean;22/11/1951;;502078919;BA particulieren;BA Privéleven;BA particulieren BA Privéleven AXA;BA particulieren BA Privéleven AXA;jean.deridder@qollabi.com;AXA;Natuurlijk persoon
353/00;De Ridder;Jean;22/11/1951;;602436923;Auto;Toerisme en Zaken, gemengd gebruik;Auto Toerisme en Zaken, gemengd gebruik AXA;Auto Toerisme en Zaken, gemengd gebruik AXA;jean.deridder@qollabi.com;AXA;Natuurlijk persoon
353/00;De Ridder;Jean;22/11/1951;;602522906;Individueel;Verkeer & Inzittenden;Individueel Verkeer & Inzittenden AXA;Individueel Verkeer & Inzittenden AXA;jean.deridder@qollabi.com;AXA;Natuurlijk persoon
353/00;De Ridder;Jean;22/11/1951;;802153081;Brand eenvoudige risico's;Brand ER - woonhuizen;Brand eenvoudige risico's Brand ER - woonhuizen AXA;Brand eenvoudige risico's Brand ER - woonhuizen AXA;jean.deridder@qollabi.com;AXA;Natuurlijk persoon
354/00;Peeters;Patrick;24/03/1962;;5590693;Leven en belegging;Individueel Leven Klassiek (Tak 21);Leven en belegging Individueel Leven Klassiek (Tak 21) AG INSURANCE;Leven en belegging Individueel Leven Klassiek (Tak 21) AG INSURANCE;patrick.peeters@qollabi.com;AG INSURANCE;Natuurlijk persoon
355/00;Leysen;Walter;21/01/1958;;38000055628;Bijstand;Bijstand (CBFA 18);Bijstand Bijstand (CBFA 18) ALLIANZ  PARTNERS;Bijstand Bijstand (CBFA 18) ALLIANZ  PARTNERS;walter.leysen@qollabi.com;ALLIANZ  PARTNERS;Natuurlijk persoon
355/00;Leysen;Walter;21/01/1958;;7841183;BA particulieren;BA Privéleven;BA particulieren BA Privéleven BALOISE INSURANCE;BA particulieren BA Privéleven BALOISE INSURANCE;walter.leysen@qollabi.com;BALOISE INSURANCE;Natuurlijk persoon
355/00;Leysen;Walter;21/01/1958;;816249674;Brand eenvoudige risico's;Brand ER - woonhuizen;Brand eenvoudige risico's Brand ER - woonhuizen AXA;Brand eenvoudige risico's Brand ER - woonhuizen AXA;walter.leysen@qollabi.com;AXA;Natuurlijk persoon
355/01;Stevens;Hilde;23/02/1965;;6770409;Leven en belegging;Individueel Leven Klassiek (Tak 21);Leven en belegging Individueel Leven Klassiek (Tak 21) BALOISE(ex-Fidea);Leven en belegging Individueel Leven Klassiek (Tak 21) BALOISE(ex-Fidea);hilde.stevens@qollabi.com;BALOISE(ex-Fidea);Natuurlijk persoon
355/01;Stevens;Hilde;23/02/1965;;1780514;Rechtsbijstand;Algemene rechtsbijstand (multi objecttype);Rechtsbijstand Algemene rechtsbijstand (multi objecttype) DAS;Rechtsbijstand Algemene rechtsbijstand (multi objecttype) DAS;hilde.stevens@qollabi.com;DAS;Natuurlijk persoon
355/01;Stevens;Hilde;23/02/1965;;1A48667;Leven en belegging;Individueel Leven Klassiek (Tak 21);Leven en belegging Individueel Leven Klassiek (Tak 21) BALOISE INSURANCE;Leven en belegging Individueel Leven Klassiek (Tak 21) BALOISE INSURANCE;hilde.stevens@qollabi.com;BALOISE INSURANCE;Natuurlijk persoon
355/01;Stevens;Hilde;23/02/1965;;325152821;Individueel;Hospitalisatie;Individueel Hospitalisatie DKV Belgium;Individueel Hospitalisatie DKV Belgium;hilde.stevens@qollabi.com;DKV Belgium;Natuurlijk persoon
355/01;Stevens;Hilde;23/02/1965;;3724104;Brand eenvoudige risico's;Brand ER - woonhuizen;Brand eenvoudige risico's Brand ER - woonhuizen BALOISE INSURANCE;Brand eenvoudige risico's Brand ER - woonhuizen BALOISE INSURANCE;hilde.stevens@qollabi.com;BALOISE INSURANCE;Natuurlijk persoon
355/01;Stevens;Hilde;23/02/1965;;5009001834;Leven en belegging;Individueel Leven Klassiek (Tak 21);Leven en belegging Individueel Leven Klassiek (Tak 21) VIVIUM;Leven en belegging Individueel Leven Klassiek (Tak 21) VIVIUM;hilde.stevens@qollabi.com;VIVIUM;Natuurlijk persoon
355/01;Stevens;Hilde;23/02/1965;;5609001833;Leven en belegging;Individueel Leven Klassiek (Tak 21);Leven en belegging Individueel Leven Klassiek (Tak 21) VIVIUM;Leven en belegging Individueel Leven Klassiek (Tak 21) VIVIUM;hilde.stevens@qollabi.com;VIVIUM;Natuurlijk persoon
355/01;Stevens;Hilde;23/02/1965;;5I01937;Auto;Toerisme en Zaken, gemengd gebruik;Auto Toerisme en Zaken, gemengd gebruik BALOISE INSURANCE;Auto Toerisme en Zaken, gemengd gebruik BALOISE INSURANCE;hilde.stevens@qollabi.com;BALOISE INSURANCE;Natuurlijk persoon
355/01;Stevens;Hilde;23/02/1965;;68000000953;Bijstand;Bijstand (CBFA 18);Bijstand Bijstand (CBFA 18) ALLIANZ  PARTNERS;Bijstand Bijstand (CBFA 18) ALLIANZ  PARTNERS;hilde.stevens@qollabi.com;ALLIANZ  PARTNERS;Natuurlijk persoon
355/01;Stevens;Hilde;23/02/1965;;730383323;BA andere dan particulieren;BA Medische Beroepen;BA andere dan particulieren BA Medische Beroepen AXA;BA andere dan particulieren BA Medische Beroepen AXA;hilde.stevens@qollabi.com;AXA;Natuurlijk persoon
355/03;Prism Partners;;;;1C48311;Leven en belegging;Individueel Leven Klassiek (Tak 21);Leven en belegging Individueel Leven Klassiek (Tak 21) BALOISE INSURANCE;Leven en belegging Individueel Leven Klassiek (Tak 21) BALOISE INSURANCE;walter.leysen@qollabi.com;BALOISE INSURANCE;Rechtspersoon
355/03;Prism Partners;;;;2081720;BA andere dan particulieren;BA Medische Beroepen;BA andere dan particulieren BA Medische Beroepen AMMA;BA andere dan particulieren BA Medische Beroepen AMMA;walter.leysen@qollabi.com;AMMA;Rechtspersoon
355/04;Verhoeven;Luc;25/08/1960;;5J23818;Auto;Lichte Vrachtwagens;Auto Lichte Vrachtwagens BALOISE INSURANCE;Auto Lichte Vrachtwagens BALOISE INSURANCE;luc.verhoeven@qollabi.com;BALOISE INSURANCE;Natuurlijk persoon
355/04;Verhoeven;Luc;25/08/1960;;7G53450;BA particulieren;BA Privéleven;BA particulieren BA Privéleven BALOISE INSURANCE;BA particulieren BA Privéleven BALOISE INSURANCE;luc.verhoeven@qollabi.com;BALOISE INSURANCE;Natuurlijk persoon
355/04;Verhoeven;Luc;25/08/1960;;7N17698;Individueel;Verkeer & Inzittenden;Individueel Verkeer & Inzittenden BALOISE INSURANCE;Individueel Verkeer & Inzittenden BALOISE INSURANCE;luc.verhoeven@qollabi.com;BALOISE INSURANCE;Natuurlijk persoon
356/01;Raes;Jeanne;21/09/1935;;2596385;Brand eenvoudige risico's;Brand ER - woonhuizen;Brand eenvoudige risico's Brand ER - woonhuizen BALOISE INSURANCE;Brand eenvoudige risico's Brand ER - woonhuizen BALOISE INSURANCE;;BALOISE INSURANCE;Natuurlijk persoon
356/01;Raes;Jeanne;21/09/1935;;7872256;BA particulieren;BA Privéleven;BA particulieren BA Privéleven BALOISE INSURANCE;BA particulieren BA Privéleven BALOISE INSURANCE;;BALOISE INSURANCE;Natuurlijk persoon
360/00;Lenaerts;Melanie Erfgen.;;;7090763;Brand eenvoudige risico's;Brand ER - woonhuizen;Brand eenvoudige risico's Brand ER - woonhuizen AXA;Brand eenvoudige risico's Brand ER - woonhuizen AXA;;AXA;Natuurlijk persoon
364/01;Schepers;Josiane;24/09/1950;;1002331;Rechtsbijstand;Algemene rechtsbijstand (multi objecttype);Rechtsbijstand Algemene rechtsbijstand (multi objecttype) DAS;Rechtsbijstand Algemene rechtsbijstand (multi objecttype) DAS;josiane.schepers@qollabi.com;DAS;Natuurlijk persoon
364/01;Schepers;Josiane;24/09/1950;;113845684;Leven en belegging;Individueel Leven (Meerdere Takken);Leven en belegging Individueel Leven (Meerdere Takken) AXA;Leven en belegging Individueel Leven (Meerdere Takken) AXA;josiane.schepers@qollabi.com;AXA;Natuurlijk persoon
364/01;Schepers;Josiane;24/09/1950;;211556911;Individueel;Hospitalisatie;Individueel Hospitalisatie DKV Belgium;Individueel Hospitalisatie DKV Belgium;josiane.schepers@qollabi.com;DKV Belgium;Natuurlijk persoon
364/01;Schepers;Josiane;24/09/1950;;330029935;Leven en belegging;Individueel Leven (Meerdere Takken);Leven en belegging Individueel Leven (Meerdere Takken) Ergo Life;Leven en belegging Individueel Leven (Meerdere Takken) Ergo Life;josiane.schepers@qollabi.com;Ergo Life;Natuurlijk persoon
364/01;Schepers;Josiane;24/09/1950;;330029936;Leven en belegging;Individueel Leven (Meerdere Takken);Leven en belegging Individueel Leven (Meerdere Takken) Ergo Life;Leven en belegging Individueel Leven (Meerdere Takken) Ergo Life;josiane.schepers@qollabi.com;Ergo Life;Natuurlijk persoon
364/01;Schepers;Josiane;24/09/1950;;502084191;BA particulieren;BA Privéleven;BA particulieren BA Privéleven AXA;BA particulieren BA Privéleven AXA;josiane.schepers@qollabi.com;AXA;Natuurlijk persoon
364/01;Schepers;Josiane;24/09/1950;;602408420;Auto;Toerisme en Zaken, gemengd gebruik;Auto Toerisme en Zaken, gemengd gebruik AXA;Auto Toerisme en Zaken, gemengd gebruik AXA;josiane.schepers@qollabi.com;AXA;Natuurlijk persoon
364/01;Schepers;Josiane;24/09/1950;;69483900;Arbeidsongevallen en collectieve verzekeringen;AO huispersoneel;Arbeidsongevallen en collectieve verzekeringen AO huispersoneel AG INSURANCE;Arbeidsongevallen en collectieve verzekeringen AO huispersoneel AG INSURANCE;josiane.schepers@qollabi.com;AG INSURANCE;Natuurlijk persoon
364/01;Schepers;Josiane;24/09/1950;;802165799;Brand eenvoudige risico's;Brand ER - woonhuizen;Brand eenvoudige risico's Brand ER - woonhuizen AXA;Brand eenvoudige risico's Brand ER - woonhuizen AXA;josiane.schepers@qollabi.com;AXA;Natuurlijk persoon
364/01;Schepers;Josiane;24/09/1950;;I190004752;Leven en belegging;Individueel Leven Klassiek (Tak 21);Leven en belegging Individueel Leven Klassiek (Tak 21) AFER EUROPE;Leven en belegging Individueel Leven Klassiek (Tak 21) AFER EUROPE;josiane.schepers@qollabi.com;AFER EUROPE;Natuurlijk persoon
365/00;Janssen;Bartholomeus;01/10/1966;;10313553;Leven en belegging;Individueel Leven met vrije stortingen (Tak21-Universal Life;Leven en belegging Individueel Leven met vrije stortingen (Tak21-Universal Life AG INSURANCE;Leven en belegging Individueel Leven met vrije stortingen (Tak21-Universal Life AG INSURANCE;bartholomeus.janssen@qollabi.com;AG INSURANCE;Natuurlijk persoon
365/00;Janssen;Bartholomeus;01/10/1966;;1193167;Rechtsbijstand;Algemene rechtsbijstand (multi objecttype);Rechtsbijstand Algemene rechtsbijstand (multi objecttype) DAS;Rechtsbijstand Algemene rechtsbijstand (multi objecttype) DAS;bartholomeus.janssen@qollabi.com;DAS;Natuurlijk persoon
365/00;Janssen;Bartholomeus;01/10/1966;;1920014249;Reis;Reisverzekeringen;Reis Reisverzekeringen EUROP ASSISTANCE BELGIUM;Reis Reisverzekeringen EUROP ASSISTANCE BELGIUM;bartholomeus.janssen@qollabi.com;EUROP ASSISTANCE BELGIUM;Natuurlijk persoon
365/00;Janssen;Bartholomeus;01/10/1966;;64314160;Arbeidsongevallen en collectieve verzekeringen;AO huispersoneel;Arbeidsongevallen en collectieve verzekeringen AO huispersoneel AG INSURANCE;Arbeidsongevallen en collectieve verzekeringen AO huispersoneel AG INSURANCE;bartholomeus.janssen@qollabi.com;AG INSURANCE;Natuurlijk persoon
365/00;Janssen;Bartholomeus;01/10/1966;;7954562;BA particulieren;BA Privéleven;BA particulieren BA Privéleven BALOISE INSURANCE;BA particulieren BA Privéleven BALOISE INSURANCE;bartholomeus.janssen@qollabi.com;BALOISE INSURANCE;Natuurlijk persoon
365/00;Janssen;Bartholomeus;01/10/1966;;817002266;Brand eenvoudige risico's;Brand ER - woonhuizen;Brand eenvoudige risico's Brand ER - woonhuizen AXA;Brand eenvoudige risico's Brand ER - woonhuizen AXA;bartholomeus.janssen@qollabi.com;AXA;Natuurlijk persoon
365/01;Dupont;Antonia;23/02/1967;;10313557;Leven en belegging;Individueel Leven met vrije stortingen (Tak21-Universal Life;Leven en belegging Individueel Leven met vrije stortingen (Tak21-Universal Life AG INSURANCE;Leven en belegging Individueel Leven met vrije stortingen (Tak21-Universal Life AG INSURANCE;;AG INSURANCE;Natuurlijk persoon
365/01;Dupont;Antonia;23/02/1967;;112679328;Leven en belegging;Individueel Leven Klassiek (Tak 21);Leven en belegging Individueel Leven Klassiek (Tak 21) AXA;Leven en belegging Individueel Leven Klassiek (Tak 21) AXA;;AXA;Natuurlijk persoon
366/00;Martens;Henk;15/02/1966;;64194401;BA particulieren;BA Privéleven;BA particulieren BA Privéleven AG INSURANCE;BA particulieren BA Privéleven AG INSURANCE;henk.martens@qollabi.com;AG INSURANCE;Natuurlijk persoon
368/00;Thijs;Daniel;03/11/1955;;1035060;Rechtsbijstand;Algemene rechtsbijstand (multi objecttype);Rechtsbijstand Algemene rechtsbijstand (multi objecttype) DAS;Rechtsbijstand Algemene rechtsbijstand (multi objecttype) DAS;daniel.thijs@qollabi.com;DAS;Natuurlijk persoon
368/00;Thijs;Daniel;03/11/1955;;38000050896;Diversen;Bijstand (CBFA 18);Diversen Bijstand (CBFA 18) ALLIANZ  PARTNERS;Diversen Bijstand (CBFA 18) ALLIANZ  PARTNERS;daniel.thijs@qollabi.com;ALLIANZ  PARTNERS;Natuurlijk persoon
368/00;Thijs;Daniel;03/11/1955;;602420055;Auto;Toerisme en Zaken, gemengd gebruik;Auto Toerisme en Zaken, gemengd gebruik AXA;Auto Toerisme en Zaken, gemengd gebruik AXA;daniel.thijs@qollabi.com;AXA;Natuurlijk persoon
368/00;Thijs;Daniel;03/11/1955;;7974438;BA particulieren;BA Privéleven;BA particulieren BA Privéleven BALOISE INSURANCE;BA particulieren BA Privéleven BALOISE INSURANCE;daniel.thijs@qollabi.com;BALOISE INSURANCE;Natuurlijk persoon
368/00;Thijs;Daniel;03/11/1955;;7J41452;Individueel;Verkeer & Inzittenden;Individueel Verkeer & Inzittenden BALOISE INSURANCE;Individueel Verkeer & Inzittenden BALOISE INSURANCE;daniel.thijs@qollabi.com;BALOISE INSURANCE;Natuurlijk persoon
369/00;Baert;Jan;09/01/1942;;1192526;Rechtsbijstand;Algemene rechtsbijstand (multi objecttype);Rechtsbijstand Algemene rechtsbijstand (multi objecttype) DAS;Rechtsbijstand Algemene rechtsbijstand (multi objecttype) DAS;jan.baert@qollabi.com;DAS;Natuurlijk persoon
369/00;Baert;Jan;09/01/1942;;602167642;Auto;Toerisme en Zaken, gemengd gebruik;Auto Toerisme en Zaken, gemengd gebruik AXA;Auto Toerisme en Zaken, gemengd gebruik AXA;jan.baert@qollabi.com;AXA;Natuurlijk persoon
369/02;Gamma Invest;;;;802244894;Brand eenvoudige risico's;Brand ER - woonhuizen;Brand eenvoudige risico's Brand ER - woonhuizen AXA;Brand eenvoudige risico's Brand ER - woonhuizen AXA;;AXA;Rechtspersoon
370/01;Pauwels;Lisette;03/11/1942;;160837;Rechtsbijstand;Rechtsbijstand Privéleven (eventueel met Auto);Rechtsbijstand Rechtsbijstand Privéleven (eventueel met Auto) ARAG;Rechtsbijstand Rechtsbijstand Privéleven (eventueel met Auto) ARAG;wilfried.timmermans@qollabi.com;ARAG;Natuurlijk persoon
370/01;Pauwels;Lisette;03/11/1942;;43968953;Brand eenvoudige risico's;Brand ER - woonhuizen;Brand eenvoudige risico's Brand ER - woonhuizen AG INSURANCE;Brand eenvoudige risico's Brand ER - woonhuizen AG INSURANCE;wilfried.timmermans@qollabi.com;AG INSURANCE;Natuurlijk persoon
370/01;Pauwels;Lisette;03/11/1942;;60148550;BA particulieren;BA Privéleven;BA particulieren BA Privéleven AG INSURANCE;BA particulieren BA Privéleven AG INSURANCE;wilfried.timmermans@qollabi.com;AG INSURANCE;Natuurlijk persoon
373/00;Wouters;Olivier;14/09/1966;;5564968;Leven en belegging;Individueel Leven Klassiek (Tak 21);Leven en belegging Individueel Leven Klassiek (Tak 21) AG INSURANCE;Leven en belegging Individueel Leven Klassiek (Tak 21) AG INSURANCE;;AG INSURANCE;Natuurlijk persoon
375/01;Van den Berg;Bertha;19/06/1932;;500356797;BA particulieren;BA Privéleven;BA particulieren BA Privéleven AXA;BA particulieren BA Privéleven AXA;;AXA;Natuurlijk persoon
375/01;Van den Berg;Bertha;19/06/1932;;870952144;Brand eenvoudige risico's;Brand ER - woonhuizen;Brand eenvoudige risico's Brand ER - woonhuizen AXA;Brand eenvoudige risico's Brand ER - woonhuizen AXA;;AXA;Natuurlijk persoon
377/00;Lemmens;Stijn;17/11/1959;;1796420;Rechtsbijstand;Algemene rechtsbijstand (multi objecttype);Rechtsbijstand Algemene rechtsbijstand (multi objecttype) DAS;Rechtsbijstand Algemene rechtsbijstand (multi objecttype) DAS;stijn.lemmens@qollabi.com;DAS;Natuurlijk persoon
377/00;Lemmens;Stijn;17/11/1959;;5N98438;Auto;Toerisme en Zaken, gemengd gebruik;Auto Toerisme en Zaken, gemengd gebruik BALOISE INSURANCE;Auto Toerisme en Zaken, gemengd gebruik BALOISE INSURANCE;stijn.lemmens@qollabi.com;BALOISE INSURANCE;Natuurlijk persoon
377/00;Lemmens;Stijn;17/11/1959;;68000009047;Reis;Reisverzekeringen;Reis Reisverzekeringen ALLIANZ  PARTNERS;Reis Reisverzekeringen ALLIANZ  PARTNERS;stijn.lemmens@qollabi.com;ALLIANZ  PARTNERS;Natuurlijk persoon
377/00;Lemmens;Stijn;17/11/1959;;7I22460;BA particulieren;BA Privéleven;BA particulieren BA Privéleven BALOISE INSURANCE;BA particulieren BA Privéleven BALOISE INSURANCE;stijn.lemmens@qollabi.com;BALOISE INSURANCE;Natuurlijk persoon
377/00;Lemmens;Stijn;17/11/1959;;816870555;Brand eenvoudige risico's;Brand ER - woonhuizen;Brand eenvoudige risico's Brand ER - woonhuizen AXA;Brand eenvoudige risico's Brand ER - woonhuizen AXA;stijn.lemmens@qollabi.com;AXA;Natuurlijk persoon
377/02;Vortex Solutions;;;;2225847;Rechtsbijstand;Algemene rechtsbijstand (multi objecttype);Rechtsbijstand Algemene rechtsbijstand (multi objecttype) DAS;Rechtsbijstand Algemene rechtsbijstand (multi objecttype) DAS;stijn.lemmens@qollabi.com;DAS;Rechtspersoon
377/02;Vortex Solutions;;;;5W52428;Auto;Toerisme en Zaken, gemengd gebruik;Auto Toerisme en Zaken, gemengd gebruik BALOISE INSURANCE;Auto Toerisme en Zaken, gemengd gebruik BALOISE INSURANCE;stijn.lemmens@qollabi.com;BALOISE INSURANCE;Rechtspersoon
377/02;Vortex Solutions;;;;7L89728;Individueel;Verkeer & Inzittenden;Individueel Verkeer & Inzittenden BALOISE INSURANCE;Individueel Verkeer & Inzittenden BALOISE INSURANCE;stijn.lemmens@qollabi.com;BALOISE INSURANCE;Rechtspersoon
379/00;De Wolf;Albert;07/12/1940;;561554653;BA particulieren;BA Privéleven;BA particulieren BA Privéleven AXA;BA particulieren BA Privéleven AXA;albert.dewolf@qollabi.com;AXA;Natuurlijk persoon
381/00;Dupont;Gustaaf;16/08/1941;;829270;Rechtsbijstand;Algemene rechtsbijstand (multi objecttype);Rechtsbijstand Algemene rechtsbijstand (multi objecttype) DAS;Rechtsbijstand Algemene rechtsbijstand (multi objecttype) DAS;;DAS;Natuurlijk persoon
381/00;Dupont;Gustaaf;16/08/1941;;46541235;Brand eenvoudige risico's;Brand ER - woonhuizen;Brand eenvoudige risico's Brand ER - woonhuizen AG INSURANCE;Brand eenvoudige risico's Brand ER - woonhuizen AG INSURANCE;;AG INSURANCE;Natuurlijk persoon
381/00;Dupont;Gustaaf;16/08/1941;;561401326;BA particulieren;BA Privéleven;BA particulieren BA Privéleven AXA;BA particulieren BA Privéleven AXA;;AXA;Natuurlijk persoon
381/00;Dupont;Gustaaf;16/08/1941;;664601590;Auto;Toerisme en Zaken, gemengd gebruik;Auto Toerisme en Zaken, gemengd gebruik AXA;Auto Toerisme en Zaken, gemengd gebruik AXA;;AXA;Natuurlijk persoon
384/02;Gamma Industries;;;;66216006;BA andere dan particulieren;BA Inrichters van Evenementen;BA andere dan particulieren BA Inrichters van Evenementen AG INSURANCE;BA andere dan particulieren BA Inrichters van Evenementen AG INSURANCE;;AG INSURANCE;Rechtspersoon
384/02;Gamma Industries;;;;730216463;BA andere dan particulieren;BA Inrichters van Evenementen;BA andere dan particulieren BA Inrichters van Evenementen AXA;BA andere dan particulieren BA Inrichters van Evenementen AXA;;AXA;Rechtspersoon
388/00;Leemans;Philippe;24/02/1964;;1436975;Rechtsbijstand;Algemene rechtsbijstand (multi objecttype);Rechtsbijstand Algemene rechtsbijstand (multi objecttype) DAS;Rechtsbijstand Algemene rechtsbijstand (multi objecttype) DAS;philippe.leemans@qollabi.com;DAS;Natuurlijk persoon
388/00;Leemans;Philippe;24/02/1964;;182234386212;Leven en belegging;Individueel Leven met vrije stortingen (Tak21-Universal Life;Leven en belegging Individueel Leven met vrije stortingen (Tak21-Universal Life AG INSURANCE;Leven en belegging Individueel Leven met vrije stortingen (Tak21-Universal Life AG INSURANCE;philippe.leemans@qollabi.com;AG INSURANCE;Natuurlijk persoon
388/00;Leemans;Philippe;24/02/1964;;26442435;Individueel;Verkeer & Inzittenden;Individueel Verkeer & Inzittenden AG INSURANCE;Individueel Verkeer & Inzittenden AG INSURANCE;philippe.leemans@qollabi.com;AG INSURANCE;Natuurlijk persoon
388/00;Leemans;Philippe;24/02/1964;;5381692;Leven en belegging;Leven Collectief (Tak 21);Leven en belegging Leven Collectief (Tak 21) Cardif;Leven en belegging Leven Collectief (Tak 21) Cardif;philippe.leemans@qollabi.com;Cardif;Natuurlijk persoon
388/00;Leemans;Philippe;24/02/1964;;64046578;Multi-takken;Multiwaarborg BA particulier;Multi-takken Multiwaarborg BA particulier AG INSURANCE;Multi-takken Multiwaarborg BA particulier AG INSURANCE;philippe.leemans@qollabi.com;AG INSURANCE;Natuurlijk persoon
388/00;Leemans;Philippe;24/02/1964;;68000005216;Bijstand;Bijstand (CBFA 18);Bijstand Bijstand (CBFA 18) ALLIANZ  PARTNERS;Bijstand Bijstand (CBFA 18) ALLIANZ  PARTNERS;philippe.leemans@qollabi.com;ALLIANZ  PARTNERS;Natuurlijk persoon
388/00;Leemans;Philippe;24/02/1964;;7.109.531;Leven en belegging;Individueel Leven Klassiek (Tak 21);Leven en belegging Individueel Leven Klassiek (Tak 21) AFER EUROPE;Leven en belegging Individueel Leven Klassiek (Tak 21) AFER EUROPE;philippe.leemans@qollabi.com;AFER EUROPE;Natuurlijk persoon
388/00;Leemans;Philippe;24/02/1964;;816978414;Brand eenvoudige risico's;Brand ER - woonhuizen;Brand eenvoudige risico's Brand ER - woonhuizen AXA;Brand eenvoudige risico's Brand ER - woonhuizen AXA;philippe.leemans@qollabi.com;AXA;Natuurlijk persoon
388/01;Janssen;Nancy;19/03/1968;;112670490;Leven en belegging;Individueel Leven Klassiek (Tak 21);Leven en belegging Individueel Leven Klassiek (Tak 21) AXA;Leven en belegging Individueel Leven Klassiek (Tak 21) AXA;philippe.leemans@qollabi.com;AXA;Natuurlijk persoon
389/00;Vander Auwera;Johan;13/05/1973;;1059362;Rechtsbijstand;Algemene rechtsbijstand (multi objecttype);Rechtsbijstand Algemene rechtsbijstand (multi objecttype) DAS;Rechtsbijstand Algemene rechtsbijstand (multi objecttype) DAS;johan.vanderauwera@qollabi.com;DAS;Natuurlijk persoon
389/00;Vander Auwera;Johan;13/05/1973;;2243795;Brand eenvoudige risico's;Brand ER - woonhuizen;Brand eenvoudige risico's Brand ER - woonhuizen BALOISE INSURANCE;Brand eenvoudige risico's Brand ER - woonhuizen BALOISE INSURANCE;johan.vanderauwera@qollabi.com;BALOISE INSURANCE;Natuurlijk persoon
389/00;Vander Auwera;Johan;13/05/1973;;7I59412;BA particulieren;BA Privéleven;BA particulieren BA Privéleven BALOISE INSURANCE;BA particulieren BA Privéleven BALOISE INSURANCE;johan.vanderauwera@qollabi.com;BALOISE INSURANCE;Natuurlijk persoon
389/00;Vander Auwera;Johan;13/05/1973;;NCN101109291;Auto;Toerisme en Zaken, gemengd gebruik;Auto Toerisme en Zaken, gemengd gebruik ALLIANZ;Auto Toerisme en Zaken, gemengd gebruik ALLIANZ;johan.vanderauwera@qollabi.com;ALLIANZ;Natuurlijk persoon
389/00;Vander Auwera;Johan;13/05/1973;;NCN101118305;Auto;Toerisme en Zaken, gemengd gebruik;Auto Toerisme en Zaken, gemengd gebruik ALLIANZ;Auto Toerisme en Zaken, gemengd gebruik ALLIANZ;johan.vanderauwera@qollabi.com;ALLIANZ;Natuurlijk persoon
391/00;Van Hees;Paul;25/04/1953;;2260627;Brand eenvoudige risico's;Brand ER - woonhuizen;Brand eenvoudige risico's Brand ER - woonhuizen BALOISE INSURANCE;Brand eenvoudige risico's Brand ER - woonhuizen BALOISE INSURANCE;paul.vanhees@qollabi.com;BALOISE INSURANCE;Natuurlijk persoon
391/00;Van Hees;Paul;25/04/1953;;3926723;Brand eenvoudige risico's;Brand ER - woonhuizen;Brand eenvoudige risico's Brand ER - woonhuizen BALOISE INSURANCE;Brand eenvoudige risico's Brand ER - woonhuizen BALOISE INSURANCE;paul.vanhees@qollabi.com;BALOISE INSURANCE;Natuurlijk persoon
391/00;Van Hees;Paul;25/04/1953;;3D82907;Brand eenvoudige risico's;Brand ER - woonhuizen;Brand eenvoudige risico's Brand ER - woonhuizen BALOISE INSURANCE;Brand eenvoudige risico's Brand ER - woonhuizen BALOISE INSURANCE;paul.vanhees@qollabi.com;BALOISE INSURANCE;Natuurlijk persoon
391/00;Van Hees;Paul;25/04/1953;;5T90247;Auto;Toerisme en Zaken, gemengd gebruik;Auto Toerisme en Zaken, gemengd gebruik BALOISE INSURANCE;Auto Toerisme en Zaken, gemengd gebruik BALOISE INSURANCE;paul.vanhees@qollabi.com;BALOISE INSURANCE;Natuurlijk persoon
391/00;Van Hees;Paul;25/04/1953;;7220614;Individueel;Verkeer & Inzittenden;Individueel Verkeer & Inzittenden BALOISE INSURANCE;Individueel Verkeer & Inzittenden BALOISE INSURANCE;paul.vanhees@qollabi.com;BALOISE INSURANCE;Natuurlijk persoon
391/00;Van Hees;Paul;25/04/1953;;7L11778;BA particulieren;BA Privéleven;BA particulieren BA Privéleven BALOISE INSURANCE;BA particulieren BA Privéleven BALOISE INSURANCE;paul.vanhees@qollabi.com;BALOISE INSURANCE;Natuurlijk persoon
391/01;Van Dyck;Denise;27/09/1953;;814673;Rechtsbijstand;Algemene rechtsbijstand (multi objecttype);Rechtsbijstand Algemene rechtsbijstand (multi objecttype) DAS;Rechtsbijstand Algemene rechtsbijstand (multi objecttype) DAS;paul.vanhees@qollabi.com;DAS;Natuurlijk persoon
391/01;Van Dyck;Denise;27/09/1953;;299625451;Individueel;Hospitalisatie;Individueel Hospitalisatie DKV Belgium;Individueel Hospitalisatie DKV Belgium;paul.vanhees@qollabi.com;DKV Belgium;Natuurlijk persoon
391/01;Van Dyck;Denise;27/09/1953;;5T96285;Auto;Toerisme en Zaken, gemengd gebruik;Auto Toerisme en Zaken, gemengd gebruik BALOISE INSURANCE;Auto Toerisme en Zaken, gemengd gebruik BALOISE INSURANCE;paul.vanhees@qollabi.com;BALOISE INSURANCE;Natuurlijk persoon
392/02;Flux Tech;;;;1627739;Rechtsbijstand;Algemene rechtsbijstand (multi objecttype);Rechtsbijstand Algemene rechtsbijstand (multi objecttype) DAS;Rechtsbijstand Algemene rechtsbijstand (multi objecttype) DAS;fluxtech@qollabi.com;DAS;Rechtspersoon
392/02;Flux Tech;;;;8395482;Auto;Toerisme en Zaken, gemengd gebruik;Auto Toerisme en Zaken, gemengd gebruik BALOISE INSURANCE;Auto Toerisme en Zaken, gemengd gebruik BALOISE INSURANCE;fluxtech@qollabi.com;BALOISE INSURANCE;Rechtspersoon
399/00;Baert;Ivo;07/08/1970;;811834440;Brand eenvoudige risico's;Brand ER - woonhuizen;Brand eenvoudige risico's Brand ER - woonhuizen AXA;Brand eenvoudige risico's Brand ER - woonhuizen AXA;ivo.baert@qollabi.com;AXA;Natuurlijk persoon
399/00;Baert;Ivo;07/08/1970;;A303665;Leven en belegging;Individueel Leven Klassiek (Tak 21);Leven en belegging Individueel Leven Klassiek (Tak 21) BALOISE(ex-Fidea);Leven en belegging Individueel Leven Klassiek (Tak 21) BALOISE(ex-Fidea);ivo.baert@qollabi.com;BALOISE(ex-Fidea);Natuurlijk persoon
399/01;Janssen;Ilse;19/08/1974;;64116697;BA particulieren;BA Privéleven;BA particulieren BA Privéleven AG INSURANCE;BA particulieren BA Privéleven AG INSURANCE;ivo.baert@qollabi.com;AG INSURANCE;Natuurlijk persoon
403/00;Vermeersch;Patrick;13/09/1964;;2201115;Rechtsbijstand;Algemene rechtsbijstand (multi objecttype);Rechtsbijstand Algemene rechtsbijstand (multi objecttype) DAS;Rechtsbijstand Algemene rechtsbijstand (multi objecttype) DAS;patrick.vermeersch@qollabi.com;DAS;Natuurlijk persoon
403/00;Vermeersch;Patrick;13/09/1964;;3A00932;Brand eenvoudige risico's;Brand ER - woonhuizen;Brand eenvoudige risico's Brand ER - woonhuizen BALOISE INSURANCE;Brand eenvoudige risico's Brand ER - woonhuizen BALOISE INSURANCE;patrick.vermeersch@qollabi.com;BALOISE INSURANCE;Natuurlijk persoon
403/00;Vermeersch;Patrick;13/09/1964;;5I16275;Auto;Toerisme en Zaken, gemengd gebruik;Auto Toerisme en Zaken, gemengd gebruik BALOISE INSURANCE;Auto Toerisme en Zaken, gemengd gebruik BALOISE INSURANCE;patrick.vermeersch@qollabi.com;BALOISE INSURANCE;Natuurlijk persoon
403/00;Vermeersch;Patrick;13/09/1964;;5V29539;Auto;Toerisme en Zaken, gemengd gebruik;Auto Toerisme en Zaken, gemengd gebruik BALOISE INSURANCE;Auto Toerisme en Zaken, gemengd gebruik BALOISE INSURANCE;patrick.vermeersch@qollabi.com;BALOISE INSURANCE;Natuurlijk persoon
403/00;Vermeersch;Patrick;13/09/1964;;7L54046;BA particulieren;BA Privéleven;BA particulieren BA Privéleven BALOISE INSURANCE;BA particulieren BA Privéleven BALOISE INSURANCE;patrick.vermeersch@qollabi.com;BALOISE INSURANCE;Natuurlijk persoon
403/00;Vermeersch;Patrick;13/09/1964;;7L54048;Individueel;Verkeer & Inzittenden;Individueel Verkeer & Inzittenden BALOISE INSURANCE;Individueel Verkeer & Inzittenden BALOISE INSURANCE;patrick.vermeersch@qollabi.com;BALOISE INSURANCE;Natuurlijk persoon
403/01;Verhoeven;Constance;06/01/1961;;1296594;Rechtsbijstand;Algemene rechtsbijstand (multi objecttype);Rechtsbijstand Algemene rechtsbijstand (multi objecttype) DAS;Rechtsbijstand Algemene rechtsbijstand (multi objecttype) DAS;constance.verhoeven@qollabi.com;DAS;Natuurlijk persoon
403/01;Verhoeven;Constance;06/01/1961;;3A91127;Brand eenvoudige risico's;Brand ER - woonhuizen;Brand eenvoudige risico's Brand ER - woonhuizen BALOISE INSURANCE;Brand eenvoudige risico's Brand ER - woonhuizen BALOISE INSURANCE;constance.verhoeven@qollabi.com;BALOISE INSURANCE;Natuurlijk persoon
403/01;Verhoeven;Constance;06/01/1961;;7G96087;BA particulieren;BA Privéleven;BA particulieren BA Privéleven BALOISE INSURANCE;BA particulieren BA Privéleven BALOISE INSURANCE;constance.verhoeven@qollabi.com;BALOISE INSURANCE;Natuurlijk persoon
405/01;Lambert;Sigrid;28/03/1942;;1030144;Rechtsbijstand;Algemene rechtsbijstand (multi objecttype);Rechtsbijstand Algemene rechtsbijstand (multi objecttype) DAS;Rechtsbijstand Algemene rechtsbijstand (multi objecttype) DAS;sigrid.lambert@qollabi.com;DAS;Natuurlijk persoon
405/01;Lambert;Sigrid;28/03/1942;;SCA007368432;Auto;Toerisme en Zaken, gemengd gebruik;Auto Toerisme en Zaken, gemengd gebruik ALLIANZ;Auto Toerisme en Zaken, gemengd gebruik ALLIANZ;sigrid.lambert@qollabi.com;ALLIANZ;Natuurlijk persoon
406/00;Van den Berg;Anny;18/05/1946;;802158810;Brand eenvoudige risico's;Brand ER - woonhuizen;Brand eenvoudige risico's Brand ER - woonhuizen AXA;Brand eenvoudige risico's Brand ER - woonhuizen AXA;;AXA;Natuurlijk persoon
408/00;Willems;José;15/10/1946;;168001;Rechtsbijstand;Rechtsbijstand Privéleven (eventueel met Auto);Rechtsbijstand Rechtsbijstand Privéleven (eventueel met Auto) ARAG;Rechtsbijstand Rechtsbijstand Privéleven (eventueel met Auto) ARAG;jos.willems@qollabi.com;ARAG;Natuurlijk persoon
408/00;Willems;José;15/10/1946;;602496529;Auto;Toerisme en Zaken, gemengd gebruik;Auto Toerisme en Zaken, gemengd gebruik AXA;Auto Toerisme en Zaken, gemengd gebruik AXA;jos.willems@qollabi.com;AXA;Natuurlijk persoon
408/01;De Cock;José;21/09/1950;;3998934;Brand eenvoudige risico's;Brand ER - woonhuizen;Brand eenvoudige risico's Brand ER - woonhuizen BALOISE INSURANCE;Brand eenvoudige risico's Brand ER - woonhuizen BALOISE INSURANCE;;BALOISE INSURANCE;Natuurlijk persoon
409/00;Leclercq;Johnny;07/06/1957;;1050576;Rechtsbijstand;Algemene rechtsbijstand (multi objecttype);Rechtsbijstand Algemene rechtsbijstand (multi objecttype) DAS;Rechtsbijstand Algemene rechtsbijstand (multi objecttype) DAS;johnny.leclercq@qollabi.com;DAS;Natuurlijk persoon
409/00;Leclercq;Johnny;07/06/1957;;5A86769;Auto;Motorfietsen;Auto Motorfietsen BALOISE INSURANCE;Auto Motorfietsen BALOISE INSURANCE;johnny.leclercq@qollabi.com;BALOISE INSURANCE;Natuurlijk persoon
409/00;Leclercq;Johnny;07/06/1957;;5T48015;Auto;Toerisme en Zaken, gemengd gebruik;Auto Toerisme en Zaken, gemengd gebruik BALOISE INSURANCE;Auto Toerisme en Zaken, gemengd gebruik BALOISE INSURANCE;johnny.leclercq@qollabi.com;BALOISE INSURANCE;Natuurlijk persoon
409/02;De Ridder;;;;3505309;Brand eenvoudige risico's;Brand ER - woonhuizen;Brand eenvoudige risico's Brand ER - woonhuizen BALOISE INSURANCE;Brand eenvoudige risico's Brand ER - woonhuizen BALOISE INSURANCE;johnny.leclercq@qollabi.com;BALOISE INSURANCE;Groepering van natuurlijke en/of rechtspersonen
409/02;De Ridder;;;;7M05589;BA particulieren;BA Privéleven;BA particulieren BA Privéleven BALOISE INSURANCE;BA particulieren BA Privéleven BALOISE INSURANCE;johnny.leclercq@qollabi.com;BALOISE INSURANCE;Groepering van natuurlijke en/of rechtspersonen
410/01;Vander Auwera;Suzanne;16/11/1943;;2023945;Rechtsbijstand;Algemene rechtsbijstand (multi objecttype);Rechtsbijstand Algemene rechtsbijstand (multi objecttype) DAS;Rechtsbijstand Algemene rechtsbijstand (multi objecttype) DAS;;DAS;Natuurlijk persoon
410/01;Vander Auwera;Suzanne;16/11/1943;;3A12400;Brand eenvoudige risico's;Brand ER - woonhuizen;Brand eenvoudige risico's Brand ER - woonhuizen BALOISE INSURANCE;Brand eenvoudige risico's Brand ER - woonhuizen BALOISE INSURANCE;;BALOISE INSURANCE;Natuurlijk persoon
410/01;Vander Auwera;Suzanne;16/11/1943;;7H90443;BA particulieren;BA Privéleven;BA particulieren BA Privéleven BALOISE INSURANCE;BA particulieren BA Privéleven BALOISE INSURANCE;;BALOISE INSURANCE;Natuurlijk persoon
413/00;De Wolf;Leonardus;07/09/1962;;3A38516;Brand eenvoudige risico's;Brand ER - woonhuizen;Brand eenvoudige risico's Brand ER - woonhuizen BALOISE INSURANCE;Brand eenvoudige risico's Brand ER - woonhuizen BALOISE INSURANCE;leonardus.dewolf@qollabi.com;BALOISE INSURANCE;Natuurlijk persoon
413/00;De Wolf;Leonardus;07/09/1962;;65873696;Arbeidsongevallen en collectieve verzekeringen;AO huispersoneel;Arbeidsongevallen en collectieve verzekeringen AO huispersoneel AG INSURANCE;Arbeidsongevallen en collectieve verzekeringen AO huispersoneel AG INSURANCE;leonardus.dewolf@qollabi.com;AG INSURANCE;Natuurlijk persoon
413/00;De Wolf;Leonardus;07/09/1962;;7F10096;BA particulieren;BA Privéleven;BA particulieren BA Privéleven BALOISE INSURANCE;BA particulieren BA Privéleven BALOISE INSURANCE;leonardus.dewolf@qollabi.com;BALOISE INSURANCE;Natuurlijk persoon
413/01;Thijs;Hilde;15/07/1966;;1556281;Rechtsbijstand;Algemene rechtsbijstand (multi objecttype);Rechtsbijstand Algemene rechtsbijstand (multi objecttype) DAS;Rechtsbijstand Algemene rechtsbijstand (multi objecttype) DAS;hilde.thijs@qollabi.com;DAS;Natuurlijk persoon
413/01;Thijs;Hilde;15/07/1966;;5T96914;Auto;Toerisme en Zaken, gemengd gebruik;Auto Toerisme en Zaken, gemengd gebruik BALOISE INSURANCE;Auto Toerisme en Zaken, gemengd gebruik BALOISE INSURANCE;hilde.thijs@qollabi.com;BALOISE INSURANCE;Natuurlijk persoon
413/01;Thijs;Hilde;15/07/1966;;622830887;Auto;Toerisme en Zaken, gemengd gebruik;Auto Toerisme en Zaken, gemengd gebruik AXA;Auto Toerisme en Zaken, gemengd gebruik AXA;hilde.thijs@qollabi.com;AXA;Natuurlijk persoon
420/00;De Backer;Peter;16/04/1964;;118419001;Leven en belegging;Individueel Leven i.v.m. Beleggingsfondsen (Tak 23);Leven en belegging Individueel Leven i.v.m. Beleggingsfondsen (Tak 23) NN INSURANCE BELGIUM;Leven en belegging Individueel Leven i.v.m. Beleggingsfondsen (Tak 23) NN INSURANCE BELGIUM;peter.debacker@qollabi.com;NN INSURANCE BELGIUM;Natuurlijk persoon
420/00;De Backer;Peter;16/04/1964;;1337246;Rechtsbijstand;Algemene rechtsbijstand (multi objecttype);Rechtsbijstand Algemene rechtsbijstand (multi objecttype) DAS;Rechtsbijstand Algemene rechtsbijstand (multi objecttype) DAS;peter.debacker@qollabi.com;DAS;Natuurlijk persoon
420/00;De Backer;Peter;16/04/1964;;1570076;Leven en belegging;Individueel Leven Klassiek (Tak 21);Leven en belegging Individueel Leven Klassiek (Tak 21) BALOISE INSURANCE;Leven en belegging Individueel Leven Klassiek (Tak 21) BALOISE INSURANCE;peter.debacker@qollabi.com;BALOISE INSURANCE;Natuurlijk persoon
420/00;De Backer;Peter;16/04/1964;;298075;Leven en belegging;Individueel Leven Klassiek (Tak 21);Leven en belegging Individueel Leven Klassiek (Tak 21) NN INSURANCE BELGIUM;Leven en belegging Individueel Leven Klassiek (Tak 21) NN INSURANCE BELGIUM;peter.debacker@qollabi.com;NN INSURANCE BELGIUM;Natuurlijk persoon
420/00;De Backer;Peter;16/04/1964;;46792149;Brand eenvoudige risico's;Brand ER - woonhuizen;Brand eenvoudige risico's Brand ER - woonhuizen AG INSURANCE;Brand eenvoudige risico's Brand ER - woonhuizen AG INSURANCE;peter.debacker@qollabi.com;AG INSURANCE;Natuurlijk persoon
420/00;De Backer;Peter;16/04/1964;;621280424;Auto;Toerisme en Zaken, gemengd gebruik;Auto Toerisme en Zaken, gemengd gebruik AXA;Auto Toerisme en Zaken, gemengd gebruik AXA;peter.debacker@qollabi.com;AXA;Natuurlijk persoon
420/00;De Backer;Peter;16/04/1964;;7092474;Individueel;Verkeer & Inzittenden;Individueel Verkeer & Inzittenden BALOISE INSURANCE;Individueel Verkeer & Inzittenden BALOISE INSURANCE;peter.debacker@qollabi.com;BALOISE INSURANCE;Natuurlijk persoon
420/00;De Backer;Peter;16/04/1964;;7L11779;BA particulieren;BA Privéleven;BA particulieren BA Privéleven BALOISE INSURANCE;BA particulieren BA Privéleven BALOISE INSURANCE;peter.debacker@qollabi.com;BALOISE INSURANCE;Natuurlijk persoon
420/00;De Backer;Peter;16/04/1964;;I190000783;Leven en belegging;Individueel Leven Klassiek (Tak 21);Leven en belegging Individueel Leven Klassiek (Tak 21) AFER EUROPE;Leven en belegging Individueel Leven Klassiek (Tak 21) AFER EUROPE;peter.debacker@qollabi.com;AFER EUROPE;Natuurlijk persoon
420/01;Geerts;Isabelle;20/09/1969;;1570077;Leven en belegging;Individueel Leven Klassiek (Tak 21);Leven en belegging Individueel Leven Klassiek (Tak 21) BALOISE INSURANCE;Leven en belegging Individueel Leven Klassiek (Tak 21) BALOISE INSURANCE;isabelle.geerts@qollabi.com;BALOISE INSURANCE;Natuurlijk persoon
420/01;Geerts;Isabelle;20/09/1969;;621268851;Auto;Toerisme en Zaken, gemengd gebruik;Auto Toerisme en Zaken, gemengd gebruik AXA;Auto Toerisme en Zaken, gemengd gebruik AXA;isabelle.geerts@qollabi.com;AXA;Natuurlijk persoon
423/00;Nijs;Remi;16/09/1954;;2135606;Rechtsbijstand;Algemene rechtsbijstand (multi objecttype);Rechtsbijstand Algemene rechtsbijstand (multi objecttype) DAS;Rechtsbijstand Algemene rechtsbijstand (multi objecttype) DAS;remi.nijs@qollabi.com;DAS;Natuurlijk persoon
423/00;Nijs;Remi;16/09/1954;;3896742;Brand eenvoudige risico's;Brand ER - woonhuizen;Brand eenvoudige risico's Brand ER - woonhuizen BALOISE INSURANCE;Brand eenvoudige risico's Brand ER - woonhuizen BALOISE INSURANCE;remi.nijs@qollabi.com;BALOISE INSURANCE;Natuurlijk persoon
423/00;Nijs;Remi;16/09/1954;;502087762;BA particulieren;BA Privéleven;BA particulieren BA Privéleven AXA;BA particulieren BA Privéleven AXA;remi.nijs@qollabi.com;AXA;Natuurlijk persoon
423/00;Nijs;Remi;16/09/1954;;5Q86759;Auto;Toerisme en Zaken, gemengd gebruik;Auto Toerisme en Zaken, gemengd gebruik BALOISE INSURANCE;Auto Toerisme en Zaken, gemengd gebruik BALOISE INSURANCE;remi.nijs@qollabi.com;BALOISE INSURANCE;Natuurlijk persoon
423/00;Nijs;Remi;16/09/1954;;AE07116874;Leven en belegging;Individueel Leven Klassiek (Tak 21);Leven en belegging Individueel Leven Klassiek (Tak 21) AFER EUROPE;Leven en belegging Individueel Leven Klassiek (Tak 21) AFER EUROPE;remi.nijs@qollabi.com;AFER EUROPE;Natuurlijk persoon
424/00;Segers;Myriam;05/06/1963;;354062041;Individueel;Hospitalisatie;Individueel Hospitalisatie DKV Belgium;Individueel Hospitalisatie DKV Belgium;myriam.segers@qollabi.com;DKV Belgium;Natuurlijk persoon
424/00;Segers;Myriam;05/06/1963;;ACA001596168;BA particulieren;BA Privéleven;BA particulieren BA Privéleven ALLIANZ;BA particulieren BA Privéleven ALLIANZ;myriam.segers@qollabi.com;ALLIANZ;Natuurlijk persoon
424/00;Segers;Myriam;05/06/1963;;SCA009044560;Brand eenvoudige risico's;Brand ER - woonhuizen;Brand eenvoudige risico's Brand ER - woonhuizen ALLIANZ;Brand eenvoudige risico's Brand ER - woonhuizen ALLIANZ;myriam.segers@qollabi.com;ALLIANZ;Natuurlijk persoon
427/00;Core Tech;;;;HP-9101370;Leven en belegging;Individueel Leven Klassiek (Tak 21);Leven en belegging Individueel Leven Klassiek (Tak 21) BALOISE(ex-Fidea);Leven en belegging Individueel Leven Klassiek (Tak 21) BALOISE(ex-Fidea);;BALOISE(ex-Fidea);Rechtspersoon
429/00;Lambert;Marc;17/11/1970;;182207084954;Leven en belegging;Individueel Leven met vrije stortingen (Tak21-Universal Life;Leven en belegging Individueel Leven met vrije stortingen (Tak21-Universal Life AG INSURANCE;Leven en belegging Individueel Leven met vrije stortingen (Tak21-Universal Life AG INSURANCE;marc.lambert@qollabi.com;AG INSURANCE;Natuurlijk persoon
429/02;Beta Solutions;;;;3100002032;Leven en belegging;Individueel Leven met vrije stortingen (Tak21-Universal Life;Leven en belegging Individueel Leven met vrije stortingen (Tak21-Universal Life NN INSURANCE BELGIUM;Leven en belegging Individueel Leven met vrije stortingen (Tak21-Universal Life NN INSURANCE BELGIUM;marc.lambert@qollabi.com;NN INSURANCE BELGIUM;Rechtspersoon
429/02;Beta Solutions;;;;9040794/01;Leven en belegging;Leven Collectief (Tak 21);Leven en belegging Leven Collectief (Tak 21) April Belgium;Leven en belegging Leven Collectief (Tak 21) April Belgium;marc.lambert@qollabi.com;April Belgium;Rechtspersoon
429/02;Beta Solutions;;;;9995534;Arbeidsongevallen en collectieve verzekeringen;Arbeidsongevallen (Wet);Arbeidsongevallen en collectieve verzekeringen Arbeidsongevallen (Wet) BALOISE INSURANCE;Arbeidsongevallen en collectieve verzekeringen Arbeidsongevallen (Wet) BALOISE INSURANCE;marc.lambert@qollabi.com;BALOISE INSURANCE;Rechtspersoon
435/00;Van den Berg;Neville;23/03/1972;;1984693;Rechtsbijstand;Algemene rechtsbijstand (multi objecttype);Rechtsbijstand Algemene rechtsbijstand (multi objecttype) DAS;Rechtsbijstand Algemene rechtsbijstand (multi objecttype) DAS;neville.vandenberg@qollabi.com;DAS;Natuurlijk persoon
435/00;Van den Berg;Neville;23/03/1972;;32166900;Auto;Toerisme en Zaken, gemengd gebruik;Auto Toerisme en Zaken, gemengd gebruik AG INSURANCE;Auto Toerisme en Zaken, gemengd gebruik AG INSURANCE;neville.vandenberg@qollabi.com;AG INSURANCE;Natuurlijk persoon
435/00;Van den Berg;Neville;23/03/1972;;354912321;Individueel;Hospitalisatie;Individueel Hospitalisatie DKV Belgium;Individueel Hospitalisatie DKV Belgium;neville.vandenberg@qollabi.com;DKV Belgium;Natuurlijk persoon
435/00;Van den Berg;Neville;23/03/1972;;7243520801;Bijstand;Bijstand (CBFA 18);Bijstand Bijstand (CBFA 18) EUROP ASSISTANCE BELGIUM;Bijstand Bijstand (CBFA 18) EUROP ASSISTANCE BELGIUM;neville.vandenberg@qollabi.com;EUROP ASSISTANCE BELGIUM;Natuurlijk persoon
435/00;Van den Berg;Neville;23/03/1972;;7H57608;BA particulieren;BA Privéleven;BA particulieren BA Privéleven BALOISE INSURANCE;BA particulieren BA Privéleven BALOISE INSURANCE;neville.vandenberg@qollabi.com;BALOISE INSURANCE;Natuurlijk persoon
435/01;De Clercq;Cordula;04/03/1971;;10365794;Leven en belegging;Individueel Leven met vrije stortingen (Tak21-Universal Life;Leven en belegging Individueel Leven met vrije stortingen (Tak21-Universal Life AG INSURANCE;Leven en belegging Individueel Leven met vrije stortingen (Tak21-Universal Life AG INSURANCE;cordula.declercq@qollabi.com;AG INSURANCE;Natuurlijk persoon
435/01;De Clercq;Cordula;04/03/1971;;1305858;Rechtsbijstand;Algemene rechtsbijstand (multi objecttype);Rechtsbijstand Algemene rechtsbijstand (multi objecttype) DAS;Rechtsbijstand Algemene rechtsbijstand (multi objecttype) DAS;cordula.declercq@qollabi.com;DAS;Natuurlijk persoon
435/01;De Clercq;Cordula;04/03/1971;;307766741;Individueel;Hospitalisatie;Individueel Hospitalisatie DKV Belgium;Individueel Hospitalisatie DKV Belgium;cordula.declercq@qollabi.com;DKV Belgium;Natuurlijk persoon
435/01;De Clercq;Cordula;04/03/1971;;38000068546;Bijstand;Bijstand (CBFA 18);Bijstand Bijstand (CBFA 18) ALLIANZ  PARTNERS;Bijstand Bijstand (CBFA 18) ALLIANZ  PARTNERS;cordula.declercq@qollabi.com;ALLIANZ  PARTNERS;Natuurlijk persoon
435/01;De Clercq;Cordula;04/03/1971;;621418610;Auto;Toerisme en Zaken, gemengd gebruik;Auto Toerisme en Zaken, gemengd gebruik AXA;Auto Toerisme en Zaken, gemengd gebruik AXA;cordula.declercq@qollabi.com;AXA;Natuurlijk persoon
435/01;De Clercq;Cordula;04/03/1971;;624323751;Auto;Toerisme en Zaken, gemengd gebruik;Auto Toerisme en Zaken, gemengd gebruik AXA;Auto Toerisme en Zaken, gemengd gebruik AXA;cordula.declercq@qollabi.com;AXA;Natuurlijk persoon
435/01;De Clercq;Cordula;04/03/1971;;64522646;Arbeidsongevallen en collectieve verzekeringen;AO huispersoneel;Arbeidsongevallen en collectieve verzekeringen AO huispersoneel AG INSURANCE;Arbeidsongevallen en collectieve verzekeringen AO huispersoneel AG INSURANCE;cordula.declercq@qollabi.com;AG INSURANCE;Natuurlijk persoon
435/01;De Clercq;Cordula;04/03/1971;;7058442;BA andere dan particulieren;BA Beroep (Intellectuele, Vrije, Commerciële);BA andere dan particulieren BA Beroep (Intellectuele, Vrije, Commerciële) BALOISE INSURANCE;BA andere dan particulieren BA Beroep (Intellectuele, Vrije, Commerciële) BALOISE INSURANCE;cordula.declercq@qollabi.com;BALOISE INSURANCE;Natuurlijk persoon
436/00;Willems;Guido;23/03/1959;;253767;Leven en belegging;Individueel Leven Klassiek (Tak 21);Leven en belegging Individueel Leven Klassiek (Tak 21) NN INSURANCE BELGIUM;Leven en belegging Individueel Leven Klassiek (Tak 21) NN INSURANCE BELGIUM;guido.willems@qollabi.com;NN INSURANCE BELGIUM;Natuurlijk persoon
436/00;Willems;Guido;23/03/1959;;60443363;BA particulieren;BA Privéleven;BA particulieren BA Privéleven AG INSURANCE;BA particulieren BA Privéleven AG INSURANCE;guido.willems@qollabi.com;AG INSURANCE;Natuurlijk persoon
436/00;Willems;Guido;23/03/1959;;816779153;Brand eenvoudige risico's;Brand ER - woonhuizen;Brand eenvoudige risico's Brand ER - woonhuizen AXA;Brand eenvoudige risico's Brand ER - woonhuizen AXA;guido.willems@qollabi.com;AXA;Natuurlijk persoon
436/01;Geerts;Veerle;05/06/1963;;2215776;Rechtsbijstand;Algemene rechtsbijstand (multi objecttype);Rechtsbijstand Algemene rechtsbijstand (multi objecttype) DAS;Rechtsbijstand Algemene rechtsbijstand (multi objecttype) DAS;veerle.geerts@qollabi.com;DAS;Natuurlijk persoon
436/01;Geerts;Veerle;05/06/1963;;5U94902;Auto;Toerisme en Zaken, gemengd gebruik;Auto Toerisme en Zaken, gemengd gebruik BALOISE INSURANCE;Auto Toerisme en Zaken, gemengd gebruik BALOISE INSURANCE;veerle.geerts@qollabi.com;BALOISE INSURANCE;Natuurlijk persoon
436/03;Core Consulting;;;;1055895;Rechtsbijstand;Algemene rechtsbijstand (multi objecttype);Rechtsbijstand Algemene rechtsbijstand (multi objecttype) DAS;Rechtsbijstand Algemene rechtsbijstand (multi objecttype) DAS;guido.willems@qollabi.com;DAS;Rechtspersoon
436/03;Core Consulting;;;;182245659632;Leven en belegging;Individueel Leven i.v.m. Beleggingsfondsen (Tak 23);Leven en belegging Individueel Leven i.v.m. Beleggingsfondsen (Tak 23) AG INSURANCE;Leven en belegging Individueel Leven i.v.m. Beleggingsfondsen (Tak 23) AG INSURANCE;guido.willems@qollabi.com;AG INSURANCE;Rechtspersoon
436/03;Core Consulting;;;;2233103;Brand eenvoudige risico's;Brand ER - woonhuizen;Brand eenvoudige risico's Brand ER - woonhuizen BALOISE INSURANCE;Brand eenvoudige risico's Brand ER - woonhuizen BALOISE INSURANCE;guido.willems@qollabi.com;BALOISE INSURANCE;Rechtspersoon
436/03;Core Consulting;;;;622757306;Auto;Lichte Vrachtwagens;Auto Lichte Vrachtwagens AXA;Auto Lichte Vrachtwagens AXA;guido.willems@qollabi.com;AXA;Rechtspersoon
436/04;Quantum Services;;;;160000015008;Auto;Toerisme en Zaken, gemengd gebruik;Auto Toerisme en Zaken, gemengd gebruik VIVIUM;Auto Toerisme en Zaken, gemengd gebruik VIVIUM;guido.willems@qollabi.com;VIVIUM;Rechtspersoon
436/04;Quantum Services;;;;2125331;Rechtsbijstand;Algemene rechtsbijstand (multi objecttype);Rechtsbijstand Algemene rechtsbijstand (multi objecttype) DAS;Rechtsbijstand Algemene rechtsbijstand (multi objecttype) DAS;guido.willems@qollabi.com;DAS;Rechtspersoon
436/04;Quantum Services;;;;3D89141;Brand eenvoudige risico's;Brand ER - woonhuizen;Brand eenvoudige risico's Brand ER - woonhuizen BALOISE INSURANCE;Brand eenvoudige risico's Brand ER - woonhuizen BALOISE INSURANCE;guido.willems@qollabi.com;BALOISE INSURANCE;Rechtspersoon
438/02;Verhoeven;Luc;23/10/1961;;92404964;Leven en belegging;Leven Collectief (Tak 21);Leven en belegging Leven Collectief (Tak 21) AG INSURANCE;Leven en belegging Leven Collectief (Tak 21) AG INSURANCE;luc.verhoeven2@qollabi.com;AG INSURANCE;Natuurlijk persoon
439/00;De Vos;Jean Paul;09/08/1953;;1112955;Rechtsbijstand;Algemene rechtsbijstand (multi objecttype);Rechtsbijstand Algemene rechtsbijstand (multi objecttype) DAS;Rechtsbijstand Algemene rechtsbijstand (multi objecttype) DAS;jeanpaul.devos@qollabi.com;DAS;Natuurlijk persoon
439/00;De Vos;Jean Paul;09/08/1953;;209117861;Individueel;Hospitalisatie;Individueel Hospitalisatie DKV Belgium;Individueel Hospitalisatie DKV Belgium;jeanpaul.devos@qollabi.com;DKV Belgium;Natuurlijk persoon
439/00;De Vos;Jean Paul;09/08/1953;;502078947;BA particulieren;BA Privéleven;BA particulieren BA Privéleven AXA;BA particulieren BA Privéleven AXA;jeanpaul.devos@qollabi.com;AXA;Natuurlijk persoon
439/00;De Vos;Jean Paul;09/08/1953;;5I03958;Auto;Toerisme en Zaken, gemengd gebruik;Auto Toerisme en Zaken, gemengd gebruik BALOISE INSURANCE;Auto Toerisme en Zaken, gemengd gebruik BALOISE INSURANCE;jeanpaul.devos@qollabi.com;BALOISE INSURANCE;Natuurlijk persoon
439/00;De Vos;Jean Paul;09/08/1953;;802138834;Brand eenvoudige risico's;Brand ER - woonhuizen;Brand eenvoudige risico's Brand ER - woonhuizen AXA;Brand eenvoudige risico's Brand ER - woonhuizen AXA;jeanpaul.devos@qollabi.com;AXA;Natuurlijk persoon
439/01;Maes;Vera;11/12/1952;;5H67715;Auto;Toerisme en Zaken, gemengd gebruik;Auto Toerisme en Zaken, gemengd gebruik BALOISE INSURANCE;Auto Toerisme en Zaken, gemengd gebruik BALOISE INSURANCE;jeanpaul.devos@qollabi.com;BALOISE INSURANCE;Natuurlijk persoon
440/01;Leclercq;Marina;11/01/1952;;1085405;Rechtsbijstand;Algemene rechtsbijstand (multi objecttype);Rechtsbijstand Algemene rechtsbijstand (multi objecttype) DAS;Rechtsbijstand Algemene rechtsbijstand (multi objecttype) DAS;marina.leclercq@qollabi.com;DAS;Natuurlijk persoon
440/01;Leclercq;Marina;11/01/1952;;3319495;Brand eenvoudige risico's;Brand ER - woonhuizen;Brand eenvoudige risico's Brand ER - woonhuizen BALOISE INSURANCE;Brand eenvoudige risico's Brand ER - woonhuizen BALOISE INSURANCE;marina.leclercq@qollabi.com;BALOISE INSURANCE;Natuurlijk persoon
440/01;Leclercq;Marina;11/01/1952;;502087578;BA particulieren;BA Privéleven;BA particulieren BA Privéleven AXA;BA particulieren BA Privéleven AXA;marina.leclercq@qollabi.com;AXA;Natuurlijk persoon
440/01;Leclercq;Marina;11/01/1952;;602430770;Auto;Toerisme en Zaken, gemengd gebruik;Auto Toerisme en Zaken, gemengd gebruik AXA;Auto Toerisme en Zaken, gemengd gebruik AXA;marina.leclercq@qollabi.com;AXA;Natuurlijk persoon
440/01;Leclercq;Marina;11/01/1952;;622728415;Auto;Toerisme en Zaken, gemengd gebruik;Auto Toerisme en Zaken, gemengd gebruik AXA;Auto Toerisme en Zaken, gemengd gebruik AXA;marina.leclercq@qollabi.com;AXA;Natuurlijk persoon
440/01;Leclercq;Marina;11/01/1952;;622889907;Auto;Motorfietsen;Auto Motorfietsen AXA;Auto Motorfietsen AXA;marina.leclercq@qollabi.com;AXA;Natuurlijk persoon
440/01;Leclercq;Marina;11/01/1952;;802188651;Brand eenvoudige risico's;Brand ER - woonhuizen;Brand eenvoudige risico's Brand ER - woonhuizen AXA;Brand eenvoudige risico's Brand ER - woonhuizen AXA;marina.leclercq@qollabi.com;AXA;Natuurlijk persoon
441/00;Van Hoeck;Anne;07/05/1951;;1489532;Rechtsbijstand;Algemene rechtsbijstand (multi objecttype);Rechtsbijstand Algemene rechtsbijstand (multi objecttype) DAS;Rechtsbijstand Algemene rechtsbijstand (multi objecttype) DAS;anne.vanhoeck@qollabi.com;DAS;Natuurlijk persoon
441/00;Van Hoeck;Anne;07/05/1951;;47050859;Brand eenvoudige risico's;Brand ER - woonhuizen;Brand eenvoudige risico's Brand ER - woonhuizen AG INSURANCE;Brand eenvoudige risico's Brand ER - woonhuizen AG INSURANCE;anne.vanhoeck@qollabi.com;AG INSURANCE;Natuurlijk persoon
441/00;Van Hoeck;Anne;07/05/1951;;602436019;Auto;Toerisme en Zaken, gemengd gebruik;Auto Toerisme en Zaken, gemengd gebruik AXA;Auto Toerisme en Zaken, gemengd gebruik AXA;anne.vanhoeck@qollabi.com;AXA;Natuurlijk persoon
441/00;Van Hoeck;Anne;07/05/1951;;602521421;Individueel;Verkeer & Inzittenden;Individueel Verkeer & Inzittenden AXA;Individueel Verkeer & Inzittenden AXA;anne.vanhoeck@qollabi.com;AXA;Natuurlijk persoon
441/00;Van Hoeck;Anne;07/05/1951;;64002227;BA particulieren;BA Privéleven;BA particulieren BA Privéleven AG INSURANCE;BA particulieren BA Privéleven AG INSURANCE;anne.vanhoeck@qollabi.com;AG INSURANCE;Natuurlijk persoon
442/00;Van Hoeck;Geert;05/08/1973;;5L09133;Auto;Lichte Vrachtwagens;Auto Lichte Vrachtwagens BALOISE INSURANCE;Auto Lichte Vrachtwagens BALOISE INSURANCE;geert.vanhoeck@qollabi.com;BALOISE INSURANCE;Natuurlijk persoon
442/00;Van Hoeck;Geert;05/08/1973;;5V45900;Auto;Toerisme en Zaken, gemengd gebruik;Auto Toerisme en Zaken, gemengd gebruik BALOISE INSURANCE;Auto Toerisme en Zaken, gemengd gebruik BALOISE INSURANCE;geert.vanhoeck@qollabi.com;BALOISE INSURANCE;Natuurlijk persoon
442/00;Van Hoeck;Geert;05/08/1973;;5V93151;Auto;Toerisme en Zaken, gemengd gebruik;Auto Toerisme en Zaken, gemengd gebruik BALOISE INSURANCE;Auto Toerisme en Zaken, gemengd gebruik BALOISE INSURANCE;geert.vanhoeck@qollabi.com;BALOISE INSURANCE;Natuurlijk persoon
442/00;Van Hoeck;Geert;05/08/1973;;5W44446;Auto;Lichte Vrachtwagens;Auto Lichte Vrachtwagens BALOISE INSURANCE;Auto Lichte Vrachtwagens BALOISE INSURANCE;geert.vanhoeck@qollabi.com;BALOISE INSURANCE;Natuurlijk persoon
442/00;Van Hoeck;Geert;05/08/1973;;64372601;BA particulieren;BA Privéleven;BA particulieren BA Privéleven AG INSURANCE;BA particulieren BA Privéleven AG INSURANCE;geert.vanhoeck@qollabi.com;AG INSURANCE;Natuurlijk persoon
442/00;Van Hoeck;Geert;05/08/1973;;8521943;Auto;Motorfietsen;Auto Motorfietsen BALOISE INSURANCE;Auto Motorfietsen BALOISE INSURANCE;geert.vanhoeck@qollabi.com;BALOISE INSURANCE;Natuurlijk persoon
442/01;De Vos;Anja;10/09/1971;;1179542;Rechtsbijstand;Algemene rechtsbijstand (multi objecttype);Rechtsbijstand Algemene rechtsbijstand (multi objecttype) DAS;Rechtsbijstand Algemene rechtsbijstand (multi objecttype) DAS;geert.vanhoeck@qollabi.com;DAS;Natuurlijk persoon
444/00;Dupont;Omer;19/06/1947;;716259;Individueel;Hospitalisatie;Individueel Hospitalisatie BALOISE INSURANCE;Individueel Hospitalisatie BALOISE INSURANCE;omer.dupont@qollabi.com;BALOISE INSURANCE;Natuurlijk persoon
444/00;Dupont;Omer;19/06/1947;;7958640;Individueel;Familiale Ongevallen;Individueel Familiale Ongevallen BALOISE INSURANCE;Individueel Familiale Ongevallen BALOISE INSURANCE;omer.dupont@qollabi.com;BALOISE INSURANCE;Natuurlijk persoon
445/00;Dupont;Denis;06/01/1950;;1049757;Rechtsbijstand;Algemene rechtsbijstand (multi objecttype);Rechtsbijstand Algemene rechtsbijstand (multi objecttype) DAS;Rechtsbijstand Algemene rechtsbijstand (multi objecttype) DAS;denis.dupont@qollabi.com;DAS;Natuurlijk persoon
445/00;Dupont;Denis;06/01/1950;;2174537;Brand eenvoudige risico's;Brand ER - woonhuizen;Brand eenvoudige risico's Brand ER - woonhuizen BALOISE INSURANCE;Brand eenvoudige risico's Brand ER - woonhuizen BALOISE INSURANCE;denis.dupont@qollabi.com;BALOISE INSURANCE;Natuurlijk persoon
445/00;Dupont;Denis;06/01/1950;;7I68078;BA particulieren;BA Privéleven;BA particulieren BA Privéleven BALOISE INSURANCE;BA particulieren BA Privéleven BALOISE INSURANCE;denis.dupont@qollabi.com;BALOISE INSURANCE;Natuurlijk persoon
445/00;Dupont;Denis;06/01/1950;;8274809;Auto;Toerisme en Zaken, gemengd gebruik;Auto Toerisme en Zaken, gemengd gebruik BALOISE INSURANCE;Auto Toerisme en Zaken, gemengd gebruik BALOISE INSURANCE;denis.dupont@qollabi.com;BALOISE INSURANCE;Natuurlijk persoon
445/00;Dupont;Denis;06/01/1950;;8976086;Auto;Lichte Vrachtwagens;Auto Lichte Vrachtwagens BALOISE INSURANCE;Auto Lichte Vrachtwagens BALOISE INSURANCE;denis.dupont@qollabi.com;BALOISE INSURANCE;Natuurlijk persoon
445/01;Vander Auwera;Simone;28/02/1955;;2526987;Brand eenvoudige risico's;Brand ER - woonhuizen;Brand eenvoudige risico's Brand ER - woonhuizen BALOISE INSURANCE;Brand eenvoudige risico's Brand ER - woonhuizen BALOISE INSURANCE;;BALOISE INSURANCE;Natuurlijk persoon
449/00;Vandenberghe;Henri;12/05/1921;27/10/2014;1928455;Brand eenvoudige risico's;Brand ER - woonhuizen;Brand eenvoudige risico's Brand ER - woonhuizen AG INSURANCE;Brand eenvoudige risico's Brand ER - woonhuizen AG INSURANCE;henri.vandenberghe@qollabi.com;AG INSURANCE;Natuurlijk persoon
451/01;Coppens;Irène;04/03/1954;;2752061;Brand eenvoudige risico's;Brand ER - woonhuizen;Brand eenvoudige risico's Brand ER - woonhuizen BALOISE INSURANCE;Brand eenvoudige risico's Brand ER - woonhuizen BALOISE INSURANCE;;BALOISE INSURANCE;Natuurlijk persoon
451/01;Coppens;Irène;04/03/1954;;7981727;BA particulieren;BA Privéleven;BA particulieren BA Privéleven BALOISE INSURANCE;BA particulieren BA Privéleven BALOISE INSURANCE;;BALOISE INSURANCE;Natuurlijk persoon
452/00;Claes;Irena;10/10/1930;20/11/2021;3938365;Brand eenvoudige risico's;Brand ER - woonhuizen;Brand eenvoudige risico's Brand ER - woonhuizen BALOISE INSURANCE;Brand eenvoudige risico's Brand ER - woonhuizen BALOISE INSURANCE;;BALOISE INSURANCE;Natuurlijk persoon
453/00;Van Damme;Anita;21/08/1957;;1055545;Rechtsbijstand;Algemene rechtsbijstand (multi objecttype);Rechtsbijstand Algemene rechtsbijstand (multi objecttype) DAS;Rechtsbijstand Algemene rechtsbijstand (multi objecttype) DAS;anita.vandamme@qollabi.com;DAS;Natuurlijk persoon
453/00;Van Damme;Anita;21/08/1957;;202375461;Individueel;Hospitalisatie;Individueel Hospitalisatie DKV Belgium;Individueel Hospitalisatie DKV Belgium;anita.vandamme@qollabi.com;DKV Belgium;Natuurlijk persoon
453/00;Van Damme;Anita;21/08/1957;;618816014;Auto;Toerisme en Zaken, gemengd gebruik;Auto Toerisme en Zaken, gemengd gebruik AXA;Auto Toerisme en Zaken, gemengd gebruik AXA;anita.vandamme@qollabi.com;AXA;Natuurlijk persoon
453/00;Van Damme;Anita;21/08/1957;;7199743;BA andere dan particulieren;BA Beroep (Intellectuele, Vrije, Commerciële);BA andere dan particulieren BA Beroep (Intellectuele, Vrije, Commerciële) BALOISE INSURANCE;BA andere dan particulieren BA Beroep (Intellectuele, Vrije, Commerciële) BALOISE INSURANCE;anita.vandamme@qollabi.com;BALOISE INSURANCE;Natuurlijk persoon
453/00;Van Damme;Anita;21/08/1957;;7855202;BA particulieren;BA Privéleven;BA particulieren BA Privéleven BALOISE INSURANCE;BA particulieren BA Privéleven BALOISE INSURANCE;anita.vandamme@qollabi.com;BALOISE INSURANCE;Natuurlijk persoon
453/00;Van Damme;Anita;21/08/1957;;870942525;Brand eenvoudige risico's;Brand ER - woonhuizen;Brand eenvoudige risico's Brand ER - woonhuizen AXA;Brand eenvoudige risico's Brand ER - woonhuizen AXA;anita.vandamme@qollabi.com;AXA;Natuurlijk persoon
456/00;De Cock;Xander;20/06/1955;;994119;Rechtsbijstand;Rechtsbijstand Privéleven (eventueel met Auto);Rechtsbijstand Rechtsbijstand Privéleven (eventueel met Auto) DAS;Rechtsbijstand Rechtsbijstand Privéleven (eventueel met Auto) DAS;xander.decock@qollabi.com;DAS;Natuurlijk persoon
456/00;De Cock;Xander;20/06/1955;;200000581;Individueel;Hospitalisatie;Individueel Hospitalisatie DKV Belgium;Individueel Hospitalisatie DKV Belgium;xander.decock@qollabi.com;DKV Belgium;Natuurlijk persoon
456/00;De Cock;Xander;20/06/1955;;26198224;Auto;Toerisme en Zaken, gemengd gebruik;Auto Toerisme en Zaken, gemengd gebruik AG INSURANCE;Auto Toerisme en Zaken, gemengd gebruik AG INSURANCE;xander.decock@qollabi.com;AG INSURANCE;Natuurlijk persoon
456/00;De Cock;Xander;20/06/1955;;500363801;BA particulieren;BA Privéleven;BA particulieren BA Privéleven AXA;BA particulieren BA Privéleven AXA;xander.decock@qollabi.com;AXA;Natuurlijk persoon
456/00;De Cock;Xander;20/06/1955;;SCA009029357;Brand eenvoudige risico's;Brand ER - woonhuizen;Brand eenvoudige risico's Brand ER - woonhuizen ALLIANZ;Brand eenvoudige risico's Brand ER - woonhuizen ALLIANZ;xander.decock@qollabi.com;ALLIANZ;Natuurlijk persoon
458/00;Leysen;Edouard;08/02/1953;;3712546169;Leven en belegging;Individueel Leven i.v.m. Beleggingsfondsen (Tak 23);Leven en belegging Individueel Leven i.v.m. Beleggingsfondsen (Tak 23) AG INSURANCE;Leven en belegging Individueel Leven i.v.m. Beleggingsfondsen (Tak 23) AG INSURANCE;edouard.leysen@qollabi.com;AG INSURANCE;Natuurlijk persoon
458/00;Leysen;Edouard;08/02/1953;;3712547886;Leven en belegging;Individueel Leven i.v.m. Beleggingsfondsen (Tak 23);Leven en belegging Individueel Leven i.v.m. Beleggingsfondsen (Tak 23) AG INSURANCE;Leven en belegging Individueel Leven i.v.m. Beleggingsfondsen (Tak 23) AG INSURANCE;edouard.leysen@qollabi.com;AG INSURANCE;Natuurlijk persoon
458/00;Leysen;Edouard;08/02/1953;;1100289;Rechtsbijstand;Algemene rechtsbijstand (multi objecttype);Rechtsbijstand Algemene rechtsbijstand (multi objecttype) DAS;Rechtsbijstand Algemene rechtsbijstand (multi objecttype) DAS;edouard.leysen@qollabi.com;DAS;Natuurlijk persoon
458/00;Leysen;Edouard;08/02/1953;;116003006;Leven en belegging;Individueel Leven i.v.m. Beleggingsfondsen (Tak 23);Leven en belegging Individueel Leven i.v.m. Beleggingsfondsen (Tak 23) NN INSURANCE BELGIUM;Leven en belegging Individueel Leven i.v.m. Beleggingsfondsen (Tak 23) NN INSURANCE BELGIUM;edouard.leysen@qollabi.com;NN INSURANCE BELGIUM;Natuurlijk persoon
458/00;Leysen;Edouard;08/02/1953;;11767705;Leven en belegging;Individueel Leven met vrije stortingen (Tak21-Universal Life;Leven en belegging Individueel Leven met vrije stortingen (Tak21-Universal Life AG INSURANCE;Leven en belegging Individueel Leven met vrije stortingen (Tak21-Universal Life AG INSURANCE;edouard.leysen@qollabi.com;AG INSURANCE;Natuurlijk persoon
458/00;Leysen;Edouard;08/02/1953;;119188681;Leven en belegging;Individueel Leven (Meerdere Takken);Leven en belegging Individueel Leven (Meerdere Takken) AXA;Leven en belegging Individueel Leven (Meerdere Takken) AXA;edouard.leysen@qollabi.com;AXA;Natuurlijk persoon
458/00;Leysen;Edouard;08/02/1953;;182244920311;Leven en belegging;Individueel Leven met vrije stortingen (Tak21-Universal Life;Leven en belegging Individueel Leven met vrije stortingen (Tak21-Universal Life AG INSURANCE;Leven en belegging Individueel Leven met vrije stortingen (Tak21-Universal Life AG INSURANCE;edouard.leysen@qollabi.com;AG INSURANCE;Natuurlijk persoon
458/00;Leysen;Edouard;08/02/1953;;AE07161326;Leven en belegging;Individueel Leven Klassiek (Tak 21);Leven en belegging Individueel Leven Klassiek (Tak 21) AFER EUROPE;Leven en belegging Individueel Leven Klassiek (Tak 21) AFER EUROPE;edouard.leysen@qollabi.com;AFER EUROPE;Natuurlijk persoon
458/00;Leysen;Edouard;08/02/1953;;BCID00483701;Leven en belegging;Individueel Leven (Meerdere Takken);Leven en belegging Individueel Leven (Meerdere Takken) ALLIANZ;Leven en belegging Individueel Leven (Meerdere Takken) ALLIANZ;edouard.leysen@qollabi.com;ALLIANZ;Natuurlijk persoon
458/00;Leysen;Edouard;08/02/1953;;DPL020019721;Leven en belegging;Andere Verrichtingen Leven (Takken 22, 24-29);Leven en belegging Andere Verrichtingen Leven (Takken 22, 24-29) Credimo;Leven en belegging Andere Verrichtingen Leven (Takken 22, 24-29) Credimo;edouard.leysen@qollabi.com;Credimo;Natuurlijk persoon
458/00;Leysen;Edouard;08/02/1953;;DPL020019722;Leven en belegging;Andere Verrichtingen Leven (Takken 22, 24-29);Leven en belegging Andere Verrichtingen Leven (Takken 22, 24-29) Credimo;Leven en belegging Andere Verrichtingen Leven (Takken 22, 24-29) Credimo;edouard.leysen@qollabi.com;Credimo;Natuurlijk persoon
458/00;Leysen;Edouard;08/02/1953;;NCN101106123;Auto;Toerisme en Zaken, gemengd gebruik;Auto Toerisme en Zaken, gemengd gebruik ALLIANZ;Auto Toerisme en Zaken, gemengd gebruik ALLIANZ;edouard.leysen@qollabi.com;ALLIANZ;Natuurlijk persoon
458/00;Leysen;Edouard;08/02/1953;;NCN101106124;Auto;Toerisme en Zaken, gemengd gebruik;Auto Toerisme en Zaken, gemengd gebruik ALLIANZ;Auto Toerisme en Zaken, gemengd gebruik ALLIANZ;edouard.leysen@qollabi.com;ALLIANZ;Natuurlijk persoon
458/00;Leysen;Edouard;08/02/1953;;TRI010094825;Leven en belegging;Andere Verrichtingen Leven (Takken 22, 24-29);Leven en belegging Andere Verrichtingen Leven (Takken 22, 24-29) Credimo;Leven en belegging Andere Verrichtingen Leven (Takken 22, 24-29) Credimo;edouard.leysen@qollabi.com;Credimo;Natuurlijk persoon
458/00;Leysen;Edouard;08/02/1953;;TRI010094826;Leven en belegging;Andere Verrichtingen Leven (Takken 22, 24-29);Leven en belegging Andere Verrichtingen Leven (Takken 22, 24-29) Credimo;Leven en belegging Andere Verrichtingen Leven (Takken 22, 24-29) Credimo;edouard.leysen@qollabi.com;Credimo;Natuurlijk persoon
460/01;Peters;Paula;12/06/1939;;1122802;Rechtsbijstand;Algemene rechtsbijstand (multi objecttype);Rechtsbijstand Algemene rechtsbijstand (multi objecttype) DAS;Rechtsbijstand Algemene rechtsbijstand (multi objecttype) DAS;paula.peters@qollabi.com;DAS;Natuurlijk persoon
460/01;Peters;Paula;12/06/1939;;515475151;BA particulieren;BA Privéleven;BA particulieren BA Privéleven AXA;BA particulieren BA Privéleven AXA;paula.peters@qollabi.com;AXA;Natuurlijk persoon
460/01;Peters;Paula;12/06/1939;;617119751;Auto;Toerisme en Zaken, gemengd gebruik;Auto Toerisme en Zaken, gemengd gebruik AXA;Auto Toerisme en Zaken, gemengd gebruik AXA;paula.peters@qollabi.com;AXA;Natuurlijk persoon
460/01;Peters;Paula;12/06/1939;;818892632;Brand eenvoudige risico's;Brand ER - woonhuizen;Brand eenvoudige risico's Brand ER - woonhuizen AXA;Brand eenvoudige risico's Brand ER - woonhuizen AXA;paula.peters@qollabi.com;AXA;Natuurlijk persoon
461/00;Dupont;Francis;29/01/1952;;1187582;Rechtsbijstand;Algemene rechtsbijstand (multi objecttype);Rechtsbijstand Algemene rechtsbijstand (multi objecttype) DAS;Rechtsbijstand Algemene rechtsbijstand (multi objecttype) DAS;francis.dupont@qollabi.com;DAS;Natuurlijk persoon
461/00;Dupont;Francis;29/01/1952;;206015071;Individueel;Hospitalisatie;Individueel Hospitalisatie DKV Belgium;Individueel Hospitalisatie DKV Belgium;francis.dupont@qollabi.com;DKV Belgium;Natuurlijk persoon
461/00;Dupont;Francis;29/01/1952;;3000219744;Multi-takken;Multi-tak (Particulieren);Multi-takken Multi-tak (Particulieren) EUROP ASSISTANCE BELGIUM;Multi-takken Multi-tak (Particulieren) EUROP ASSISTANCE BELGIUM;francis.dupont@qollabi.com;EUROP ASSISTANCE BELGIUM;Natuurlijk persoon
461/00;Dupont;Francis;29/01/1952;;5P14534;Auto;Toerisme en Zaken, gemengd gebruik;Auto Toerisme en Zaken, gemengd gebruik BALOISE INSURANCE;Auto Toerisme en Zaken, gemengd gebruik BALOISE INSURANCE;francis.dupont@qollabi.com;BALOISE INSURANCE;Natuurlijk persoon
461/00;Dupont;Francis;29/01/1952;;7F18060;BA particulieren;BA Privéleven;BA particulieren BA Privéleven BALOISE INSURANCE;BA particulieren BA Privéleven BALOISE INSURANCE;francis.dupont@qollabi.com;BALOISE INSURANCE;Natuurlijk persoon
461/00;Dupont;Francis;29/01/1952;;818876270;Brand eenvoudige risico's;Brand ER - woonhuizen;Brand eenvoudige risico's Brand ER - woonhuizen AXA;Brand eenvoudige risico's Brand ER - woonhuizen AXA;francis.dupont@qollabi.com;AXA;Natuurlijk persoon
461/01;Leclercq;Ludgardus;20/03/1956;;1588519;Rechtsbijstand;Algemene rechtsbijstand (multi objecttype);Rechtsbijstand Algemene rechtsbijstand (multi objecttype) DAS;Rechtsbijstand Algemene rechtsbijstand (multi objecttype) DAS;ludgardus.leclercq@qollabi.com;DAS;Natuurlijk persoon
461/01;Leclercq;Ludgardus;20/03/1956;;7M61480;Individueel;Verkeer & Inzittenden;Individueel Verkeer & Inzittenden BALOISE INSURANCE;Individueel Verkeer & Inzittenden BALOISE INSURANCE;ludgardus.leclercq@qollabi.com;BALOISE INSURANCE;Natuurlijk persoon
461/01;Leclercq;Ludgardus;20/03/1956;;816486832;Multi-takken;Gegroepeerde gezinspolissen Brand + andere (BA Gezin, ...);Multi-takken Gegroepeerde gezinspolissen Brand + andere (BA Gezin, ...) AXA;Multi-takken Gegroepeerde gezinspolissen Brand + andere (BA Gezin, ...) AXA;ludgardus.leclercq@qollabi.com;AXA;Natuurlijk persoon
461/01;Leclercq;Ludgardus;20/03/1956;;NCN101104048;Auto;Toerisme en Zaken, gemengd gebruik;Auto Toerisme en Zaken, gemengd gebruik ALLIANZ;Auto Toerisme en Zaken, gemengd gebruik ALLIANZ;ludgardus.leclercq@qollabi.com;ALLIANZ;Natuurlijk persoon
461/01;Leclercq;Ludgardus;20/03/1956;;NCN101104049;Auto;Toerisme en Zaken, gemengd gebruik;Auto Toerisme en Zaken, gemengd gebruik ALLIANZ;Auto Toerisme en Zaken, gemengd gebruik ALLIANZ;ludgardus.leclercq@qollabi.com;ALLIANZ;Natuurlijk persoon
461/01;Leclercq;Ludgardus;20/03/1956;;QBE10597DMLY;Bijstand;Bijstand (CBFA 18);Bijstand Bijstand (CBFA 18) ALLIANZ  PARTNERS;Bijstand Bijstand (CBFA 18) ALLIANZ  PARTNERS;ludgardus.leclercq@qollabi.com;ALLIANZ  PARTNERS;Natuurlijk persoon
464/01;Diels;Suzanna;01/05/1966;;1050889;Rechtsbijstand;Algemene rechtsbijstand (multi objecttype);Rechtsbijstand Algemene rechtsbijstand (multi objecttype) DAS;Rechtsbijstand Algemene rechtsbijstand (multi objecttype) DAS;suzanna.diels@qollabi.com;DAS;Natuurlijk persoon
464/01;Diels;Suzanna;01/05/1966;;624816661;Auto;Toerisme en Zaken, gemengd gebruik;Auto Toerisme en Zaken, gemengd gebruik AXA;Auto Toerisme en Zaken, gemengd gebruik AXA;suzanna.diels@qollabi.com;AXA;Natuurlijk persoon
464/01;Diels;Suzanna;01/05/1966;;NCN101103132;Auto;Toerisme en Zaken, gemengd gebruik;Auto Toerisme en Zaken, gemengd gebruik ALLIANZ;Auto Toerisme en Zaken, gemengd gebruik ALLIANZ;suzanna.diels@qollabi.com;ALLIANZ;Natuurlijk persoon
467/00;Fierens;Alfons;13/08/1937;;3966170;Brand eenvoudige risico's;Brand ER - woonhuizen;Brand eenvoudige risico's Brand ER - woonhuizen BALOISE INSURANCE;Brand eenvoudige risico's Brand ER - woonhuizen BALOISE INSURANCE;alfons.fierens@qollabi.com;BALOISE INSURANCE;Natuurlijk persoon
467/00;Fierens;Alfons;13/08/1937;;500266646;BA particulieren;BA Privéleven;BA particulieren BA Privéleven AXA;BA particulieren BA Privéleven AXA;alfons.fierens@qollabi.com;AXA;Natuurlijk persoon
467/00;Fierens;Alfons;13/08/1937;;602499306;Auto;Toerisme en Zaken, gemengd gebruik;Auto Toerisme en Zaken, gemengd gebruik AXA;Auto Toerisme en Zaken, gemengd gebruik AXA;alfons.fierens@qollabi.com;AXA;Natuurlijk persoon
467/01;De Clercq;Rose;06/04/1944;;822021;Rechtsbijstand;Algemene rechtsbijstand (multi objecttype);Rechtsbijstand Algemene rechtsbijstand (multi objecttype) DAS;Rechtsbijstand Algemene rechtsbijstand (multi objecttype) DAS;rose.declercq@qollabi.com;DAS;Natuurlijk persoon
467/01;De Clercq;Rose;06/04/1944;;621692678;Auto;Toerisme en Zaken, gemengd gebruik;Auto Toerisme en Zaken, gemengd gebruik AXA;Auto Toerisme en Zaken, gemengd gebruik AXA;rose.declercq@qollabi.com;AXA;Natuurlijk persoon
468/00;Gillis;Bart;17/09/1978;;80067224;Leven en belegging;Leven Collectief (Tak 21);Leven en belegging Leven Collectief (Tak 21) Credimo;Leven en belegging Leven Collectief (Tak 21) Credimo;bart.gillis@qollabi.com;Credimo;Natuurlijk persoon
468/00;Gillis;Bart;17/09/1978;;1004221;Rechtsbijstand;Algemene rechtsbijstand (multi objecttype);Rechtsbijstand Algemene rechtsbijstand (multi objecttype) DAS;Rechtsbijstand Algemene rechtsbijstand (multi objecttype) DAS;bart.gillis@qollabi.com;DAS;Natuurlijk persoon
468/00;Gillis;Bart;17/09/1978;;5K38911;Auto;Toerisme en Zaken, gemengd gebruik;Auto Toerisme en Zaken, gemengd gebruik BALOISE INSURANCE;Auto Toerisme en Zaken, gemengd gebruik BALOISE INSURANCE;bart.gillis@qollabi.com;BALOISE INSURANCE;Natuurlijk persoon
468/00;Gillis;Bart;17/09/1978;;5L15231;Auto;Bromfietsen;Auto Bromfietsen BALOISE INSURANCE;Auto Bromfietsen BALOISE INSURANCE;bart.gillis@qollabi.com;BALOISE INSURANCE;Natuurlijk persoon
468/00;Gillis;Bart;17/09/1978;;624344425;Auto;Lichte Vrachtwagens;Auto Lichte Vrachtwagens AXA;Auto Lichte Vrachtwagens AXA;bart.gillis@qollabi.com;AXA;Natuurlijk persoon
468/00;Gillis;Bart;17/09/1978;;624360680;Auto;Motorfietsen;Auto Motorfietsen AXA;Auto Motorfietsen AXA;bart.gillis@qollabi.com;AXA;Natuurlijk persoon
468/00;Gillis;Bart;17/09/1978;;7A21240;BA andere dan particulieren;BA Onderneming;BA andere dan particulieren BA Onderneming BALOISE INSURANCE;BA andere dan particulieren BA Onderneming BALOISE INSURANCE;bart.gillis@qollabi.com;BALOISE INSURANCE;Natuurlijk persoon
468/00;Gillis;Bart;17/09/1978;;7G74037;BA particulieren;BA Privéleven;BA particulieren BA Privéleven BALOISE INSURANCE;BA particulieren BA Privéleven BALOISE INSURANCE;bart.gillis@qollabi.com;BALOISE INSURANCE;Natuurlijk persoon
468/00;Gillis;Bart;17/09/1978;;8019947;Individueel;Hospitalisatie;Individueel Hospitalisatie AG INSURANCE;Individueel Hospitalisatie AG INSURANCE;bart.gillis@qollabi.com;AG INSURANCE;Natuurlijk persoon
468/00;Gillis;Bart;17/09/1978;;817043690;Brand eenvoudige risico's;Brand ER - woonhuizen;Brand eenvoudige risico's Brand ER - woonhuizen AXA;Brand eenvoudige risico's Brand ER - woonhuizen AXA;bart.gillis@qollabi.com;AXA;Natuurlijk persoon
468/00;Gillis;Bart;17/09/1978;;CIC1661954;Leven en belegging;Individueel Leven Klassiek (Tak 21);Leven en belegging Individueel Leven Klassiek (Tak 21) BALOISE(ex-Fidea);Leven en belegging Individueel Leven Klassiek (Tak 21) BALOISE(ex-Fidea);bart.gillis@qollabi.com;BALOISE(ex-Fidea);Natuurlijk persoon
468/01;De Ridder;Trisjka;07/12/1979;;CIC1661955;Leven en belegging;Individueel Leven Klassiek (Tak 21);Leven en belegging Individueel Leven Klassiek (Tak 21) BALOISE(ex-Fidea);Leven en belegging Individueel Leven Klassiek (Tak 21) BALOISE(ex-Fidea);trisjka.deridder@qollabi.com;BALOISE(ex-Fidea);Natuurlijk persoon
470/01;Leemans;Maria;07/09/1930;;43939581;Brand eenvoudige risico's;Brand ER - woonhuizen;Brand eenvoudige risico's Brand ER - woonhuizen AG INSURANCE;Brand eenvoudige risico's Brand ER - woonhuizen AG INSURANCE;;AG INSURANCE;Natuurlijk persoon
471/00;Martens;Robert;09/01/1951;;646504;Rechtsbijstand;Algemene rechtsbijstand (multi objecttype);Rechtsbijstand Algemene rechtsbijstand (multi objecttype) DAS;Rechtsbijstand Algemene rechtsbijstand (multi objecttype) DAS;;DAS;Natuurlijk persoon
471/00;Martens;Robert;09/01/1951;;46534570;Brand eenvoudige risico's;Brand ER - woonhuizen;Brand eenvoudige risico's Brand ER - woonhuizen AG INSURANCE;Brand eenvoudige risico's Brand ER - woonhuizen AG INSURANCE;;AG INSURANCE;Natuurlijk persoon
471/00;Martens;Robert;09/01/1951;;601081493;Auto;Toerisme en Zaken, gemengd gebruik;Auto Toerisme en Zaken, gemengd gebruik AXA;Auto Toerisme en Zaken, gemengd gebruik AXA;;AXA;Natuurlijk persoon
471/00;Martens;Robert;09/01/1951;;64288077;BA particulieren;BA Privéleven;BA particulieren BA Privéleven AG INSURANCE;BA particulieren BA Privéleven AG INSURANCE;;AG INSURANCE;Natuurlijk persoon
471/00;Martens;Robert;09/01/1951;;7J42286;Individueel;Verkeer & Inzittenden;Individueel Verkeer & Inzittenden BALOISE INSURANCE;Individueel Verkeer & Inzittenden BALOISE INSURANCE;;BALOISE INSURANCE;Natuurlijk persoon
472/01;Hermans;Veerle;30/04/1956;;1042326;Rechtsbijstand;Algemene rechtsbijstand (multi objecttype);Rechtsbijstand Algemene rechtsbijstand (multi objecttype) DAS;Rechtsbijstand Algemene rechtsbijstand (multi objecttype) DAS;veerle.hermans@qollabi.com;DAS;Natuurlijk persoon
472/01;Hermans;Veerle;30/04/1956;;2541849;Brand eenvoudige risico's;Brand ER - woonhuizen;Brand eenvoudige risico's Brand ER - woonhuizen BALOISE INSURANCE;Brand eenvoudige risico's Brand ER - woonhuizen BALOISE INSURANCE;veerle.hermans@qollabi.com;BALOISE INSURANCE;Natuurlijk persoon
472/01;Hermans;Veerle;30/04/1956;;5I09048;Auto;Toerisme en Zaken, gemengd gebruik;Auto Toerisme en Zaken, gemengd gebruik BALOISE INSURANCE;Auto Toerisme en Zaken, gemengd gebruik BALOISE INSURANCE;veerle.hermans@qollabi.com;BALOISE INSURANCE;Natuurlijk persoon
472/01;Hermans;Veerle;30/04/1956;;7878866;BA particulieren;BA Privéleven;BA particulieren BA Privéleven BALOISE INSURANCE;BA particulieren BA Privéleven BALOISE INSURANCE;veerle.hermans@qollabi.com;BALOISE INSURANCE;Natuurlijk persoon
474/00;Geerts;Eddy;10/03/1958;;1267936;Rechtsbijstand;Rechtsbijstand Privéleven (eventueel met Auto);Rechtsbijstand Rechtsbijstand Privéleven (eventueel met Auto) DAS;Rechtsbijstand Rechtsbijstand Privéleven (eventueel met Auto) DAS;eddy.geerts@qollabi.com;DAS;Natuurlijk persoon
477/00;Vermeersch;Louis;14/12/1950;;37032711;BA particulieren;BA Privéleven;BA particulieren BA Privéleven AG INSURANCE;BA particulieren BA Privéleven AG INSURANCE;louis.vermeersch@qollabi.com;AG INSURANCE;Natuurlijk persoon
478/00;Claes;Thomas;15/06/1966;;1011375;Rechtsbijstand;Algemene rechtsbijstand (multi objecttype);Rechtsbijstand Algemene rechtsbijstand (multi objecttype) DAS;Rechtsbijstand Algemene rechtsbijstand (multi objecttype) DAS;thomas.claes@qollabi.com;DAS;Natuurlijk persoon
478/00;Claes;Thomas;15/06/1966;;38000072008;Bijstand;Bijstand (CBFA 18);Bijstand Bijstand (CBFA 18) ALLIANZ  PARTNERS;Bijstand Bijstand (CBFA 18) ALLIANZ  PARTNERS;thomas.claes@qollabi.com;ALLIANZ  PARTNERS;Natuurlijk persoon
478/00;Claes;Thomas;15/06/1966;;3E18088;Brand eenvoudige risico's;Brand ER - woonhuizen;Brand eenvoudige risico's Brand ER - woonhuizen BALOISE INSURANCE;Brand eenvoudige risico's Brand ER - woonhuizen BALOISE INSURANCE;thomas.claes@qollabi.com;BALOISE INSURANCE;Natuurlijk persoon
478/00;Claes;Thomas;15/06/1966;;50485231;Individueel;Gewaarborgd inkomen;Individueel Gewaarborgd inkomen KBC;Individueel Gewaarborgd inkomen KBC;thomas.claes@qollabi.com;KBC;Natuurlijk persoon
478/00;Claes;Thomas;15/06/1966;;5459450;Auto;Toerisme en Zaken, gemengd gebruik;Auto Toerisme en Zaken, gemengd gebruik BALOISE INSURANCE;Auto Toerisme en Zaken, gemengd gebruik BALOISE INSURANCE;thomas.claes@qollabi.com;BALOISE INSURANCE;Natuurlijk persoon
478/00;Claes;Thomas;15/06/1966;;55025136;Leven en belegging;Individueel Leven Klassiek (Tak 21);Leven en belegging Individueel Leven Klassiek (Tak 21) KBC;Leven en belegging Individueel Leven Klassiek (Tak 21) KBC;thomas.claes@qollabi.com;KBC;Natuurlijk persoon
478/00;Claes;Thomas;15/06/1966;;5B86740;Auto;Toerisme en Zaken, gemengd gebruik;Auto Toerisme en Zaken, gemengd gebruik BALOISE INSURANCE;Auto Toerisme en Zaken, gemengd gebruik BALOISE INSURANCE;thomas.claes@qollabi.com;BALOISE INSURANCE;Natuurlijk persoon
478/00;Claes;Thomas;15/06/1966;;5W54248;Auto;Toerisme en Zaken, gemengd gebruik;Auto Toerisme en Zaken, gemengd gebruik BALOISE INSURANCE;Auto Toerisme en Zaken, gemengd gebruik BALOISE INSURANCE;thomas.claes@qollabi.com;BALOISE INSURANCE;Natuurlijk persoon
478/00;Claes;Thomas;15/06/1966;;7.135.502;Leven en belegging;Individueel Leven Klassiek (Tak 21);Leven en belegging Individueel Leven Klassiek (Tak 21) AFER EUROPE;Leven en belegging Individueel Leven Klassiek (Tak 21) AFER EUROPE;thomas.claes@qollabi.com;AFER EUROPE;Natuurlijk persoon
478/00;Claes;Thomas;15/06/1966;;7L38413;BA particulieren;BA Privéleven;BA particulieren BA Privéleven BALOISE INSURANCE;BA particulieren BA Privéleven BALOISE INSURANCE;thomas.claes@qollabi.com;BALOISE INSURANCE;Natuurlijk persoon
478/01;Brouwers;Leonarda;19/08/1970;;7.135.510;Leven en belegging;Individueel Leven Klassiek (Tak 21);Leven en belegging Individueel Leven Klassiek (Tak 21) AFER EUROPE;Leven en belegging Individueel Leven Klassiek (Tak 21) AFER EUROPE;;AFER EUROPE;Natuurlijk persoon
482/00;Leysen;Leopold;16/08/1956;;107036407;Individueel;Hospitalisatie;Individueel Hospitalisatie AXA;Individueel Hospitalisatie AXA;leopold.leysen@qollabi.com;AXA;Natuurlijk persoon
482/00;Leysen;Leopold;16/08/1956;;1170860;Rechtsbijstand;Rechtsbijstand Auto (Voertuig);Rechtsbijstand Rechtsbijstand Auto (Voertuig) DAS;Rechtsbijstand Rechtsbijstand Auto (Voertuig) DAS;leopold.leysen@qollabi.com;DAS;Natuurlijk persoon
482/00;Leysen;Leopold;16/08/1956;;1B17222;Leven en belegging;Individueel Leven i.v.m. Beleggingsfondsen (Tak 23);Leven en belegging Individueel Leven i.v.m. Beleggingsfondsen (Tak 23) BALOISE INSURANCE;Leven en belegging Individueel Leven i.v.m. Beleggingsfondsen (Tak 23) BALOISE INSURANCE;leopold.leysen@qollabi.com;BALOISE INSURANCE;Natuurlijk persoon
482/00;Leysen;Leopold;16/08/1956;;1B96951;Leven en belegging;Individueel Leven i.v.m. Beleggingsfondsen (Tak 23);Leven en belegging Individueel Leven i.v.m. Beleggingsfondsen (Tak 23) BALOISE INSURANCE;Leven en belegging Individueel Leven i.v.m. Beleggingsfondsen (Tak 23) BALOISE INSURANCE;leopold.leysen@qollabi.com;BALOISE INSURANCE;Natuurlijk persoon
482/00;Leysen;Leopold;16/08/1956;;4202123;Rechtsbijstand;Algemene rechtsbijstand (multi objecttype);Rechtsbijstand Algemene rechtsbijstand (multi objecttype) EUROMEX;Rechtsbijstand Algemene rechtsbijstand (multi objecttype) EUROMEX;leopold.leysen@qollabi.com;EUROMEX;Natuurlijk persoon
482/00;Leysen;Leopold;16/08/1956;;48017248;Brand eenvoudige risico's;Brand ER - woonhuizen;Brand eenvoudige risico's Brand ER - woonhuizen AG INSURANCE;Brand eenvoudige risico's Brand ER - woonhuizen AG INSURANCE;leopold.leysen@qollabi.com;AG INSURANCE;Natuurlijk persoon
482/00;Leysen;Leopold;16/08/1956;;5178185;Rechtsbijstand;Rechtsbijstand Auto (Voertuig);Rechtsbijstand Rechtsbijstand Auto (Voertuig) EUROMEX;Rechtsbijstand Rechtsbijstand Auto (Voertuig) EUROMEX;leopold.leysen@qollabi.com;EUROMEX;Natuurlijk persoon
482/00;Leysen;Leopold;16/08/1956;;7424728;Rechtsbijstand;Rechtsbijstand Privéleven (eventueel met Auto);Rechtsbijstand Rechtsbijstand Privéleven (eventueel met Auto) EUROMEX;Rechtsbijstand Rechtsbijstand Privéleven (eventueel met Auto) EUROMEX;leopold.leysen@qollabi.com;EUROMEX;Natuurlijk persoon
482/00;Leysen;Leopold;16/08/1956;;7479716;BA particulieren;BA Privéleven;BA particulieren BA Privéleven BALOISE INSURANCE;BA particulieren BA Privéleven BALOISE INSURANCE;leopold.leysen@qollabi.com;BALOISE INSURANCE;Natuurlijk persoon
482/00;Leysen;Leopold;16/08/1956;;7599553;Individueel;Verkeer & Inzittenden;Individueel Verkeer & Inzittenden BALOISE INSURANCE;Individueel Verkeer & Inzittenden BALOISE INSURANCE;leopold.leysen@qollabi.com;BALOISE INSURANCE;Natuurlijk persoon
482/00;Leysen;Leopold;16/08/1956;;8549572;Auto;Toerisme en Zaken, gemengd gebruik;Auto Toerisme en Zaken, gemengd gebruik BALOISE INSURANCE;Auto Toerisme en Zaken, gemengd gebruik BALOISE INSURANCE;leopold.leysen@qollabi.com;BALOISE INSURANCE;Natuurlijk persoon
482/00;Leysen;Leopold;16/08/1956;;8678141;Auto;Lichte Vrachtwagens;Auto Lichte Vrachtwagens BALOISE INSURANCE;Auto Lichte Vrachtwagens BALOISE INSURANCE;leopold.leysen@qollabi.com;BALOISE INSURANCE;Natuurlijk persoon
482/01;Hendrickx;Maria;07/08/1958;;328948951;Individueel;Hospitalisatie;Individueel Hospitalisatie DKV Belgium;Individueel Hospitalisatie DKV Belgium;leopold.leysen@qollabi.com;DKV Belgium;Natuurlijk persoon
486/00;Van Acker;Roger;23/03/1946;;1522164;Rechtsbijstand;Algemene rechtsbijstand (multi objecttype);Rechtsbijstand Algemene rechtsbijstand (multi objecttype) DAS;Rechtsbijstand Algemene rechtsbijstand (multi objecttype) DAS;roger.vanacker@qollabi.com;DAS;Natuurlijk persoon
486/00;Van Acker;Roger;23/03/1946;;600860437;Individueel;Verkeer & Inzittenden;Individueel Verkeer & Inzittenden AXA;Individueel Verkeer & Inzittenden AXA;roger.vanacker@qollabi.com;AXA;Natuurlijk persoon
486/00;Van Acker;Roger;23/03/1946;;621853998;Auto;Toerisme en Zaken, gemengd gebruik;Auto Toerisme en Zaken, gemengd gebruik AXA;Auto Toerisme en Zaken, gemengd gebruik AXA;roger.vanacker@qollabi.com;AXA;Natuurlijk persoon
486/00;Van Acker;Roger;23/03/1946;;621854003;Auto;Motorfietsen;Auto Motorfietsen AXA;Auto Motorfietsen AXA;roger.vanacker@qollabi.com;AXA;Natuurlijk persoon
486/00;Van Acker;Roger;23/03/1946;;621988213;Auto;Toerisme en Zaken, gemengd gebruik;Auto Toerisme en Zaken, gemengd gebruik AXA;Auto Toerisme en Zaken, gemengd gebruik AXA;roger.vanacker@qollabi.com;AXA;Natuurlijk persoon
486/00;Van Acker;Roger;23/03/1946;;7242389205;Bijstand;Bijstand (CBFA 18);Bijstand Bijstand (CBFA 18) EUROP ASSISTANCE BELGIUM;Bijstand Bijstand (CBFA 18) EUROP ASSISTANCE BELGIUM;roger.vanacker@qollabi.com;EUROP ASSISTANCE BELGIUM;Natuurlijk persoon
486/00;Van Acker;Roger;23/03/1946;;7454768;BA particulieren;BA Privéleven;BA particulieren BA Privéleven BALOISE INSURANCE;BA particulieren BA Privéleven BALOISE INSURANCE;roger.vanacker@qollabi.com;BALOISE INSURANCE;Natuurlijk persoon
486/00;Van Acker;Roger;23/03/1946;;800506620;Brand eenvoudige risico's;Brand ER - woonhuizen;Brand eenvoudige risico's Brand ER - woonhuizen AXA;Brand eenvoudige risico's Brand ER - woonhuizen AXA;roger.vanacker@qollabi.com;AXA;Natuurlijk persoon
486/00;Van Acker;Roger;23/03/1946;;AE07158942;Leven en belegging;Individueel Leven Klassiek (Tak 21);Leven en belegging Individueel Leven Klassiek (Tak 21) AFER EUROPE;Leven en belegging Individueel Leven Klassiek (Tak 21) AFER EUROPE;roger.vanacker@qollabi.com;AFER EUROPE;Natuurlijk persoon
486/00;Van Acker;Roger;23/03/1946;;V1000097;Auto;Toerisme en Zaken, gemengd gebruik;Auto Toerisme en Zaken, gemengd gebruik Vander Haeghen & C° NV;Auto Toerisme en Zaken, gemengd gebruik Vander Haeghen & C° NV;roger.vanacker@qollabi.com;Vander Haeghen & C° NV;Natuurlijk persoon
487/00;De Graef;Guillaume;11/09/1955;;1393307;Rechtsbijstand;Algemene rechtsbijstand (multi objecttype);Rechtsbijstand Algemene rechtsbijstand (multi objecttype) DAS;Rechtsbijstand Algemene rechtsbijstand (multi objecttype) DAS;guillaume.degraef@qollabi.com;DAS;Natuurlijk persoon
487/00;De Graef;Guillaume;11/09/1955;;585371342;BA particulieren;BA Privéleven;BA particulieren BA Privéleven AXA;BA particulieren BA Privéleven AXA;guillaume.degraef@qollabi.com;AXA;Natuurlijk persoon
487/00;De Graef;Guillaume;11/09/1955;;5K70972;Auto;Toerisme en Zaken, gemengd gebruik;Auto Toerisme en Zaken, gemengd gebruik BALOISE INSURANCE;Auto Toerisme en Zaken, gemengd gebruik BALOISE INSURANCE;guillaume.degraef@qollabi.com;BALOISE INSURANCE;Natuurlijk persoon
487/00;De Graef;Guillaume;11/09/1955;;881682058;Brand eenvoudige risico's;Brand ER - woonhuizen;Brand eenvoudige risico's Brand ER - woonhuizen AXA;Brand eenvoudige risico's Brand ER - woonhuizen AXA;guillaume.degraef@qollabi.com;AXA;Natuurlijk persoon
487/00;De Graef;Guillaume;11/09/1955;;QBE1019Y3M8;Multi-takken;Multi-tak (Particulieren);Multi-takken Multi-tak (Particulieren) ALLIANZ  PARTNERS;Multi-takken Multi-tak (Particulieren) ALLIANZ  PARTNERS;guillaume.degraef@qollabi.com;ALLIANZ  PARTNERS;Natuurlijk persoon
487/02;Nexus Invest;;;;1849989;Rechtsbijstand;Algemene rechtsbijstand (multi objecttype);Rechtsbijstand Algemene rechtsbijstand (multi objecttype) DAS;Rechtsbijstand Algemene rechtsbijstand (multi objecttype) DAS;guillaume.degraef@qollabi.com;DAS;Rechtspersoon
487/02;Nexus Invest;;;;5H76887;Auto;Toerisme en Zaken, gemengd gebruik;Auto Toerisme en Zaken, gemengd gebruik BALOISE INSURANCE;Auto Toerisme en Zaken, gemengd gebruik BALOISE INSURANCE;guillaume.degraef@qollabi.com;BALOISE INSURANCE;Rechtspersoon
488/00;De Graef;Danny;28/12/1963;;1054917;Rechtsbijstand;Algemene rechtsbijstand (multi objecttype);Rechtsbijstand Algemene rechtsbijstand (multi objecttype) DAS;Rechtsbijstand Algemene rechtsbijstand (multi objecttype) DAS;danny.degraef@qollabi.com;DAS;Natuurlijk persoon
488/00;De Graef;Danny;28/12/1963;;10716609;Leven en belegging;Individueel Leven met vrije stortingen (Tak21-Universal Life;Leven en belegging Individueel Leven met vrije stortingen (Tak21-Universal Life AG INSURANCE;Leven en belegging Individueel Leven met vrije stortingen (Tak21-Universal Life AG INSURANCE;danny.degraef@qollabi.com;AG INSURANCE;Natuurlijk persoon
488/00;De Graef;Danny;28/12/1963;;12403958;Leven en belegging;Individueel Leven met vrije stortingen (Tak21-Universal Life;Leven en belegging Individueel Leven met vrije stortingen (Tak21-Universal Life AG INSURANCE;Leven en belegging Individueel Leven met vrije stortingen (Tak21-Universal Life AG INSURANCE;danny.degraef@qollabi.com;AG INSURANCE;Natuurlijk persoon
488/00;De Graef;Danny;28/12/1963;;208953301;Individueel;Hospitalisatie;Individueel Hospitalisatie DKV Belgium;Individueel Hospitalisatie DKV Belgium;danny.degraef@qollabi.com;DKV Belgium;Natuurlijk persoon
488/00;De Graef;Danny;28/12/1963;;5P33111;Auto;Toerisme en Zaken, gemengd gebruik;Auto Toerisme en Zaken, gemengd gebruik BALOISE INSURANCE;Auto Toerisme en Zaken, gemengd gebruik BALOISE INSURANCE;danny.degraef@qollabi.com;BALOISE INSURANCE;Natuurlijk persoon
488/00;De Graef;Danny;28/12/1963;;7862876;BA particulieren;BA Privéleven;BA particulieren BA Privéleven BALOISE INSURANCE;BA particulieren BA Privéleven BALOISE INSURANCE;danny.degraef@qollabi.com;BALOISE INSURANCE;Natuurlijk persoon
488/00;De Graef;Danny;28/12/1963;;802140228;Brand eenvoudige risico's;Brand ER - woonhuizen;Brand eenvoudige risico's Brand ER - woonhuizen AXA;Brand eenvoudige risico's Brand ER - woonhuizen AXA;danny.degraef@qollabi.com;AXA;Natuurlijk persoon
489/02;Gamma Group;;;;18248;Leven en belegging;Individueel Leven met vrije stortingen (Tak21-Universal Life;Leven en belegging Individueel Leven met vrije stortingen (Tak21-Universal Life BNP PARIBAS;Leven en belegging Individueel Leven met vrije stortingen (Tak21-Universal Life BNP PARIBAS;gammagroup@qollabi.com;BNP PARIBAS;Rechtspersoon
490/00;Jacobs;Dave;19/06/1979;;1368311;Rechtsbijstand;Algemene rechtsbijstand (multi objecttype);Rechtsbijstand Algemene rechtsbijstand (multi objecttype) DAS;Rechtsbijstand Algemene rechtsbijstand (multi objecttype) DAS;dave.jacobs@qollabi.com;DAS;Natuurlijk persoon
490/00;Jacobs;Dave;19/06/1979;;816220345;Multi-takken;Gegroepeerde gezinspolissen Brand + andere (BA Gezin, ...);Multi-takken Gegroepeerde gezinspolissen Brand + andere (BA Gezin, ...) AXA;Multi-takken Gegroepeerde gezinspolissen Brand + andere (BA Gezin, ...) AXA;dave.jacobs@qollabi.com;AXA;Natuurlijk persoon
495/00;Brouwers;Jozef;10/05/1941;;814763;Rechtsbijstand;Algemene rechtsbijstand (multi objecttype);Rechtsbijstand Algemene rechtsbijstand (multi objecttype) DAS;Rechtsbijstand Algemene rechtsbijstand (multi objecttype) DAS;jozef.brouwers@qollabi.com;DAS;Natuurlijk persoon
495/00;Brouwers;Jozef;10/05/1941;;26164807;Individueel;Verkeer & Inzittenden;Individueel Verkeer & Inzittenden AG INSURANCE;Individueel Verkeer & Inzittenden AG INSURANCE;jozef.brouwers@qollabi.com;AG INSURANCE;Natuurlijk persoon
495/00;Brouwers;Jozef;10/05/1941;;500265632;BA particulieren;BA Privéleven;BA particulieren BA Privéleven AXA;BA particulieren BA Privéleven AXA;jozef.brouwers@qollabi.com;AXA;Natuurlijk persoon
495/00;Brouwers;Jozef;10/05/1941;;602496219;Auto;Toerisme en Zaken, gemengd gebruik;Auto Toerisme en Zaken, gemengd gebruik AXA;Auto Toerisme en Zaken, gemengd gebruik AXA;jozef.brouwers@qollabi.com;AXA;Natuurlijk persoon
495/00;Brouwers;Jozef;10/05/1941;;818463160;Brand eenvoudige risico's;Brand ER - woonhuizen;Brand eenvoudige risico's Brand ER - woonhuizen AXA;Brand eenvoudige risico's Brand ER - woonhuizen AXA;jozef.brouwers@qollabi.com;AXA;Natuurlijk persoon
495/01;Segers;Bertha;26/02/1942;;602496228;Auto;Toerisme en Zaken, gemengd gebruik;Auto Toerisme en Zaken, gemengd gebruik AXA;Auto Toerisme en Zaken, gemengd gebruik AXA;jozef.brouwers@qollabi.com;AXA;Natuurlijk persoon
497/00;Eeckhout;Peter;14/03/1970;;880375;Rechtsbijstand;Algemene rechtsbijstand (multi objecttype);Rechtsbijstand Algemene rechtsbijstand (multi objecttype) DAS;Rechtsbijstand Algemene rechtsbijstand (multi objecttype) DAS;peter.eeckhout@qollabi.com;DAS;Natuurlijk persoon
497/00;Eeckhout;Peter;14/03/1970;;622459893;Auto;Lichte Vrachtwagens;Auto Lichte Vrachtwagens AXA;Auto Lichte Vrachtwagens AXA;peter.eeckhout@qollabi.com;AXA;Natuurlijk persoon
497/01;Devos;Sandra;26/08/1972;;622459770;Auto;Toerisme en Zaken, gemengd gebruik;Auto Toerisme en Zaken, gemengd gebruik AXA;Auto Toerisme en Zaken, gemengd gebruik AXA;peter.eeckhout@qollabi.com;AXA;Natuurlijk persoon
497/01;Devos;Sandra;26/08/1972;;624792559;Auto;Toerisme en Zaken, gemengd gebruik;Auto Toerisme en Zaken, gemengd gebruik AXA;Auto Toerisme en Zaken, gemengd gebruik AXA;peter.eeckhout@qollabi.com;AXA;Natuurlijk persoon
500/02;Delta Invest;;;;47023247;Brand eenvoudige risico's;Brand ER - handelshuizen;Brand eenvoudige risico's Brand ER - handelshuizen AG INSURANCE;Brand eenvoudige risico's Brand ER - handelshuizen AG INSURANCE;deltainvest@qollabi.com;AG INSURANCE;Rechtspersoon
503/01;Aerts;Roza;20/09/1938;;812630;Rechtsbijstand;Algemene rechtsbijstand (multi objecttype);Rechtsbijstand Algemene rechtsbijstand (multi objecttype) DAS;Rechtsbijstand Algemene rechtsbijstand (multi objecttype) DAS;roza.aerts@qollabi.com;DAS;Natuurlijk persoon
503/01;Aerts;Roza;20/09/1938;;500267733;BA particulieren;BA Privéleven;BA particulieren BA Privéleven AXA;BA particulieren BA Privéleven AXA;roza.aerts@qollabi.com;AXA;Natuurlijk persoon
503/01;Aerts;Roza;20/09/1938;;AE07099880;Leven en belegging;Individueel Leven Klassiek (Tak 21);Leven en belegging Individueel Leven Klassiek (Tak 21) AFER EUROPE;Leven en belegging Individueel Leven Klassiek (Tak 21) AFER EUROPE;roza.aerts@qollabi.com;AFER EUROPE;Natuurlijk persoon
504/00;Goossens;Frederik;03/04/1956;;SCA007256449;Auto;Toerisme en Zaken, gemengd gebruik;Auto Toerisme en Zaken, gemengd gebruik ALLIANZ;Auto Toerisme en Zaken, gemengd gebruik ALLIANZ;;ALLIANZ;Natuurlijk persoon
508/00;Segers;Daniel;12/08/1951;;292008151;Individueel;Hospitalisatie;Individueel Hospitalisatie DKV Belgium;Individueel Hospitalisatie DKV Belgium;daniel.segers@qollabi.com;DKV Belgium;Natuurlijk persoon
508/00;Segers;Daniel;12/08/1951;;602427691;Individueel;Verkeer & Inzittenden;Individueel Verkeer & Inzittenden AXA;Individueel Verkeer & Inzittenden AXA;daniel.segers@qollabi.com;AXA;Natuurlijk persoon
508/00;Segers;Daniel;12/08/1951;;602458112;Auto;Toerisme en Zaken, gemengd gebruik;Auto Toerisme en Zaken, gemengd gebruik AXA;Auto Toerisme en Zaken, gemengd gebruik AXA;daniel.segers@qollabi.com;AXA;Natuurlijk persoon
508/00;Segers;Daniel;12/08/1951;;800059569;Multi-takken;Gegroepeerde gezinspolissen Brand + andere (BA Gezin, ...);Multi-takken Gegroepeerde gezinspolissen Brand + andere (BA Gezin, ...) AXA;Multi-takken Gegroepeerde gezinspolissen Brand + andere (BA Gezin, ...) AXA;daniel.segers@qollabi.com;AXA;Natuurlijk persoon
508/01;Peeters;Kristien;26/03/1956;;1470848;Rechtsbijstand;Algemene rechtsbijstand (multi objecttype);Rechtsbijstand Algemene rechtsbijstand (multi objecttype) DAS;Rechtsbijstand Algemene rechtsbijstand (multi objecttype) DAS;kristien.peeters@qollabi.com;DAS;Natuurlijk persoon
508/01;Peeters;Kristien;26/03/1956;;5J19082;Auto;Toerisme en Zaken, gemengd gebruik;Auto Toerisme en Zaken, gemengd gebruik BALOISE INSURANCE;Auto Toerisme en Zaken, gemengd gebruik BALOISE INSURANCE;kristien.peeters@qollabi.com;BALOISE INSURANCE;Natuurlijk persoon
508/01;Peeters;Kristien;26/03/1956;;817238211;Brand eenvoudige risico's;Brand ER - woonhuizen;Brand eenvoudige risico's Brand ER - woonhuizen AXA;Brand eenvoudige risico's Brand ER - woonhuizen AXA;kristien.peeters@qollabi.com;AXA;Natuurlijk persoon
508/02;Diels;Gijs;16/02/1993;;1B20406;Leven en belegging;Individueel Leven Klassiek (Tak 21);Leven en belegging Individueel Leven Klassiek (Tak 21) BALOISE INSURANCE;Leven en belegging Individueel Leven Klassiek (Tak 21) BALOISE INSURANCE;gijs.diels@qollabi.com;BALOISE INSURANCE;Natuurlijk persoon
508/02;Diels;Gijs;16/02/1993;;2068529;Rechtsbijstand;Algemene rechtsbijstand (multi objecttype);Rechtsbijstand Algemene rechtsbijstand (multi objecttype) DAS;Rechtsbijstand Algemene rechtsbijstand (multi objecttype) DAS;gijs.diels@qollabi.com;DAS;Natuurlijk persoon
508/02;Diels;Gijs;16/02/1993;;356060961;Individueel;Hospitalisatie;Individueel Hospitalisatie DKV Belgium;Individueel Hospitalisatie DKV Belgium;gijs.diels@qollabi.com;DKV Belgium;Natuurlijk persoon
509/00;Leclercq;Dirk;02/07/1966;;1259486;Individueel;Hospitalisatie;Individueel Hospitalisatie AG INSURANCE;Individueel Hospitalisatie AG INSURANCE;roza.aerts@qollabi.com;AG INSURANCE;Natuurlijk persoon
509/00;Leclercq;Dirk;02/07/1966;;182238150115;Leven en belegging;Individueel Leven Klassiek (Tak 21);Leven en belegging Individueel Leven Klassiek (Tak 21) AG INSURANCE;Leven en belegging Individueel Leven Klassiek (Tak 21) AG INSURANCE;roza.aerts@qollabi.com;AG INSURANCE;Natuurlijk persoon
509/00;Leclercq;Dirk;02/07/1966;;502087141;BA particulieren;BA Privéleven;BA particulieren BA Privéleven AXA;BA particulieren BA Privéleven AXA;roza.aerts@qollabi.com;AXA;Natuurlijk persoon
509/01;Timmermans;Pegie;02/06/1969;;182238153145;Leven en belegging;Individueel Leven Klassiek (Tak 21);Leven en belegging Individueel Leven Klassiek (Tak 21) AG INSURANCE;Leven en belegging Individueel Leven Klassiek (Tak 21) AG INSURANCE;roza.aerts@qollabi.com;AG INSURANCE;Natuurlijk persoon
509/02;Apex Systems;;;;10363127;Leven en belegging;Individueel Leven met vrije stortingen (Tak21-Universal Life;Leven en belegging Individueel Leven met vrije stortingen (Tak21-Universal Life AG INSURANCE;Leven en belegging Individueel Leven met vrije stortingen (Tak21-Universal Life AG INSURANCE;roza.aerts@qollabi.com;AG INSURANCE;Rechtspersoon
509/02;Apex Systems;;;;12118090;Leven en belegging;Individueel Leven met vrije stortingen (Tak21-Universal Life;Leven en belegging Individueel Leven met vrije stortingen (Tak21-Universal Life AG INSURANCE;Leven en belegging Individueel Leven met vrije stortingen (Tak21-Universal Life AG INSURANCE;roza.aerts@qollabi.com;AG INSURANCE;Rechtspersoon
509/02;Apex Systems;;;;2097932;Brand eenvoudige risico's;Brand ER - handelshuizen;Brand eenvoudige risico's Brand ER - handelshuizen BALOISE INSURANCE;Brand eenvoudige risico's Brand ER - handelshuizen BALOISE INSURANCE;roza.aerts@qollabi.com;BALOISE INSURANCE;Rechtspersoon
509/02;Apex Systems;;;;2097933;Brand eenvoudige risico's;Bedrijfsschade;Brand eenvoudige risico's Bedrijfsschade BALOISE INSURANCE;Brand eenvoudige risico's Bedrijfsschade BALOISE INSURANCE;roza.aerts@qollabi.com;BALOISE INSURANCE;Rechtspersoon
509/02;Apex Systems;;;;2144220;Rechtsbijstand;Algemene rechtsbijstand (multi objecttype);Rechtsbijstand Algemene rechtsbijstand (multi objecttype) DAS;Rechtsbijstand Algemene rechtsbijstand (multi objecttype) DAS;roza.aerts@qollabi.com;DAS;Rechtspersoon
509/02;Apex Systems;;;;24.1840;Arbeidsongevallen en collectieve verzekeringen;Collectieve Hospitalisatie;Arbeidsongevallen en collectieve verzekeringen Collectieve Hospitalisatie AXA;Arbeidsongevallen en collectieve verzekeringen Collectieve Hospitalisatie AXA;roza.aerts@qollabi.com;AXA;Rechtspersoon
509/02;Apex Systems;;;;7E07062;Objectieve aansprakelijkheid en van onroerende goederen;Objectieve Aansprakelijkheid van uitbaters (wet 30/7/1979);Objectieve aansprakelijkheid en van onroerende goederen Objectieve Aansprakelijkheid van uitbaters (wet 30/7/1979) BALOISE INSURANCE;Objectieve aansprakelijkheid en van onroerende goederen Objectieve Aansprakelijkheid van uitbaters (wet 30/7/1979) BALOISE INSURANCE;roza.aerts@qollabi.com;BALOISE INSURANCE;Rechtspersoon
509/02;Apex Systems;;;;7E07956;BA andere dan particulieren;BA Onderneming;BA andere dan particulieren BA Onderneming BALOISE INSURANCE;BA andere dan particulieren BA Onderneming BALOISE INSURANCE;roza.aerts@qollabi.com;BALOISE INSURANCE;Rechtspersoon
509/02;Apex Systems;;;;9748938;Arbeidsongevallen en collectieve verzekeringen;Arbeidsongevallen (Wet);Arbeidsongevallen en collectieve verzekeringen Arbeidsongevallen (Wet) BALOISE INSURANCE;Arbeidsongevallen en collectieve verzekeringen Arbeidsongevallen (Wet) BALOISE INSURANCE;roza.aerts@qollabi.com;BALOISE INSURANCE;Rechtspersoon
511/00;Baert;Steven;30/10/1973;;1A68910;Leven en belegging;Individueel Leven Klassiek (Tak 21);Leven en belegging Individueel Leven Klassiek (Tak 21) BALOISE INSURANCE;Leven en belegging Individueel Leven Klassiek (Tak 21) BALOISE INSURANCE;steven.baert@qollabi.com;BALOISE INSURANCE;Natuurlijk persoon
511/00;Baert;Steven;30/10/1973;;1A72199;Leven en belegging;Individueel Leven Klassiek (Tak 21);Leven en belegging Individueel Leven Klassiek (Tak 21) BALOISE INSURANCE;Leven en belegging Individueel Leven Klassiek (Tak 21) BALOISE INSURANCE;steven.baert@qollabi.com;BALOISE INSURANCE;Natuurlijk persoon
511/00;Baert;Steven;30/10/1973;;272093131;Leven en belegging;Leven Groep loontrekkenden;Leven en belegging Leven Groep loontrekkenden AXA;Leven en belegging Leven Groep loontrekkenden AXA;steven.baert@qollabi.com;AXA;Natuurlijk persoon
511/00;Baert;Steven;30/10/1973;;311107931;Individueel;Hospitalisatie;Individueel Hospitalisatie DKV Belgium;Individueel Hospitalisatie DKV Belgium;steven.baert@qollabi.com;DKV Belgium;Natuurlijk persoon
511/00;Baert;Steven;30/10/1973;;3716274;Brand eenvoudige risico's;Brand ER - woonhuizen;Brand eenvoudige risico's Brand ER - woonhuizen BALOISE INSURANCE;Brand eenvoudige risico's Brand ER - woonhuizen BALOISE INSURANCE;steven.baert@qollabi.com;BALOISE INSURANCE;Natuurlijk persoon
511/00;Baert;Steven;30/10/1973;;5121786;Leven en belegging;Individueel Leven Klassiek (Tak 21);Leven en belegging Individueel Leven Klassiek (Tak 21) Cardif;Leven en belegging Individueel Leven Klassiek (Tak 21) Cardif;steven.baert@qollabi.com;Cardif;Natuurlijk persoon
511/00;Baert;Steven;30/10/1973;;5503085839;Leven en belegging;Individueel Leven (Meerdere Takken);Leven en belegging Individueel Leven (Meerdere Takken) VIVIUM;Leven en belegging Individueel Leven (Meerdere Takken) VIVIUM;steven.baert@qollabi.com;VIVIUM;Natuurlijk persoon
511/00;Baert;Steven;30/10/1973;;64248970;Arbeidsongevallen en collectieve verzekeringen;AO huispersoneel;Arbeidsongevallen en collectieve verzekeringen AO huispersoneel AG INSURANCE;Arbeidsongevallen en collectieve verzekeringen AO huispersoneel AG INSURANCE;steven.baert@qollabi.com;AG INSURANCE;Natuurlijk persoon
511/00;Baert;Steven;30/10/1973;;7243659854;Reis;Reisverzekeringen;Reis Reisverzekeringen EUROP ASSISTANCE BELGIUM;Reis Reisverzekeringen EUROP ASSISTANCE BELGIUM;steven.baert@qollabi.com;EUROP ASSISTANCE BELGIUM;Natuurlijk persoon
511/00;Baert;Steven;30/10/1973;;816980843;Brand eenvoudige risico's;Brand ER - woonhuizen;Brand eenvoudige risico's Brand ER - woonhuizen AXA;Brand eenvoudige risico's Brand ER - woonhuizen AXA;steven.baert@qollabi.com;AXA;Natuurlijk persoon
511/00;Baert;Steven;30/10/1973;;AE07083785;Leven en belegging;Individueel Leven Klassiek (Tak 21);Leven en belegging Individueel Leven Klassiek (Tak 21) AFER EUROPE;Leven en belegging Individueel Leven Klassiek (Tak 21) AFER EUROPE;steven.baert@qollabi.com;AFER EUROPE;Natuurlijk persoon
511/01;Mertens;Hilde;17/11/1966;;1042345;Rechtsbijstand;Algemene rechtsbijstand (multi objecttype);Rechtsbijstand Algemene rechtsbijstand (multi objecttype) DAS;Rechtsbijstand Algemene rechtsbijstand (multi objecttype) DAS;hilde.mertens@qollabi.com;DAS;Natuurlijk persoon
511/01;Mertens;Hilde;17/11/1966;;34158314;Leven en belegging;Individueel Leven Klassiek (Tak 21);Leven en belegging Individueel Leven Klassiek (Tak 21) AG INSURANCE;Leven en belegging Individueel Leven Klassiek (Tak 21) AG INSURANCE;hilde.mertens@qollabi.com;AG INSURANCE;Natuurlijk persoon
511/01;Mertens;Hilde;17/11/1966;;5121784;Leven en belegging;Individueel Leven Klassiek (Tak 21);Leven en belegging Individueel Leven Klassiek (Tak 21) Cardif;Leven en belegging Individueel Leven Klassiek (Tak 21) Cardif;hilde.mertens@qollabi.com;Cardif;Natuurlijk persoon
511/01;Mertens;Hilde;17/11/1966;;5503085840;Leven en belegging;Individueel Leven (Meerdere Takken);Leven en belegging Individueel Leven (Meerdere Takken) VIVIUM;Leven en belegging Individueel Leven (Meerdere Takken) VIVIUM;hilde.mertens@qollabi.com;VIVIUM;Natuurlijk persoon
511/01;Mertens;Hilde;17/11/1966;;5619371;Leven en belegging;Individueel Leven Klassiek (Tak 21);Leven en belegging Individueel Leven Klassiek (Tak 21) AG INSURANCE;Leven en belegging Individueel Leven Klassiek (Tak 21) AG INSURANCE;hilde.mertens@qollabi.com;AG INSURANCE;Natuurlijk persoon
511/01;Mertens;Hilde;17/11/1966;;5N40175;Auto;Toerisme en Zaken, gemengd gebruik;Auto Toerisme en Zaken, gemengd gebruik BALOISE INSURANCE;Auto Toerisme en Zaken, gemengd gebruik BALOISE INSURANCE;hilde.mertens@qollabi.com;BALOISE INSURANCE;Natuurlijk persoon
511/01;Mertens;Hilde;17/11/1966;;60320260;BA andere dan particulieren;BA Beroep (Intellectuele, Vrije, Commerciële);BA andere dan particulieren BA Beroep (Intellectuele, Vrije, Commerciële) AG INSURANCE;BA andere dan particulieren BA Beroep (Intellectuele, Vrije, Commerciële) AG INSURANCE;hilde.mertens@qollabi.com;AG INSURANCE;Natuurlijk persoon
511/01;Mertens;Hilde;17/11/1966;;7F56343;BA particulieren;BA Privéleven;BA particulieren BA Privéleven BALOISE INSURANCE;BA particulieren BA Privéleven BALOISE INSURANCE;hilde.mertens@qollabi.com;BALOISE INSURANCE;Natuurlijk persoon
511/01;Mertens;Hilde;17/11/1966;;8693556;Auto;Toerisme en Zaken, gemengd gebruik;Auto Toerisme en Zaken, gemengd gebruik BALOISE INSURANCE;Auto Toerisme en Zaken, gemengd gebruik BALOISE INSURANCE;hilde.mertens@qollabi.com;BALOISE INSURANCE;Natuurlijk persoon
511/01;Mertens;Hilde;17/11/1966;;AE7083793;Leven en belegging;Individueel Leven Klassiek (Tak 21);Leven en belegging Individueel Leven Klassiek (Tak 21) AFER EUROPE;Leven en belegging Individueel Leven Klassiek (Tak 21) AFER EUROPE;hilde.mertens@qollabi.com;AFER EUROPE;Natuurlijk persoon
511/01;Mertens;Hilde;17/11/1966;;HP-9300204;Leven en belegging;Individueel Leven Klassiek (Tak 21);Leven en belegging Individueel Leven Klassiek (Tak 21) BALOISE(ex-Fidea);Leven en belegging Individueel Leven Klassiek (Tak 21) BALOISE(ex-Fidea);hilde.mertens@qollabi.com;BALOISE(ex-Fidea);Natuurlijk persoon
511/01;Mertens;Hilde;17/11/1966;;HP-9300205;Leven en belegging;Individueel Leven Klassiek (Tak 21);Leven en belegging Individueel Leven Klassiek (Tak 21) BALOISE(ex-Fidea);Leven en belegging Individueel Leven Klassiek (Tak 21) BALOISE(ex-Fidea);hilde.mertens@qollabi.com;BALOISE(ex-Fidea);Natuurlijk persoon
511/02;Maes;kinderen;;;I190002263;Leven en belegging;Individueel Leven Klassiek (Tak 21);Leven en belegging Individueel Leven Klassiek (Tak 21) AFER EUROPE;Leven en belegging Individueel Leven Klassiek (Tak 21) AFER EUROPE;;AFER EUROPE;Natuurlijk persoon
511/02;Maes;kinderen;;;I190002264;Leven en belegging;Individueel Leven Klassiek (Tak 21);Leven en belegging Individueel Leven Klassiek (Tak 21) AFER EUROPE;Leven en belegging Individueel Leven Klassiek (Tak 21) AFER EUROPE;;AFER EUROPE;Natuurlijk persoon
512/00;De Smedt;Johan;20/02/1966;;1024018;Rechtsbijstand;Algemene rechtsbijstand (multi objecttype);Rechtsbijstand Algemene rechtsbijstand (multi objecttype) DAS;Rechtsbijstand Algemene rechtsbijstand (multi objecttype) DAS;johan.desmedt@qollabi.com;DAS;Natuurlijk persoon
512/00;De Smedt;Johan;20/02/1966;;10384291;Leven en belegging;Individueel Leven met vrije stortingen (Tak21-Universal Life;Leven en belegging Individueel Leven met vrije stortingen (Tak21-Universal Life AG INSURANCE;Leven en belegging Individueel Leven met vrije stortingen (Tak21-Universal Life AG INSURANCE;johan.desmedt@qollabi.com;AG INSURANCE;Natuurlijk persoon
512/00;De Smedt;Johan;20/02/1966;;502085276;BA particulieren;BA Privéleven;BA particulieren BA Privéleven AXA;BA particulieren BA Privéleven AXA;johan.desmedt@qollabi.com;AXA;Natuurlijk persoon
512/00;De Smedt;Johan;20/02/1966;;802212003;Brand eenvoudige risico's;Brand ER - woonhuizen;Brand eenvoudige risico's Brand ER - woonhuizen AXA;Brand eenvoudige risico's Brand ER - woonhuizen AXA;johan.desmedt@qollabi.com;AXA;Natuurlijk persoon
512/01;Devos;Hilde;08/10/1964;;10384287;Leven en belegging;Individueel Leven met vrije stortingen (Tak21-Universal Life;Leven en belegging Individueel Leven met vrije stortingen (Tak21-Universal Life AG INSURANCE;Leven en belegging Individueel Leven met vrije stortingen (Tak21-Universal Life AG INSURANCE;johan.desmedt@qollabi.com;AG INSURANCE;Natuurlijk persoon
514/00;Van Damme;Peter;18/01/1967;;1021750;Rechtsbijstand;Algemene rechtsbijstand (multi objecttype);Rechtsbijstand Algemene rechtsbijstand (multi objecttype) DAS;Rechtsbijstand Algemene rechtsbijstand (multi objecttype) DAS;peter.vandamme@qollabi.com;DAS;Natuurlijk persoon
514/00;Van Damme;Peter;18/01/1967;;10578817;Leven en belegging;Individueel Leven met vrije stortingen (Tak21-Universal Life;Leven en belegging Individueel Leven met vrije stortingen (Tak21-Universal Life AG INSURANCE;Leven en belegging Individueel Leven met vrije stortingen (Tak21-Universal Life AG INSURANCE;peter.vandamme@qollabi.com;AG INSURANCE;Natuurlijk persoon
514/00;Van Damme;Peter;18/01/1967;;2176549;Brand eenvoudige risico's;Brand ER - woonhuizen;Brand eenvoudige risico's Brand ER - woonhuizen BALOISE INSURANCE;Brand eenvoudige risico's Brand ER - woonhuizen BALOISE INSURANCE;peter.vandamme@qollabi.com;BALOISE INSURANCE;Natuurlijk persoon
514/00;Van Damme;Peter;18/01/1967;;293386711;Individueel;Hospitalisatie;Individueel Hospitalisatie DKV Belgium;Individueel Hospitalisatie DKV Belgium;peter.vandamme@qollabi.com;DKV Belgium;Natuurlijk persoon
514/00;Van Damme;Peter;18/01/1967;;5I01497;Auto;Toerisme en Zaken, gemengd gebruik;Auto Toerisme en Zaken, gemengd gebruik BALOISE INSURANCE;Auto Toerisme en Zaken, gemengd gebruik BALOISE INSURANCE;peter.vandamme@qollabi.com;BALOISE INSURANCE;Natuurlijk persoon
514/00;Van Damme;Peter;18/01/1967;;7105757;BA particulieren;BA Privéleven;BA particulieren BA Privéleven BALOISE INSURANCE;BA particulieren BA Privéleven BALOISE INSURANCE;peter.vandamme@qollabi.com;BALOISE INSURANCE;Natuurlijk persoon
514/00;Van Damme;Peter;18/01/1967;;7623268;Individueel;Verkeer & Inzittenden;Individueel Verkeer & Inzittenden BALOISE INSURANCE;Individueel Verkeer & Inzittenden BALOISE INSURANCE;peter.vandamme@qollabi.com;BALOISE INSURANCE;Natuurlijk persoon
514/01;Maes;Suzanne;15/02/1971;;1559668;Leven en belegging;Individueel Leven Klassiek (Tak 21);Leven en belegging Individueel Leven Klassiek (Tak 21) BALOISE INSURANCE;Leven en belegging Individueel Leven Klassiek (Tak 21) BALOISE INSURANCE;;BALOISE INSURANCE;Natuurlijk persoon
515/02;De Cock;;;;7B12230;BA particulieren;BA Gebouw en aanverwanten;BA particulieren BA Gebouw en aanverwanten BALOISE INSURANCE;BA particulieren BA Gebouw en aanverwanten BALOISE INSURANCE;decock@qollabi.com;BALOISE INSURANCE;Groepering van natuurlijke en/of rechtspersonen
526/00;Dupont;Olivier;20/09/1975;;10642065;Leven en belegging;Individueel Leven met vrije stortingen (Tak21-Universal Life;Leven en belegging Individueel Leven met vrije stortingen (Tak21-Universal Life AG INSURANCE;Leven en belegging Individueel Leven met vrije stortingen (Tak21-Universal Life AG INSURANCE;olivier.dupont@qollabi.com;AG INSURANCE;Natuurlijk persoon
526/00;Dupont;Olivier;20/09/1975;;1259681;Individueel;Hospitalisatie;Individueel Hospitalisatie AG INSURANCE;Individueel Hospitalisatie AG INSURANCE;olivier.dupont@qollabi.com;AG INSURANCE;Natuurlijk persoon
526/00;Dupont;Olivier;20/09/1975;;623813462;Auto;Toerisme en Zaken, gemengd gebruik;Auto Toerisme en Zaken, gemengd gebruik AXA;Auto Toerisme en Zaken, gemengd gebruik AXA;olivier.dupont@qollabi.com;AXA;Natuurlijk persoon
526/00;Dupont;Olivier;20/09/1975;;623860139;Auto;Motorfietsen;Auto Motorfietsen AXA;Auto Motorfietsen AXA;olivier.dupont@qollabi.com;AXA;Natuurlijk persoon
526/00;Dupont;Olivier;20/09/1975;;624239701;Auto;Toerisme en Zaken, gemengd gebruik;Auto Toerisme en Zaken, gemengd gebruik AXA;Auto Toerisme en Zaken, gemengd gebruik AXA;olivier.dupont@qollabi.com;AXA;Natuurlijk persoon
526/00;Dupont;Olivier;20/09/1975;;624298029;Auto;Lichte Vrachtwagens;Auto Lichte Vrachtwagens AXA;Auto Lichte Vrachtwagens AXA;olivier.dupont@qollabi.com;AXA;Natuurlijk persoon
526/00;Dupont;Olivier;20/09/1975;;624306579;Auto;Toerisme en Zaken, gemengd gebruik;Auto Toerisme en Zaken, gemengd gebruik AXA;Auto Toerisme en Zaken, gemengd gebruik AXA;olivier.dupont@qollabi.com;AXA;Natuurlijk persoon
526/00;Dupont;Olivier;20/09/1975;;6602088;Bijstand;Bijstand (CBFA 18);Bijstand Bijstand (CBFA 18) ASSUDIS;Bijstand Bijstand (CBFA 18) ASSUDIS;olivier.dupont@qollabi.com;ASSUDIS;Natuurlijk persoon
526/00;Dupont;Olivier;20/09/1975;;68000029435;Diversen;Reisverzekeringen;Diversen Reisverzekeringen ALLIANZ  PARTNERS;Diversen Reisverzekeringen ALLIANZ  PARTNERS;olivier.dupont@qollabi.com;ALLIANZ  PARTNERS;Natuurlijk persoon
526/00;Dupont;Olivier;20/09/1975;;7991623;BA particulieren;BA Privéleven;BA particulieren BA Privéleven BALOISE INSURANCE;BA particulieren BA Privéleven BALOISE INSURANCE;olivier.dupont@qollabi.com;BALOISE INSURANCE;Natuurlijk persoon
526/00;Dupont;Olivier;20/09/1975;;8013589;Rechtsbijstand;Rechtsbijstand Privéleven (eventueel met Auto);Rechtsbijstand Rechtsbijstand Privéleven (eventueel met Auto) ARAG;Rechtsbijstand Rechtsbijstand Privéleven (eventueel met Auto) ARAG;olivier.dupont@qollabi.com;ARAG;Natuurlijk persoon
526/00;Dupont;Olivier;20/09/1975;;AE07158959;Leven en belegging;Individueel Leven Klassiek (Tak 21);Leven en belegging Individueel Leven Klassiek (Tak 21) AFER EUROPE;Leven en belegging Individueel Leven Klassiek (Tak 21) AFER EUROPE;olivier.dupont@qollabi.com;AFER EUROPE;Natuurlijk persoon
526/02;Apex Services;;;;1110513;Rechtsbijstand;Algemene rechtsbijstand (multi objecttype);Rechtsbijstand Algemene rechtsbijstand (multi objecttype) DAS;Rechtsbijstand Algemene rechtsbijstand (multi objecttype) DAS;olivier.dupont@qollabi.com;DAS;Rechtspersoon
526/02;Apex Services;;;;2726289;Brand eenvoudige risico's;Brand ER - handelshuizen;Brand eenvoudige risico's Brand ER - handelshuizen BALOISE INSURANCE;Brand eenvoudige risico's Brand ER - handelshuizen BALOISE INSURANCE;olivier.dupont@qollabi.com;BALOISE INSURANCE;Rechtspersoon
526/02;Apex Services;;;;618585877;Auto;Toerisme en Zaken, gemengd gebruik;Auto Toerisme en Zaken, gemengd gebruik AXA;Auto Toerisme en Zaken, gemengd gebruik AXA;olivier.dupont@qollabi.com;AXA;Rechtspersoon
526/02;Apex Services;;;;730123295;BA andere dan particulieren;BA Beroep (Intellectuele, Vrije, Commerciële);BA andere dan particulieren BA Beroep (Intellectuele, Vrije, Commerciële) AXA;BA andere dan particulieren BA Beroep (Intellectuele, Vrije, Commerciële) AXA;olivier.dupont@qollabi.com;AXA;Rechtspersoon
528/00;Martens;Maria;19/03/1945;;DPL020013059;Leven en belegging;Andere Verrichtingen Leven (Takken 22, 24-29);Leven en belegging Andere Verrichtingen Leven (Takken 22, 24-29) Credimo;Leven en belegging Andere Verrichtingen Leven (Takken 22, 24-29) Credimo;maria.martens@qollabi.com;Credimo;Natuurlijk persoon
528/01;De Smedt;Alfons;28/02/1946;;902671;Rechtsbijstand;Algemene rechtsbijstand (multi objecttype);Rechtsbijstand Algemene rechtsbijstand (multi objecttype) DAS;Rechtsbijstand Algemene rechtsbijstand (multi objecttype) DAS;alfons.desmedt@qollabi.com;DAS;Natuurlijk persoon
528/01;De Smedt;Alfons;28/02/1946;;7744833;BA particulieren;BA Privéleven;BA particulieren BA Privéleven BALOISE INSURANCE;BA particulieren BA Privéleven BALOISE INSURANCE;alfons.desmedt@qollabi.com;BALOISE INSURANCE;Natuurlijk persoon
528/01;De Smedt;Alfons;28/02/1946;;817004972;Brand eenvoudige risico's;Brand ER - woonhuizen;Brand eenvoudige risico's Brand ER - woonhuizen AXA;Brand eenvoudige risico's Brand ER - woonhuizen AXA;alfons.desmedt@qollabi.com;AXA;Natuurlijk persoon
528/01;De Smedt;Alfons;28/02/1946;;8589818;Auto;Toerisme en Zaken, gemengd gebruik;Auto Toerisme en Zaken, gemengd gebruik BALOISE INSURANCE;Auto Toerisme en Zaken, gemengd gebruik BALOISE INSURANCE;alfons.desmedt@qollabi.com;BALOISE INSURANCE;Natuurlijk persoon
529/01;Nuyts;Hilde;28/04/1965;;1060702;Rechtsbijstand;Algemene rechtsbijstand (multi objecttype);Rechtsbijstand Algemene rechtsbijstand (multi objecttype) DAS;Rechtsbijstand Algemene rechtsbijstand (multi objecttype) DAS;hilde.nuyts@qollabi.com;DAS;Natuurlijk persoon
529/01;Nuyts;Hilde;28/04/1965;;12440245;Leven en belegging;Individueel Leven met vrije stortingen (Tak21-Universal Life;Leven en belegging Individueel Leven met vrije stortingen (Tak21-Universal Life AG INSURANCE;Leven en belegging Individueel Leven met vrije stortingen (Tak21-Universal Life AG INSURANCE;hilde.nuyts@qollabi.com;AG INSURANCE;Natuurlijk persoon
529/01;Nuyts;Hilde;28/04/1965;;142120901347;Leven en belegging;Leven Collectief (Tak 21);Leven en belegging Leven Collectief (Tak 21) Patronale Life;Leven en belegging Leven Collectief (Tak 21) Patronale Life;hilde.nuyts@qollabi.com;Patronale Life;Natuurlijk persoon
529/01;Nuyts;Hilde;28/04/1965;;200825341;Individueel;Hospitalisatie;Individueel Hospitalisatie DKV Belgium;Individueel Hospitalisatie DKV Belgium;hilde.nuyts@qollabi.com;DKV Belgium;Natuurlijk persoon
529/01;Nuyts;Hilde;28/04/1965;;601029112;Auto;Toerisme en Zaken, gemengd gebruik;Auto Toerisme en Zaken, gemengd gebruik AXA;Auto Toerisme en Zaken, gemengd gebruik AXA;hilde.nuyts@qollabi.com;AXA;Natuurlijk persoon
529/01;Nuyts;Hilde;28/04/1965;;7L58142;Individueel;Verkeer & Inzittenden;Individueel Verkeer & Inzittenden BALOISE INSURANCE;Individueel Verkeer & Inzittenden BALOISE INSURANCE;hilde.nuyts@qollabi.com;BALOISE INSURANCE;Natuurlijk persoon
530/00;Fierens;Joanna;12/08/1932;;811751596;Multi-takken;Gegroepeerde gezinspolissen Brand + andere (BA Gezin, ...);Multi-takken Gegroepeerde gezinspolissen Brand + andere (BA Gezin, ...) AXA;Multi-takken Gegroepeerde gezinspolissen Brand + andere (BA Gezin, ...) AXA;hilde.nuyts@qollabi.com;AXA;Natuurlijk persoon
533/00;Eeckhout;Emmanuel;24/09/1963;;941696;Rechtsbijstand;Algemene rechtsbijstand (multi objecttype);Rechtsbijstand Algemene rechtsbijstand (multi objecttype) DAS;Rechtsbijstand Algemene rechtsbijstand (multi objecttype) DAS;emmanuel.eeckhout@qollabi.com;DAS;Natuurlijk persoon
533/00;Eeckhout;Emmanuel;24/09/1963;;10721096;Leven en belegging;Individueel Leven met vrije stortingen (Tak21-Universal Life;Leven en belegging Individueel Leven met vrije stortingen (Tak21-Universal Life AG INSURANCE;Leven en belegging Individueel Leven met vrije stortingen (Tak21-Universal Life AG INSURANCE;emmanuel.eeckhout@qollabi.com;AG INSURANCE;Natuurlijk persoon
533/00;Eeckhout;Emmanuel;24/09/1963;;201439401;Individueel;Hospitalisatie;Individueel Hospitalisatie DKV Belgium;Individueel Hospitalisatie DKV Belgium;emmanuel.eeckhout@qollabi.com;DKV Belgium;Natuurlijk persoon
533/00;Eeckhout;Emmanuel;24/09/1963;;6000184020;Multi-takken;Multi-tak (Particulieren);Multi-takken Multi-tak (Particulieren) EUROP ASSISTANCE BELGIUM;Multi-takken Multi-tak (Particulieren) EUROP ASSISTANCE BELGIUM;emmanuel.eeckhout@qollabi.com;EUROP ASSISTANCE BELGIUM;Natuurlijk persoon
533/00;Eeckhout;Emmanuel;24/09/1963;;8340097374;BA particulieren;BA Privéleven;BA particulieren BA Privéleven VIVIUM;BA particulieren BA Privéleven VIVIUM;emmanuel.eeckhout@qollabi.com;VIVIUM;Natuurlijk persoon
533/02;Gamma Partners;;;;1627980;Rechtsbijstand;Algemene rechtsbijstand (multi objecttype);Rechtsbijstand Algemene rechtsbijstand (multi objecttype) DAS;Rechtsbijstand Algemene rechtsbijstand (multi objecttype) DAS;emmanuel.eeckhout@qollabi.com;DAS;Rechtspersoon
533/02;Gamma Partners;;;;5C10396;Auto;Lichte Vrachtwagens;Auto Lichte Vrachtwagens BALOISE INSURANCE;Auto Lichte Vrachtwagens BALOISE INSURANCE;emmanuel.eeckhout@qollabi.com;BALOISE INSURANCE;Rechtspersoon
533/02;Gamma Partners;;;;5E84054;Auto;Motorfietsen;Auto Motorfietsen BALOISE INSURANCE;Auto Motorfietsen BALOISE INSURANCE;emmanuel.eeckhout@qollabi.com;BALOISE INSURANCE;Rechtspersoon
533/02;Gamma Partners;;;;5W27792;Auto;Motorfietsen;Auto Motorfietsen BALOISE INSURANCE;Auto Motorfietsen BALOISE INSURANCE;emmanuel.eeckhout@qollabi.com;BALOISE INSURANCE;Rechtspersoon
533/02;Gamma Partners;;;;7L82696;Individueel;Verkeer & Inzittenden;Individueel Verkeer & Inzittenden BALOISE INSURANCE;Individueel Verkeer & Inzittenden BALOISE INSURANCE;emmanuel.eeckhout@qollabi.com;BALOISE INSURANCE;Rechtspersoon
536/00;Peeraer;Stijn;18/09/1986;;3560008417;Leven en belegging;Individueel Leven Klassiek (Tak 21);Leven en belegging Individueel Leven Klassiek (Tak 21) AG INSURANCE;Leven en belegging Individueel Leven Klassiek (Tak 21) AG INSURANCE;stijn.peeraer@qollabi.com;AG INSURANCE;Natuurlijk persoon
536/00;Peeraer;Stijn;18/09/1986;;3560251119;Leven en belegging;Individueel Leven Klassiek (Tak 21);Leven en belegging Individueel Leven Klassiek (Tak 21) AG INSURANCE;Leven en belegging Individueel Leven Klassiek (Tak 21) AG INSURANCE;stijn.peeraer@qollabi.com;AG INSURANCE;Natuurlijk persoon
536/00;Peeraer;Stijn;18/09/1986;;1058362;Rechtsbijstand;Algemene rechtsbijstand (multi objecttype);Rechtsbijstand Algemene rechtsbijstand (multi objecttype) DAS;Rechtsbijstand Algemene rechtsbijstand (multi objecttype) DAS;stijn.peeraer@qollabi.com;DAS;Natuurlijk persoon
536/00;Peeraer;Stijn;18/09/1986;;11060778;Leven en belegging;Individueel Leven met vrije stortingen (Tak21-Universal Life;Leven en belegging Individueel Leven met vrije stortingen (Tak21-Universal Life AG INSURANCE;Leven en belegging Individueel Leven met vrije stortingen (Tak21-Universal Life AG INSURANCE;stijn.peeraer@qollabi.com;AG INSURANCE;Natuurlijk persoon
536/00;Peeraer;Stijn;18/09/1986;;11598175;Leven en belegging;Individueel Leven met vrije stortingen (Tak21-Universal Life;Leven en belegging Individueel Leven met vrije stortingen (Tak21-Universal Life AG INSURANCE;Leven en belegging Individueel Leven met vrije stortingen (Tak21-Universal Life AG INSURANCE;stijn.peeraer@qollabi.com;AG INSURANCE;Natuurlijk persoon
536/00;Peeraer;Stijn;18/09/1986;;328949171;Individueel;Hospitalisatie;Individueel Hospitalisatie DKV Belgium;Individueel Hospitalisatie DKV Belgium;stijn.peeraer@qollabi.com;DKV Belgium;Natuurlijk persoon
536/00;Peeraer;Stijn;18/09/1986;;50864169;Brand eenvoudige risico's;Brand ER - woonhuizen;Brand eenvoudige risico's Brand ER - woonhuizen AG INSURANCE;Brand eenvoudige risico's Brand ER - woonhuizen AG INSURANCE;stijn.peeraer@qollabi.com;AG INSURANCE;Natuurlijk persoon
536/00;Peeraer;Stijn;18/09/1986;;5V48337;Auto;Lichte Vrachtwagens;Auto Lichte Vrachtwagens BALOISE INSURANCE;Auto Lichte Vrachtwagens BALOISE INSURANCE;stijn.peeraer@qollabi.com;BALOISE INSURANCE;Natuurlijk persoon
536/00;Peeraer;Stijn;18/09/1986;;7G32082;BA particulieren;BA Privéleven;BA particulieren BA Privéleven BALOISE INSURANCE;BA particulieren BA Privéleven BALOISE INSURANCE;stijn.peeraer@qollabi.com;BALOISE INSURANCE;Natuurlijk persoon
536/01;Brouwers;Cindy;28/09/1987;;623154384;Auto;Toerisme en Zaken, gemengd gebruik;Auto Toerisme en Zaken, gemengd gebruik AXA;Auto Toerisme en Zaken, gemengd gebruik AXA;cindy.brouwers@qollabi.com;AXA;Natuurlijk persoon
538/00;Goossens;Gunther;26/05/1976;;304924631;Individueel;Hospitalisatie;Individueel Hospitalisatie DKV Belgium;Individueel Hospitalisatie DKV Belgium;;DKV Belgium;Natuurlijk persoon
540/00;Hermans;Joris;08/01/1960;;66466653;BA andere dan particulieren;BA Medische Beroepen;BA andere dan particulieren BA Medische Beroepen AG INSURANCE;BA andere dan particulieren BA Medische Beroepen AG INSURANCE;;AG INSURANCE;Natuurlijk persoon
543/02;Kerkhofs;Dimitri;13/03/1973;;291511721;Individueel;Hospitalisatie;Individueel Hospitalisatie DKV Belgium;Individueel Hospitalisatie DKV Belgium;dimitri.kerkhofs@qollabi.com;DKV Belgium;Natuurlijk persoon
544/01;Fierens;Karina;10/02/1961;;10507837;Leven en belegging;Individueel Leven met vrije stortingen (Tak21-Universal Life;Leven en belegging Individueel Leven met vrije stortingen (Tak21-Universal Life AG INSURANCE;Leven en belegging Individueel Leven met vrije stortingen (Tak21-Universal Life AG INSURANCE;;AG INSURANCE;Natuurlijk persoon
544/01;Fierens;Karina;10/02/1961;;5611045;Leven en belegging;Individueel Leven Klassiek (Tak 21);Leven en belegging Individueel Leven Klassiek (Tak 21) Cardif;Leven en belegging Individueel Leven Klassiek (Tak 21) Cardif;;Cardif;Natuurlijk persoon
547/00;Coppens;Bart;20/04/1971;;10693979;Leven en belegging;Individueel Leven met vrije stortingen (Tak21-Universal Life;Leven en belegging Individueel Leven met vrije stortingen (Tak21-Universal Life AG INSURANCE;Leven en belegging Individueel Leven met vrije stortingen (Tak21-Universal Life AG INSURANCE;bart.coppens@qollabi.com;AG INSURANCE;Natuurlijk persoon
547/00;Coppens;Bart;20/04/1971;;5K21034;Auto;Toerisme en Zaken, gemengd gebruik;Auto Toerisme en Zaken, gemengd gebruik BALOISE INSURANCE;Auto Toerisme en Zaken, gemengd gebruik BALOISE INSURANCE;bart.coppens@qollabi.com;BALOISE INSURANCE;Natuurlijk persoon
547/00;Coppens;Bart;20/04/1971;;64113788;BA particulieren;BA Privéleven;BA particulieren BA Privéleven AG INSURANCE;BA particulieren BA Privéleven AG INSURANCE;bart.coppens@qollabi.com;AG INSURANCE;Natuurlijk persoon
547/01;Desmet;Erika;28/05/1974;;1011708;Rechtsbijstand;Algemene rechtsbijstand (multi objecttype);Rechtsbijstand Algemene rechtsbijstand (multi objecttype) DAS;Rechtsbijstand Algemene rechtsbijstand (multi objecttype) DAS;bart.coppens@qollabi.com;DAS;Natuurlijk persoon
547/01;Desmet;Erika;28/05/1974;;10693943;Leven en belegging;Individueel Leven met vrije stortingen (Tak21-Universal Life;Leven en belegging Individueel Leven met vrije stortingen (Tak21-Universal Life AG INSURANCE;Leven en belegging Individueel Leven met vrije stortingen (Tak21-Universal Life AG INSURANCE;bart.coppens@qollabi.com;AG INSURANCE;Natuurlijk persoon
547/01;Desmet;Erika;28/05/1974;;NCN101102844;Auto;Toerisme en Zaken, gemengd gebruik;Auto Toerisme en Zaken, gemengd gebruik ALLIANZ;Auto Toerisme en Zaken, gemengd gebruik ALLIANZ;bart.coppens@qollabi.com;ALLIANZ;Natuurlijk persoon
547/01;Desmet;Erika;28/05/1974;;NCN101102845;Auto;Toerisme en Zaken, gemengd gebruik;Auto Toerisme en Zaken, gemengd gebruik ALLIANZ;Auto Toerisme en Zaken, gemengd gebruik ALLIANZ;bart.coppens@qollabi.com;ALLIANZ;Natuurlijk persoon
548/00;Eeckhout;Ivonne;06/08/1930;;269502871;Individueel;Hospitalisatie;Individueel Hospitalisatie DKV Belgium;Individueel Hospitalisatie DKV Belgium;;DKV Belgium;Natuurlijk persoon
548/00;Eeckhout;Ivonne;06/08/1930;;7I55215;BA particulieren;BA Privéleven;BA particulieren BA Privéleven BALOISE INSURANCE;BA particulieren BA Privéleven BALOISE INSURANCE;;BALOISE INSURANCE;Natuurlijk persoon
549/00;Michiels;Leo;06/05/1955;;2003990;Rechtsbijstand;Algemene rechtsbijstand (multi objecttype);Rechtsbijstand Algemene rechtsbijstand (multi objecttype) DAS;Rechtsbijstand Algemene rechtsbijstand (multi objecttype) DAS;leo.michiels@qollabi.com;DAS;Natuurlijk persoon
